Two Well Example for GSLIB
9
Well Number
X Position
Depth
Elevation
facies
VCLAY
Porosity
Permeability
Log10 Permeability
1   0.0    0.00    0.00 1 0.428  0.143    -9.990 -9.990
1   0.0    0.10   -0.10 1 0.432  0.130    -9.990 -9.990
1   0.0    0.20   -0.20 1 0.434  0.120    -9.990 -9.990
1   0.0    0.30   -0.30 1 0.437  0.110    -9.990 -9.990
1   0.0    0.40   -0.40 1 0.455  0.099    -9.990 -9.990
1   0.0    0.50   -0.50 1 0.482  0.087    -9.990 -9.990
1   0.0    0.60   -0.60 1 0.504  0.079    -9.990 -9.990
1   0.0    0.70   -0.70 1 0.504  0.083    -9.990 -9.990
1   0.0    0.80   -0.80 1 0.487  0.093    -9.990 -9.990
1   0.0    0.90   -0.90 1 0.468  0.099    -9.990 -9.990
1   0.0    1.00   -1.00 1 0.452  0.100    -9.990 -9.990
1   0.0    1.10   -1.10 1 0.450  0.087    -9.990 -9.990
1   0.0    1.20   -1.20 1 0.459  0.068    -9.990 -9.990
1   0.0    1.30   -1.30 1 0.476  0.046    -9.990 -9.990
1   0.0    1.40   -1.40 1 0.484  0.034    -9.990 -9.990
1   0.0    1.50   -1.50 1 0.468  0.039    -9.990 -9.990
1   0.0    1.60   -1.60 1 0.448  0.046    -9.990 -9.990
1   0.0    1.70   -1.70 1 0.445  0.046    -9.990 -9.990
1   0.0    1.80   -1.80 1 0.439  0.049    -9.990 -9.990
1   0.0    1.90   -1.90 1 0.422  0.060    -9.990 -9.990
1   0.0    2.00   -2.00 1 0.390  0.079    -9.990 -9.990
1   0.0    2.10   -2.10 1 0.372  0.101    -9.990 -9.990
1   0.0    2.20   -2.20 1 0.345  0.132    -9.990 -9.990
1   0.0    2.30   -2.30 1 0.309  0.168    38.665  1.587
1   0.0    2.40   -2.40 0 0.255  0.204   322.248  2.508
1   0.0    2.50   -2.50 0 0.269  0.209   242.343  2.384
1   0.0    2.60   -2.60 1 0.308  0.197    61.141  1.786
1   0.0    2.70   -2.70 1 0.342  0.174     8.108  0.909
1   0.0    2.80   -2.80 1 0.373  0.150    -9.990 -9.990
1   0.0    2.90   -2.90 1 0.397  0.132    -9.990 -9.990
1   0.0    3.00   -3.00 1 0.411  0.121    -9.990 -9.990
1   0.0    3.10   -3.10 1 0.404  0.127    -9.990 -9.990
1   0.0    3.20   -3.20 1 0.395  0.134    -9.990 -9.990
1   0.0    3.30   -3.30 1 0.385  0.141    -9.990 -9.990
1   0.0    3.40   -3.40 1 0.381  0.141    -9.990 -9.990
1   0.0    3.50   -3.50 1 0.373  0.142    -9.990 -9.990
1   0.0    3.60   -3.60 1 0.362  0.142    -9.990 -9.990
1   0.0    3.70   -3.70 1 0.348  0.143    -9.990 -9.990
1   0.0    3.80   -3.80 1 0.345  0.142    -9.990 -9.990
1   0.0    3.90   -3.90 1 0.341  0.141    -9.990 -9.990
1   0.0    4.00   -4.00 1 0.336  0.141    -9.990 -9.990
1   0.0    4.10   -4.10 1 0.335  0.137    -9.990 -9.990
1   0.0    4.20   -4.20 1 0.329  0.138    -9.990 -9.990
1   0.0    4.30   -4.30 1 0.319  0.141    -9.990 -9.990
1   0.0    4.40   -4.40 1 0.318  0.143    -9.990 -9.990
1   0.0    4.50   -4.50 1 0.324  0.142    -9.990 -9.990
1   0.0    4.60   -4.60 1 0.331  0.140    -9.990 -9.990
1   0.0    4.70   -4.70 1 0.336  0.138    -9.990 -9.990
1   0.0    4.80   -4.80 1 0.346  0.138    -9.990 -9.990
1   0.0    4.90   -4.90 1 0.362  0.136    -9.990 -9.990
1   0.0    5.00   -5.00 1 0.385  0.132    -9.990 -9.990
1   0.0    5.10   -5.10 1 0.392  0.133    -9.990 -9.990
1   0.0    5.20   -5.20 1 0.383  0.142    -9.990 -9.990
1   0.0    5.30   -5.30 1 0.363  0.153    -9.990 -9.990
1   0.0    5.40   -5.40 1 0.355  0.154    -9.990 -9.990
1   0.0    5.50   -5.50 1 0.358  0.149    -9.990 -9.990
1   0.0    5.60   -5.60 1 0.366  0.142    -9.990 -9.990
1   0.0    5.70   -5.70 1 0.374  0.137    -9.990 -9.990
1   0.0    5.80   -5.80 1 0.392  0.128    -9.990 -9.990
1   0.0    5.90   -5.90 1 0.405  0.122    -9.990 -9.990
1   0.0    6.00   -6.00 1 0.411  0.120    -9.990 -9.990
1   0.0    6.10   -6.10 1 0.393  0.129    -9.990 -9.990
1   0.0    6.20   -6.20 1 0.390  0.128    -9.990 -9.990
1   0.0    6.30   -6.30 1 0.395  0.120    -9.990 -9.990
1   0.0    6.40   -6.40 1 0.375  0.127    -9.990 -9.990
1   0.0    6.50   -6.50 1 0.369  0.122    -9.990 -9.990
1   0.0    6.60   -6.60 1 0.367  0.115    -9.990 -9.990
1   0.0    6.70   -6.70 1 0.362  0.112    -9.990 -9.990
1   0.0    6.80   -6.80 1 0.334  0.120    -9.990 -9.990
1   0.0    6.90   -6.90 1 0.309  0.128    -9.990 -9.990
1   0.0    7.00   -7.00 0 0.292  0.133    -9.990 -9.990
1   0.0    7.10   -7.10 0 0.276  0.140     1.187  0.074
1   0.0    7.20   -7.20 0 0.263  0.147    47.994  1.681
1   0.0    7.30   -7.30 0 0.253  0.155   127.097  2.104
1   0.0    7.40   -7.40 0 0.248  0.160   169.162  2.228
1   0.0    7.50   -7.50 0 0.248  0.163   181.579  2.259
1   0.0    7.60   -7.60 0 0.251  0.164   167.702  2.225
1   0.0    7.70   -7.70 0 0.259  0.161   117.116  2.069
1   0.0    7.80   -7.80 0 0.276  0.156    45.328  1.656
1   0.0    7.90   -7.90 0 0.296  0.151    -9.990 -9.990
1   0.0    8.00   -8.00 1 0.321  0.147    -9.990 -9.990
1   0.0    8.10   -8.10 1 0.342  0.143    -9.990 -9.990
1   0.0    8.20   -8.20 1 0.356  0.142    -9.990 -9.990
1   0.0    8.30   -8.30 1 0.362  0.142    -9.990 -9.990
1   0.0    8.40   -8.40 1 0.357  0.143    -9.990 -9.990
1   0.0    8.50   -8.50 1 0.343  0.144    -9.990 -9.990
1   0.0    8.60   -8.60 1 0.329  0.142    -9.990 -9.990
1   0.0    8.70   -8.70 1 0.325  0.136    -9.990 -9.990
1   0.0    8.80   -8.80 1 0.327  0.133    -9.990 -9.990
1   0.0    8.90   -8.90 1 0.330  0.130    -9.990 -9.990
1   0.0    9.00   -9.00 1 0.331  0.126    -9.990 -9.990
1   0.0    9.10   -9.10 1 0.319  0.132    -9.990 -9.990
1   0.0    9.20   -9.20 1 0.303  0.138    -9.990 -9.990
1   0.0    9.30   -9.30 0 0.286  0.144     1.119  0.049
1   0.0    9.40   -9.40 0 0.273  0.145     9.979  0.999
1   0.0    9.50   -9.50 0 0.261  0.144    47.838  1.680
1   0.0    9.60   -9.60 0 0.250  0.143   102.353  2.010
1   0.0    9.70   -9.70 0 0.237  0.144   166.643  2.222
1   0.0    9.80   -9.80 0 0.230  0.148   219.021  2.340
1   0.0    9.90   -9.90 0 0.225  0.154   265.172  2.424
1   0.0   10.00  -10.00 0 0.223  0.163   305.668  2.485
1   0.0   10.10  -10.10 0 0.201  0.181   480.379  2.682
1   0.0   10.20  -10.20 0 0.173  0.202   693.919  2.841
1   0.0   10.30  -10.30 0 0.141  0.222   923.464  2.965
1   0.0   10.40  -10.40 0 0.123  0.233  1046.604  3.020
1   0.0   10.50  -10.50 0 0.123  0.235  1063.252  3.027
1   0.0   10.60  -10.60 0 0.121  0.237  1077.953  3.033
1   0.0   10.70  -10.70 0 0.095  0.245  1232.143  3.091
1   0.0   10.80  -10.80 0 0.092  0.246  1256.510  3.099
1   0.0   10.90  -10.90 0 0.099  0.244  1212.660  3.084
1   0.0   11.00  -11.00 0 0.115  0.237  1106.768  3.044
1   0.0   11.10  -11.10 0 0.128  0.226  1003.213  3.001
1   0.0   11.20  -11.20 0 0.146  0.208   850.318  2.930
1   0.0   11.30  -11.30 0 0.172  0.183   631.958  2.801
1   0.0   11.40  -11.40 0 0.230  0.151   225.365  2.353
1   0.0   11.50  -11.50 0 0.287  0.120    49.969  1.699
1   0.0   11.60  -11.60 1 0.337  0.096    -9.990 -9.990
1   0.0   11.70  -11.70 1 0.372  0.091    -9.990 -9.990
1   0.0   11.80  -11.80 1 0.376  0.108    -9.990 -9.990
1   0.0   11.90  -11.90 1 0.379  0.124    -9.990 -9.990
1   0.0   12.00  -12.00 1 0.386  0.135    -9.990 -9.990
1   0.0   12.10  -12.10 1 0.408  0.132    -9.990 -9.990
1   0.0   12.20  -12.20 1 0.424  0.133    -9.990 -9.990
1   0.0   12.30  -12.30 1 0.429  0.138    -9.990 -9.990
1   0.0   12.40  -12.40 1 0.406  0.156    -9.990 -9.990
1   0.0   12.50  -12.50 1 0.383  0.167    -9.990 -9.990
1   0.0   12.60  -12.60 1 0.366  0.170    -9.990 -9.990
1   0.0   12.70  -12.70 1 0.366  0.158    -9.990 -9.990
1   0.0   12.80  -12.80 1 0.358  0.151    -9.990 -9.990
1   0.0   12.90  -12.90 1 0.356  0.145    -9.990 -9.990
1   0.0   13.00  -13.00 1 0.364  0.138    -9.990 -9.990
1   0.0   13.10  -13.10 1 0.377  0.130    -9.990 -9.990
1   0.0   13.20  -13.20 1 0.382  0.128    -9.990 -9.990
1   0.0   13.30  -13.30 1 0.380  0.130    -9.990 -9.990
1   0.0   13.40  -13.40 1 0.378  0.131    -9.990 -9.990
1   0.0   13.50  -13.50 1 0.378  0.134    -9.990 -9.990
1   0.0   13.60  -13.60 1 0.375  0.137    -9.990 -9.990
1   0.0   13.70  -13.70 1 0.365  0.139    -9.990 -9.990
1   0.0   13.80  -13.80 1 0.352  0.146    -9.990 -9.990
1   0.0   13.90  -13.90 1 0.342  0.151    -9.990 -9.990
1   0.0   14.00  -14.00 1 0.336  0.153    -9.990 -9.990
1   0.0   14.10  -14.10 1 0.343  0.151    -9.990 -9.990
1   0.0   14.20  -14.20 1 0.346  0.152    -9.990 -9.990
1   0.0   14.30  -14.30 1 0.345  0.153    -9.990 -9.990
1   0.0   14.40  -14.40 1 0.342  0.153    -9.990 -9.990
1   0.0   14.50  -14.50 1 0.345  0.150    -9.990 -9.990
1   0.0   14.60  -14.60 1 0.349  0.146    -9.990 -9.990
1   0.0   14.70  -14.70 1 0.349  0.144    -9.990 -9.990
1   0.0   14.80  -14.80 1 0.345  0.145    -9.990 -9.990
1   0.0   14.90  -14.90 1 0.344  0.147    -9.990 -9.990
1   0.0   15.00  -15.00 1 0.349  0.147    -9.990 -9.990
1   0.0   15.10  -15.10 1 0.354  0.148    -9.990 -9.990
1   0.0   15.20  -15.20 1 0.352  0.152    -9.990 -9.990
1   0.0   15.30  -15.30 1 0.344  0.158    -9.990 -9.990
1   0.0   15.40  -15.40 1 0.333  0.159    -9.990 -9.990
1   0.0   15.50  -15.50 1 0.328  0.158    -9.990 -9.990
1   0.0   15.60  -15.60 1 0.324  0.157    -9.990 -9.990
1   0.0   15.70  -15.70 1 0.319  0.158    -9.990 -9.990
1   0.0   15.80  -15.80 1 0.317  0.161    -9.990 -9.990
1   0.0   15.90  -15.90 1 0.315  0.164    -9.990 -9.990
1   0.0   16.00  -16.00 1 0.313  0.168    -9.990 -9.990
1   0.0   16.10  -16.10 1 0.312  0.167    -9.990 -9.990
1   0.0   16.20  -16.20 1 0.315  0.164    -9.990 -9.990
1   0.0   16.30  -16.30 1 0.319  0.158    -9.990 -9.990
1   0.0   16.40  -16.40 1 0.318  0.154    -9.990 -9.990
1   0.0   16.50  -16.50 1 0.322  0.149    -9.990 -9.990
1   0.0   16.60  -16.60 1 0.329  0.145    -9.990 -9.990
1   0.0   16.70  -16.70 1 0.341  0.139    -9.990 -9.990
1   0.0   16.80  -16.80 1 0.352  0.136    -9.990 -9.990
1   0.0   16.90  -16.90 1 0.362  0.136    -9.990 -9.990
1   0.0   17.00  -17.00 1 0.370  0.137    -9.990 -9.990
1   0.0   17.10  -17.10 1 0.370  0.143    -9.990 -9.990
1   0.0   17.20  -17.20 1 0.366  0.149    -9.990 -9.990
1   0.0   17.30  -17.30 1 0.359  0.154    -9.990 -9.990
1   0.0   17.40  -17.40 1 0.362  0.152    -9.990 -9.990
1   0.0   17.50  -17.50 1 0.372  0.147    -9.990 -9.990
1   0.0   17.60  -17.60 1 0.388  0.139    -9.990 -9.990
1   0.0   17.70  -17.70 1 0.409  0.127    -9.990 -9.990
1   0.0   17.80  -17.80 1 0.432  0.114    -9.990 -9.990
1   0.0   17.90  -17.90 1 0.443  0.104    -9.990 -9.990
1   0.0   18.00  -18.00 1 0.439  0.099    -9.990 -9.990
1   0.0   18.10  -18.10 1 0.443  0.100    -9.990 -9.990
1   0.0   18.20  -18.20 1 0.445  0.099    -9.990 -9.990
1   0.0   18.30  -18.30 1 0.447  0.097    -9.990 -9.990
1   0.0   18.40  -18.40 1 0.450  0.093    -9.990 -9.990
1   0.0   18.50  -18.50 1 0.451  0.088    -9.990 -9.990
1   0.0   18.60  -18.60 1 0.454  0.081    -9.990 -9.990
1   0.0   18.70  -18.70 1 0.466  0.069    -9.990 -9.990
1   0.0   18.80  -18.80 1 0.472  0.061    -9.990 -9.990
1   0.0   18.90  -18.90 1 0.469  0.058    -9.990 -9.990
1   0.0   19.00  -19.00 1 0.456  0.061    -9.990 -9.990
1   0.0   19.10  -19.10 1 0.421  0.074    -9.990 -9.990
1   0.0   19.20  -19.20 1 0.378  0.089    -9.990 -9.990
1   0.0   19.30  -19.30 1 0.329  0.107    -9.990 -9.990
1   0.0   19.40  -19.40 0 0.281  0.126    -9.990 -9.990
1   0.0   19.50  -19.50 0 0.235  0.142   179.150  2.253
1   0.0   19.60  -19.60 0 0.186  0.158   468.205  2.670
1   0.0   19.70  -19.70 0 0.130  0.178   812.060  2.910
1   0.0   19.80  -19.80 0 0.099  0.186  2181.304  3.339
1   0.0   19.90  -19.90 0 0.059  0.197  3631.778  3.560
1   0.0   20.00  -20.00 0 0.000  0.214  4777.036  3.679
1   0.0   20.10  -20.10 0 0.005  0.205  4728.708  3.675
1   0.0   20.20  -20.20 0 0.020  0.193  4451.994  3.649
1   0.0   20.30  -20.30 0 0.040  0.179  4034.726  3.606
1   0.0   20.40  -20.40 0 0.059  0.164  3674.010  3.565
1   0.0   20.50  -20.50 0 0.061  0.154  3594.581  3.556
1   0.0   20.60  -20.60 0 0.063  0.143  3572.462  3.553
1   0.0   20.70  -20.70 0 0.079  0.125  3230.783  3.509
1   0.0   20.80  -20.80 0 0.111  0.094  2600.398  3.415
1   0.0   20.90  -20.90 0 0.141  0.067  1987.721  3.298
1   0.0   21.00  -21.00 0 0.163  0.047  1534.778  3.186
1   0.0   21.10  -21.10 0 0.192  0.033   973.109  2.988
1   0.0   21.20  -21.20 0 0.204  0.032   708.683  2.850
1   0.0   21.30  -21.30 0 0.201  0.045   772.692  2.888
1   0.0   21.40  -21.40 0 0.178  0.073  1226.268  3.089
1   0.0   21.50  -21.50 0 0.159  0.099  1622.069  3.210
1   0.0   21.60  -21.60 0 0.142  0.121  1979.475  3.297
1   0.0   21.70  -21.70 0 0.126  0.140  2311.231  3.364
1   0.0   21.80  -21.80 0 0.100  0.158  2780.172  3.444
1   0.0   21.90  -21.90 0 0.098  0.169  2889.424  3.461
1   0.0   22.00  -22.00 0 0.131  0.167  2304.019  3.362
1   0.0   22.10  -22.10 0 0.078  0.190  3242.464  3.511
1   0.0   22.20  -22.20 0 0.038  0.207  4073.872  3.610
1   0.0   22.30  -22.30 0 0.010  0.216  4646.220  3.667
1   0.0   22.40  -22.40 0 0.010  0.214  4629.419  3.666
1   0.0   22.50  -22.50 0 0.029  0.207  4278.622  3.631
1   0.0   22.60  -22.60 0 0.053  0.198  3775.708  3.577
1   0.0   22.70  -22.70 0 0.070  0.190  3381.069  3.529
1   0.0   22.80  -22.80 0 0.118  0.174  2490.900  3.396
1   0.0   22.90  -22.90 0 0.153  0.165  1739.031  3.240
1   0.0   23.00  -23.00 0 0.167  0.166  1468.886  3.167
1   0.0   23.10  -23.10 0 0.171  0.172  1374.745  3.138
1   0.0   23.20  -23.20 0 0.176  0.176  1277.128  3.106
1   0.0   23.30  -23.30 0 0.181  0.178  1166.174  3.067
1   0.0   23.40  -23.40 0 0.185  0.176  1094.285  3.039
1   0.0   23.50  -23.50 0 0.188  0.171  1029.690  3.013
1   0.0   23.60  -23.60 0 0.191  0.165   978.034  2.990
1   0.0   23.70  -23.70 0 0.192  0.157   958.913  2.982
1   0.0   23.80  -23.80 0 0.193  0.145   930.558  2.969
1   0.0   23.90  -23.90 0 0.195  0.132   896.971  2.953
1   0.0   24.00  -24.00 0 0.197  0.119   858.491  2.934
1   0.0   24.10  -24.10 0 0.192  0.111   948.229  2.977
1   0.0   24.20  -24.20 0 0.185  0.106  1083.761  3.035
1   0.0   24.30  -24.30 0 0.178  0.104  1238.303  3.093
1   0.0   24.40  -24.40 0 0.181  0.101  1166.987  3.067
1   0.0   24.50  -24.50 0 0.193  0.094   953.867  2.979
1   0.0   24.60  -24.60 0 0.201  0.093   767.413  2.885
1   0.0   24.70  -24.70 0 0.190  0.107   975.571  2.989
1   0.0   24.80  -24.80 0 0.185  0.126  1108.592  3.045
1   0.0   24.90  -24.90 0 0.172  0.149  1346.838  3.129
1   0.0   25.00  -25.00 0 0.147  0.178  1815.205  3.259
1   0.0   25.10  -25.10 0 0.157  0.178  1687.095  3.227
1   0.0   25.20  -25.20 0 0.150  0.184  1781.131  3.251
1   0.0   25.30  -25.30 0 0.135  0.192  2103.252  3.323
1   0.0   25.40  -25.40 0 0.152  0.188  1770.865  3.248
1   0.0   25.50  -25.50 0 0.159  0.181  1617.171  3.209
1   0.0   25.60  -25.60 0 0.161  0.173  1571.364  3.196
1   0.0   25.70  -25.70 0 0.162  0.165  1550.018  3.190
1   0.0   25.80  -25.80 0 0.169  0.162  1418.897  3.152
1   0.0   25.90  -25.90 0 0.178  0.162  1244.170  3.095
1   0.0   26.00  -26.00 0 0.188  0.167  1046.084  3.020
1   0.0   26.10  -26.10 0 0.193  0.176   928.630  2.968
1   0.0   26.20  -26.20 0 0.197  0.183   851.814  2.930
1   0.0   26.30  -26.30 0 0.199  0.188   813.554  2.910
1   0.0   26.40  -26.40 0 0.199  0.189   830.617  2.919
1   0.0   26.50  -26.50 0 0.190  0.192   986.425  2.994
1   0.0   26.60  -26.60 0 0.178  0.195  1245.164  3.095
1   0.0   26.70  -26.70 0 0.162  0.193  1593.179  3.202
1   0.0   26.80  -26.80 0 0.121  0.197  2340.921  3.369
1   0.0   26.90  -26.90 0 0.097  0.191  2884.826  3.460
1   0.0   27.00  -27.00 0 0.099  0.173  2831.548  3.452
1   0.0   27.10  -27.10 0 0.111  0.151  2610.232  3.417
1   0.0   27.20  -27.20 0 0.119  0.131  2434.443  3.386
1   0.0   27.30  -27.30 0 0.124  0.116  2334.995  3.368
1   0.0   27.40  -27.40 0 0.119  0.111  2443.642  3.388
1   0.0   27.50  -27.50 0 0.112  0.108  2583.582  3.412
1   0.0   27.60  -27.60 0 0.105  0.102  2723.770  3.435
1   0.0   27.70  -27.70 0 0.101  0.092  2793.327  3.446
1   0.0   27.80  -27.80 0 0.099  0.079  2852.242  3.455
1   0.0   27.90  -27.90 0 0.096  0.067  2899.966  3.462
1   0.0   28.00  -28.00 0 0.093  0.059  2932.342  3.467
1   0.0   28.10  -28.10 0 0.106  0.053  2695.041  3.431
1   0.0   28.20  -28.20 0 0.119  0.053  2422.233  3.384
1   0.0   28.30  -28.30 0 0.134  0.056  2125.884  3.328
1   0.0   28.40  -28.40 0 0.159  0.056  1630.782  3.212
1   0.0   28.50  -28.50 0 0.176  0.060  1260.206  3.100
1   0.0   28.60  -28.60 0 0.196  0.064   879.476  2.944
1   0.0   28.70  -28.70 0 0.232  0.063   164.010  2.215
1   0.0   28.80  -28.80 0 0.251  0.072    -9.990 -9.990
1   0.0   28.90  -28.90 0 0.264  0.087    -9.990 -9.990
1   0.0   29.00  -29.00 0 0.271  0.108    -9.990 -9.990
1   0.0   29.10  -29.10 0 0.269  0.126    -9.990 -9.990
1   0.0   29.20  -29.20 0 0.259  0.141    -9.990 -9.990
1   0.0   29.30  -29.30 0 0.242  0.151    21.050  1.323
1   0.0   29.40  -29.40 0 0.220  0.157   402.632  2.605
1   0.0   29.50  -29.50 0 0.201  0.161   764.234  2.883
1   0.0   29.60  -29.60 0 0.184  0.165  1125.607  3.051
1   0.0   29.70  -29.70 0 0.164  0.174  1534.748  3.186
1   0.0   29.80  -29.80 0 0.134  0.183  2136.050  3.330
1   0.0   29.90  -29.90 0 0.099  0.190  2847.742  3.455
1   0.0   30.00  -30.00 0 0.059  0.194  3661.478  3.564
1   0.0   30.10  -30.10 0 0.018  0.194  4445.453  3.648
1   0.0   30.20  -30.20 0 0.000  0.188  4850.978  3.686
1   0.0   30.30  -30.30 0 0.000  0.178  4851.171  3.686
1   0.0   30.40  -30.40 0 0.000  0.169  4851.330  3.686
1   0.0   30.50  -30.50 0 0.000  0.161  4851.481  3.686
1   0.0   30.60  -30.60 0 0.000  0.154  4840.175  3.685
1   0.0   30.70  -30.70 0 0.000  0.148  4781.247  3.680
1   0.0   30.80  -30.80 0 0.039  0.134  4078.937  3.611
1   0.0   30.90  -30.90 0 0.074  0.124  3374.960  3.528
1   0.0   31.00  -31.00 0 0.092  0.120  3058.664  3.486
1   0.0   31.10  -31.10 0 0.066  0.131  3481.646  3.542
1   0.0   31.20  -31.20 0 0.056  0.136  3683.505  3.566
1   0.0   31.30  -31.30 0 0.065  0.134  3528.972  3.548
1   0.0   31.40  -31.40 0 0.103  0.125  2753.952  3.440
1   0.0   31.50  -31.50 0 0.143  0.119  1968.407  3.294
1   0.0   31.60  -31.60 0 0.178  0.117  1182.167  3.073
1   0.0   31.70  -31.70 0 0.201  0.120   420.337  2.624
1   0.0   31.80  -31.80 0 0.222  0.127   184.350  2.266
1   0.0   31.90  -31.90 0 0.242  0.135   108.814  2.037
1   0.0   32.00  -32.00 0 0.263  0.143    25.494  1.406
1   0.0   32.10  -32.10 0 0.295  0.141     6.489  0.812
1   0.0   32.20  -32.20 1 0.316  0.143    -9.990 -9.990
1   0.0   32.30  -32.30 1 0.328  0.147    -9.990 -9.990
1   0.0   32.40  -32.40 1 0.327  0.154    -9.990 -9.990
1   0.0   32.50  -32.50 1 0.322  0.159    -9.990 -9.990
1   0.0   32.60  -32.60 1 0.317  0.163    -9.990 -9.990
1   0.0   32.70  -32.70 1 0.315  0.164    -9.990 -9.990
1   0.0   32.80  -32.80 1 0.310  0.165    -9.990 -9.990
1   0.0   32.90  -32.90 1 0.303  0.168    -9.990 -9.990
1   0.0   33.00  -33.00 0 0.294  0.171    -9.990 -9.990
1   0.0   33.10  -33.10 0 0.284  0.174    44.955  1.653
1   0.0   33.20  -33.20 0 0.278  0.176    78.327  1.894
1   0.0   33.30  -33.30 0 0.276  0.176    89.904  1.954
1   0.0   33.40  -33.40 0 0.289  0.169    25.116  1.400
1   0.0   33.50  -33.50 0 0.300  0.165    -9.990 -9.990
1   0.0   33.60  -33.60 1 0.305  0.164    -9.990 -9.990
1   0.0   33.70  -33.70 0 0.298  0.169    -9.990 -9.990
1   0.0   33.80  -33.80 0 0.282  0.174    61.672  1.790
1   0.0   33.90  -33.90 0 0.270  0.178   128.915  2.110
1   0.0   34.00  -34.00 0 0.264  0.179   166.886  2.222
1   0.0   34.10  -34.10 0 0.244  0.186   286.849  2.458
1   0.0   34.20  -34.20 0 0.224  0.196   418.291  2.621
1   0.0   34.30  -34.30 0 0.205  0.206   548.792  2.739
1   0.0   34.40  -34.40 0 0.195  0.204   597.884  2.777
1   0.0   34.50  -34.50 0 0.175  0.202   681.453  2.833
1   0.0   34.60  -34.60 0 0.153  0.197   775.015  2.889
1   0.0   34.70  -34.70 0 0.134  0.184   814.754  2.911
1   0.0   34.80  -34.80 0 0.126  0.159  1635.905  3.214
1   0.0   34.90  -34.90 0 0.120  0.134  2411.074  3.382
1   0.0   35.00  -35.00 0 0.113  0.110  2554.849  3.407
1   0.0   35.10  -35.10 0 0.107  0.097  2678.448  3.428
1   0.0   35.20  -35.20 0 0.104  0.091  2752.125  3.440
1   0.0   35.30  -35.30 0 0.102  0.094  2773.278  3.443
1   0.0   35.40  -35.40 0 0.099  0.109  2846.420  3.454
1   0.0   35.50  -35.50 0 0.094  0.128  2939.794  3.468
1   0.0   35.60  -35.60 0 0.088  0.148  3058.171  3.485
1   0.0   35.70  -35.70 0 0.079  0.166  3231.413  3.509
1   0.0   35.80  -35.80 0 0.075  0.173  3334.998  3.523
1   0.0   35.90  -35.90 0 0.072  0.175  3422.954  3.534
1   0.0   36.00  -36.00 0 0.070  0.172  3527.004  3.547
1   0.0   36.10  -36.10 0 0.021  0.178  4357.648  3.639
1   0.0   36.20  -36.20 0 0.000  0.178  4851.166  3.686
1   0.0   36.30  -36.30 0 0.000  0.172  4851.270  3.686
1   0.0   36.40  -36.40 0 0.000  0.174  4851.240  3.686
1   0.0   36.50  -36.50 0 0.000  0.176  4851.201  3.686
1   0.0   36.60  -36.60 0 0.000  0.178  4851.167  3.686
1   0.0   36.70  -36.70 0 0.000  0.177  4851.185  3.686
1   0.0   36.80  -36.80 0 0.000  0.174  4851.234  3.686
1   0.0   36.90  -36.90 0 0.000  0.171  4851.289  3.686
1   0.0   37.00  -37.00 0 0.000  0.168  4851.336  3.686
1   0.0   37.10  -37.10 0 0.000  0.170  4851.310  3.686
1   0.0   37.20  -37.20 0 0.000  0.173  4839.860  3.685
1   0.0   37.30  -37.30 0 0.002  0.174  4805.993  3.682
1   0.0   37.40  -37.40 0 0.019  0.169  4489.227  3.652
1   0.0   37.50  -37.50 0 0.027  0.165  4310.146  3.634
1   0.0   37.60  -37.60 0 0.029  0.162  4252.802  3.629
1   0.0   37.70  -37.70 0 0.024  0.162  4342.163  3.638
1   0.0   37.80  -37.80 0 0.033  0.160  4179.953  3.621
1   0.0   37.90  -37.90 0 0.048  0.157  3876.362  3.588
1   0.0   38.00  -38.00 0 0.070  0.152  3453.617  3.538
1   0.0   38.10  -38.10 0 0.078  0.151  3313.903  3.520
1   0.0   38.20  -38.20 0 0.069  0.156  3417.725  3.534
1   0.0   38.30  -38.30 0 0.055  0.163  3744.453  3.573
1   0.0   38.40  -38.40 0 0.080  0.156  3259.892  3.513
1   0.0   38.50  -38.50 0 0.088  0.158  3050.759  3.484
1   0.0   38.60  -38.60 0 0.091  0.165  3010.406  3.479
1   0.0   38.70  -38.70 0 0.097  0.175  2893.315  3.461
1   0.0   38.80  -38.80 0 0.097  0.190  2903.884  3.463
1   0.0   38.90  -38.90 0 0.090  0.205  2567.139  3.409
1   0.0   39.00  -39.00 0 0.077  0.220  1365.540  3.135
1   0.0   39.10  -39.10 0 0.095  0.221  1157.750  3.064
1   0.0   39.20  -39.20 0 0.102  0.224  1125.167  3.051
1   0.0   39.30  -39.30 0 0.101  0.228  1145.185  3.059
1   0.0   39.40  -39.40 0 0.096  0.233  1181.859  3.073
1   0.0   39.50  -39.50 0 0.100  0.234  1166.489  3.067
1   0.0   39.60  -39.60 0 0.113  0.231  1097.454  3.040
1   0.0   39.70  -39.70 0 0.137  0.222   936.729  2.972
1   0.0   39.80  -39.80 0 0.173  0.204   704.505  2.848
1   0.0   39.90  -39.90 0 0.208  0.185   459.715  2.662
1   0.0   40.00  -40.00 0 0.237  0.165   243.641  2.387
1   0.0   40.10  -40.10 0 0.268  0.149    83.713  1.923
1   0.0   40.20  -40.20 0 0.294  0.135    -9.990 -9.990
1   0.0   40.30  -40.30 1 0.315  0.123    -9.990 -9.990
1   0.0   40.40  -40.40 1 0.326  0.117    -9.990 -9.990
1   0.0   40.50  -40.50 1 0.323  0.119    -9.990 -9.990
1   0.0   40.60  -40.60 1 0.314  0.124    -9.990 -9.990
1   0.0   40.70  -40.70 1 0.305  0.130    -9.990 -9.990
1   0.0   40.80  -40.80 1 0.305  0.131    -9.990 -9.990
1   0.0   40.90  -40.90 1 0.312  0.129    -9.990 -9.990
1   0.0   41.00  -41.00 1 0.322  0.126    -9.990 -9.990
1   0.0   41.10  -41.10 1 0.337  0.124    -9.990 -9.990
1   0.0   41.20  -41.20 1 0.352  0.122    -9.990 -9.990
1   0.0   41.30  -41.30 1 0.366  0.121    -9.990 -9.990
1   0.0   41.40  -41.40 1 0.374  0.123    -9.990 -9.990
1   0.0   41.50  -41.50 1 0.386  0.123    -9.990 -9.990
1   0.0   41.60  -41.60 1 0.400  0.123    -9.990 -9.990
1   0.0   41.70  -41.70 1 0.413  0.120    -9.990 -9.990
1   0.0   41.80  -41.80 1 0.419  0.116    -9.990 -9.990
1   0.0   41.90  -41.90 1 0.416  0.113    -9.990 -9.990
1   0.0   42.00  -42.00 1 0.406  0.110    -9.990 -9.990
1   0.0   42.10  -42.10 1 0.381  0.115    -9.990 -9.990
1   0.0   42.20  -42.20 1 0.352  0.123    -9.990 -9.990
1   0.0   42.30  -42.30 1 0.318  0.134     0.259 -0.587
1   0.0   42.40  -42.40 0 0.285  0.146    10.298  1.013
1   0.0   42.50  -42.50 0 0.258  0.156    97.328  1.988
1   0.0   42.60  -42.60 0 0.240  0.161   214.526  2.331
1   0.0   42.70  -42.70 0 0.239  0.159   203.512  2.309
1   0.0   42.80  -42.80 0 0.248  0.153   154.293  2.188
1   0.0   42.90  -42.90 0 0.251  0.153   127.209  2.105
1   0.0   43.00  -43.00 0 0.245  0.163   184.990  2.267
1   0.0   43.10  -43.10 0 0.250  0.161   169.718  2.230
1   0.0   43.20  -43.20 0 0.250  0.162   170.172  2.231
1   0.0   43.30  -43.30 0 0.245  0.164   204.080  2.310
1   0.0   43.40  -43.40 0 0.239  0.164   230.732  2.363
1   0.0   43.50  -43.50 0 0.230  0.165   272.929  2.436
1   0.0   43.60  -43.60 0 0.222  0.166   320.795  2.506
1   0.0   43.70  -43.70 0 0.218  0.167   339.132  2.530
1   0.0   43.80  -43.80 0 0.222  0.167   327.811  2.516
1   0.0   43.90  -43.90 0 0.224  0.168   319.283  2.504
1   0.0   44.00  -44.00 0 0.222  0.172   343.904  2.536
1   0.0   44.10  -44.10 0 0.214  0.174   393.419  2.595
1   0.0   44.20  -44.20 0 0.201  0.177   469.331  2.671
1   0.0   44.30  -44.30 0 0.181  0.180   574.928  2.760
1   0.0   44.40  -44.40 0 0.148  0.187   758.730  2.880
1   0.0   44.50  -44.50 0 0.122  0.194   917.646  2.963
1   0.0   44.60  -44.60 0 0.099  0.200  1055.817  3.024
1   0.0   44.70  -44.70 0 0.077  0.207  1178.426  3.071
1   0.0   44.80  -44.80 0 0.065  0.208  1234.297  3.091
1   0.0   44.90  -44.90 0 0.071  0.203  1202.985  3.080
1   0.0   45.00  -45.00 0 0.100  0.192  1023.651  3.010
1   0.0   45.10  -45.10 0 0.126  0.183   867.661  2.938
1   0.0   45.20  -45.20 0 0.143  0.178   765.336  2.884
1   0.0   45.30  -45.30 0 0.147  0.176   729.123  2.863
1   0.0   45.40  -45.40 0 0.117  0.184   891.550  2.950
1   0.0   45.50  -45.50 0 0.105  0.188   980.436  2.991
1   0.0   45.60  -45.60 0 0.100  0.190  1010.202  3.004
1   0.0   45.70  -45.70 0 0.098  0.191  1009.109  3.004
1   0.0   45.80  -45.80 0 0.117  0.186   917.418  2.963
1   0.0   45.90  -45.90 0 0.135  0.181   810.969  2.909
1   0.0   46.00  -46.00 0 0.147  0.178   754.509  2.878
1   0.0   46.10  -46.10 0 0.137  0.181   799.283  2.903
1   0.0   46.20  -46.20 0 0.126  0.185   862.798  2.936
1   0.0   46.30  -46.30 0 0.116  0.189   929.200  2.968
1   0.0   46.40  -46.40 0 0.122  0.189   890.504  2.950
1   0.0   46.50  -46.50 0 0.139  0.184   795.919  2.901
1   0.0   46.60  -46.60 0 0.163  0.177   653.683  2.815
1   0.0   46.70  -46.70 0 0.193  0.167   474.461  2.676
1   0.0   46.80  -46.80 0 0.219  0.160   324.629  2.511
1   0.0   46.90  -46.90 0 0.236  0.156   218.017  2.338
1   0.0   47.00  -47.00 0 0.242  0.156   189.612  2.278
1   0.0   47.10  -47.10 0 0.240  0.159   212.622  2.328
1   0.0   47.20  -47.20 0 0.229  0.165   275.390  2.440
1   0.0   47.30  -47.30 0 0.214  0.171   379.553  2.579
1   0.0   47.40  -47.40 0 0.218  0.168   330.019  2.519
1   0.0   47.50  -47.50 0 0.242  0.156   201.515  2.304
1   0.0   47.60  -47.60 0 0.263  0.146    50.336  1.702
1   0.0   47.70  -47.70 0 0.254  0.148   117.900  2.072
1   0.0   47.80  -47.80 0 0.215  0.156   316.867  2.501
1   0.0   47.90  -47.90 0 0.174  0.165   553.621  2.743
1   0.0   48.00  -48.00 0 0.137  0.171   752.992  2.877
1   0.0   48.10  -48.10 0 0.110  0.171   884.234  2.947
1   0.0   48.20  -48.20 0 0.092  0.169   958.079  2.981
1   0.0   48.30  -48.30 0 0.089  0.163   970.260  2.987
1   0.0   48.40  -48.40 0 0.142  0.145   646.063  2.810
1   0.0   48.50  -48.50 0 0.196  0.132   345.002  2.538
1   0.0   48.60  -48.60 0 0.238  0.125    94.845  1.977
1   0.0   48.70  -48.70 0 0.254  0.130    46.543  1.668
1   0.0   48.80  -48.80 0 0.258  0.140    64.639  1.810
1   0.0   48.90  -48.90 0 0.245  0.153   160.142  2.205
1   0.0   49.00  -49.00 0 0.212  0.169   384.058  2.584
1   0.0   49.10  -49.10 0 0.173  0.180   596.866  2.776
1   0.0   49.20  -49.20 0 0.154  0.186   727.742  2.862
1   0.0   49.30  -49.30 0 0.151  0.187   749.848  2.875
1   0.0   49.40  -49.40 0 0.158  0.186   715.961  2.855
1   0.0   49.50  -49.50 0 0.161  0.185   693.613  2.841
1   0.0   49.60  -49.60 0 0.163  0.184   677.651  2.831
1   0.0   49.70  -49.70 0 0.164  0.180   644.702  2.809
1   0.0   49.80  -49.80 0 0.187  0.171   494.312  2.694
1   0.0   49.90  -49.90 0 0.232  0.156   282.448  2.451
1   0.0   50.00  -50.00 0 0.300  0.133    36.964  1.568
1   0.0   50.10  -50.10 0 0.289  0.138    -9.990 -9.990
1   0.0   50.20  -50.20 0 0.249  0.152   141.962  2.152
1   0.0   50.30  -50.30 0 0.193  0.170   479.059  2.680
1   0.0   50.40  -50.40 0 0.171  0.176   604.899  2.782
1   0.0   50.50  -50.50 0 0.153  0.181   722.433  2.859
1   0.0   50.60  -50.60 0 0.133  0.187   838.223  2.923
1   0.0   50.70  -50.70 0 0.108  0.195   975.728  2.989
1   0.0   50.80  -50.80 0 0.099  0.197  1038.739  3.017
1   0.0   50.90  -50.90 0 0.096  0.198  1057.721  3.024
1   0.0   51.00  -51.00 0 0.097  0.197  1043.014  3.018
1   0.0   51.10  -51.10 0 0.110  0.193   968.300  2.986
1   0.0   51.20  -51.20 0 0.128  0.188   872.545  2.941
1   0.0   51.30  -51.30 0 0.146  0.184   762.596  2.882
1   0.0   51.40  -51.40 0 0.147  0.183   759.018  2.880
1   0.0   51.50  -51.50 0 0.144  0.183   759.113  2.880
1   0.0   51.60  -51.60 0 0.147  0.180   743.830  2.871
1   0.0   51.70  -51.70 0 0.168  0.173   613.485  2.788
1   0.0   51.80  -51.80 0 0.193  0.164   463.518  2.666
1   0.0   51.90  -51.90 0 0.216  0.157   329.025  2.517
1   0.0   52.00  -52.00 0 0.233  0.153   257.994  2.412
1   0.0   52.10  -52.10 0 0.203  0.159   397.363  2.599
1   0.0   52.20  -52.20 0 0.166  0.166   586.343  2.768
1   0.0   52.30  -52.30 0 0.131  0.171   790.377  2.898
1   0.0   52.40  -52.40 0 0.132  0.166   765.690  2.884
1   0.0   52.50  -52.50 0 0.137  0.160   719.883  2.857
1   0.0   52.60  -52.60 0 0.146  0.154   653.107  2.815
1   0.0   52.70  -52.70 0 0.158  0.149   540.093  2.732
1   0.0   52.80  -52.80 0 0.208  0.129   279.251  2.446
1   0.0   52.90  -52.90 0 0.244  0.114    34.308  1.535
1   0.0   53.00  -53.00 0 0.252  0.108     4.797  0.681
1   0.0   53.10  -53.10 0 0.258  0.103    -9.990 -9.990
1   0.0   53.20  -53.20 0 0.262  0.098    -9.990 -9.990
1   0.0   53.30  -53.30 0 0.263  0.094    -9.990 -9.990
1   0.0   53.40  -53.40 0 0.255  0.093    -9.990 -9.990
1   0.0   53.50  -53.50 0 0.245  0.093    -9.990 -9.990
1   0.0   53.60  -53.60 0 0.233  0.094     6.444  0.809
1   0.0   53.70  -53.70 0 0.220  0.095    57.271  1.758
1   0.0   53.80  -53.80 0 0.229  0.092    37.365  1.572
1   0.0   53.90  -53.90 0 0.245  0.088    -9.990 -9.990
1   0.0   54.00  -54.00 0 0.264  0.084    -9.990 -9.990
1   0.0   54.10  -54.10 0 0.236  0.096    43.585  1.639
1   0.0   54.20  -54.20 0 0.228  0.101    70.389  1.848
1   0.0   54.30  -54.30 0 0.229  0.103    60.901  1.785
1   0.0   54.40  -54.40 0 0.202  0.113   204.988  2.312
1   0.0   54.50  -54.50 0 0.199  0.115   265.425  2.424
1   0.0   54.60  -54.60 0 0.195  0.117   270.387  2.432
1   0.0   54.70  -54.70 0 0.169  0.126   385.777  2.586
1   0.0   54.80  -54.80 0 0.201  0.116   237.229  2.375
1   0.0   54.90  -54.90 0 0.249  0.100    34.035  1.532
1   0.0   55.00  -55.00 1 0.305  0.083     4.911  0.691
1   0.0   55.10  -55.10 1 0.316  0.079    -9.990 -9.990
1   0.0   55.20  -55.20 1 0.306  0.082    -9.990 -9.990
1   0.0   55.30  -55.30 0 0.278  0.092    -9.990 -9.990
1   0.0   55.40  -55.40 0 0.236  0.107   106.011  2.025
1   0.0   55.50  -55.50 0 0.198  0.122   283.964  2.453
1   0.0   55.60  -55.60 0 0.162  0.138   520.759  2.717
1   0.0   55.70  -55.70 0 0.125  0.155   768.324  2.886
1   0.0   55.80  -55.80 0 0.081  0.173  1042.369  3.018
1   0.0   55.90  -55.90 0 0.038  0.189  1307.894  3.117
1   0.0   56.00  -56.00 0 0.001  0.202  1515.527  3.181
1   0.0   56.10  -56.10 0 0.000  0.207  1548.117  3.190
1   0.0   56.20  -56.20 0 0.020  0.207  1457.749  3.164
1   0.0   56.30  -56.30 0 0.061  0.200  1237.560  3.093
1   0.0   56.40  -56.40 0 0.140  0.181   822.712  2.915
1   0.0   56.50  -56.50 0 0.177  0.173   592.285  2.773
1   0.0   56.60  -56.60 0 0.181  0.175   561.575  2.749
1   0.0   56.70  -56.70 0 0.141  0.192   845.875  2.927
1   0.0   56.80  -56.80 0 0.068  0.219  1246.057  3.096
1   0.0   56.90  -56.90 0 0.016  0.240  1608.868  3.207
1   0.0   57.00  -57.00 0 0.000  0.251  1711.968  3.233
1   0.0   57.10  -57.10 0 0.000  0.253  1736.878  3.240
1   0.0   57.20  -57.20 0 0.000  0.256  1719.974  3.236
1   0.0   57.30  -57.30 0 0.012  0.253  1664.544  3.221
1   0.0   57.40  -57.40 0 0.095  0.225  1178.380  3.071
1   0.0   57.50  -57.50 0 0.164  0.202   763.578  2.883
1   0.0   57.60  -57.60 0 0.210  0.187   458.269  2.661
1   0.0   57.70  -57.70 0 0.212  0.186   453.313  2.656
1   0.0   57.80  -57.80 0 0.206  0.190   492.150  2.692
1   0.0   57.90  -57.90 0 0.194  0.195   564.726  2.752
1   0.0   58.00  -58.00 0 0.173  0.202   676.752  2.830
1   0.0   58.10  -58.10 0 0.168  0.202   720.023  2.857
1   0.0   58.20  -58.20 0 0.163  0.203   755.740  2.878
1   0.0   58.30  -58.30 0 0.155  0.206   802.019  2.904
1   0.0   58.40  -58.40 0 0.133  0.217   955.481  2.980
1   0.0   58.50  -58.50 0 0.103  0.230  1137.894  3.056
1   0.0   58.60  -58.60 0 0.074  0.243  1325.183  3.122
1   0.0   58.70  -58.70 0 0.057  0.250  1375.848  3.139
1   0.0   58.80  -58.80 0 0.106  0.230  1169.751  3.068
1   0.0   58.90  -58.90 0 0.133  0.218   963.604  2.984
1   0.0   59.00  -59.00 0 0.116  0.225  1115.008  3.047
1   0.0   59.10  -59.10 0 0.044  0.250  1453.822  3.163
1   0.0   59.20  -59.20 0 0.020  0.256  1656.173  3.219
1   0.0   59.30  -59.30 0 0.027  0.248  1586.337  3.200
1   0.0   59.40  -59.40 0 0.015  0.246  1610.910  3.207
1   0.0   59.50  -59.50 0 0.029  0.240  1531.375  3.185
1   0.0   59.60  -59.60 0 0.063  0.229  1339.658  3.127
1   0.0   59.70  -59.70 0 0.123  0.209   989.007  2.995
1   0.0   59.80  -59.80 0 0.164  0.195   731.456  2.864
1   0.0   59.90  -59.90 0 0.188  0.185   558.768  2.747
1   0.0   60.00  -60.00 0 0.195  0.180   508.683  2.706
1   0.0   60.10  -60.10 0 0.200  0.176   465.829  2.668
1   0.0   60.20  -60.20 0 0.205  0.172   430.516  2.634
1   0.0   60.30  -60.30 0 0.208  0.169   404.481  2.607
1   0.0   60.40  -60.40 0 0.204  0.173   465.668  2.668
1   0.0   60.50  -60.50 0 0.170  0.185   637.980  2.805
1   0.0   60.60  -60.60 0 0.130  0.199   893.616  2.951
1   0.0   60.70  -60.70 0 0.102  0.209  1053.582  3.023
1   0.0   60.80  -60.80 0 0.093  0.211  1141.402  3.057
1   0.0   60.90  -60.90 0 0.073  0.216  1231.390  3.090
1   0.0   61.00  -61.00 0 0.032  0.225  1434.717  3.157
1   0.0   61.10  -61.10 0 0.036  0.224  1427.727  3.155
1   0.0   61.20  -61.20 0 0.062  0.215  1295.333  3.112
1   0.0   61.30  -61.30 0 0.103  0.202  1039.436  3.017
1   0.0   61.40  -61.40 0 0.140  0.188   842.564  2.926
1   0.0   61.50  -61.50 0 0.143  0.185   784.155  2.894
1   0.0   61.60  -61.60 0 0.130  0.187   850.434  2.930
1   0.0   61.70  -61.70 0 0.113  0.192   952.833  2.979
1   0.0   61.80  -61.80 0 0.101  0.197  1035.319  3.015
1   0.0   61.90  -61.90 0 0.088  0.202  1114.947  3.047
1   0.0   62.00  -62.00 0 0.070  0.208  1216.000  3.085
1   0.0   62.10  -62.10 0 0.063  0.212  1251.967  3.098
1   0.0   62.20  -62.20 0 0.078  0.210  1199.556  3.079
1   0.0   62.30  -62.30 0 0.108  0.204  1029.655  3.013
1   0.0   62.40  -62.40 0 0.124  0.204   953.359  2.979
1   0.0   62.50  -62.50 0 0.132  0.206   909.489  2.959
1   0.0   62.60  -62.60 0 0.139  0.208   885.452  2.947
1   0.0   62.70  -62.70 0 0.154  0.206   811.540  2.909
1   0.0   62.80  -62.80 0 0.160  0.206   771.307  2.887
1   0.0   62.90  -62.90 0 0.164  0.206   755.044  2.878
1   0.0   63.00  -63.00 0 0.165  0.206   761.898  2.882
1   0.0   63.10  -63.10 0 0.154  0.211   830.965  2.920
1   0.0   63.20  -63.20 0 0.136  0.219   943.323  2.975
1   0.0   63.30  -63.30 0 0.112  0.230  1102.271  3.042
1   0.0   63.40  -63.40 0 0.077  0.243  1319.698  3.120
1   0.0   63.50  -63.50 0 0.041  0.256  1525.147  3.183
1   0.0   63.60  -63.60 0 0.016  0.265  1694.344  3.229
1   0.0   63.70  -63.70 0 0.021  0.266  1646.502  3.217
1   0.0   63.80  -63.80 0 0.055  0.255  1488.487  3.173
1   0.0   63.90  -63.90 0 0.080  0.246  1316.225  3.119
1   0.0   64.00  -64.00 0 0.087  0.242  1276.292  3.106
1   0.0   64.10  -64.10 0 0.083  0.240  1284.331  3.109
1   0.0   64.20  -64.20 0 0.074  0.240  1312.601  3.118
1   0.0   64.30  -64.30 0 0.067  0.242  1355.328  3.132
1   0.0   64.40  -64.40 0 0.087  0.236  1252.990  3.098
1   0.0   64.50  -64.50 0 0.098  0.233  1172.125  3.069
1   0.0   64.60  -64.60 0 0.109  0.230  1109.476  3.045
1   0.0   64.70  -64.70 0 0.133  0.222   961.743  2.983
1   0.0   64.80  -64.80 0 0.160  0.211   803.695  2.905
1   0.0   64.90  -64.90 0 0.178  0.201   667.471  2.824
1   0.0   65.00  -65.00 0 0.185  0.195   619.977  2.792
1   0.0   65.10  -65.10 0 0.182  0.194   632.366  2.801
1   0.0   65.20  -65.20 0 0.170  0.198   698.313  2.844
1   0.0   65.30  -65.30 0 0.149  0.206   829.094  2.919
1   0.0   65.40  -65.40 0 0.122  0.213   948.766  2.977
1   0.0   65.50  -65.50 0 0.128  0.209   950.050  2.978
1   0.0   65.60  -65.60 0 0.142  0.203   850.505  2.930
1   0.0   65.70  -65.70 0 0.145  0.202   841.760  2.925
1   0.0   65.80  -65.80 0 0.141  0.205   873.208  2.941
1   0.0   65.90  -65.90 0 0.129  0.210   932.025  2.969
1   0.0   66.00  -66.00 0 0.108  0.217  1012.989  3.006
1   0.0   66.10  -66.10 0 0.141  0.206   885.226  2.947
1   0.0   66.20  -66.20 0 0.160  0.202   758.826  2.880
1   0.0   66.30  -66.30 0 0.169  0.203   721.546  2.858
1   0.0   66.40  -66.40 0 0.172  0.206   712.564  2.853
1   0.0   66.50  -66.50 0 0.176  0.207   698.862  2.844
1   0.0   66.60  -66.60 0 0.179  0.207   682.138  2.834
1   0.0   66.70  -66.70 0 0.180  0.208   697.576  2.844
1   0.0   66.80  -66.80 0 0.167  0.215   789.454  2.897
1   0.0   66.90  -66.90 0 0.137  0.226   954.122  2.980
1   0.0   67.00  -67.00 0 0.090  0.241  1230.141  3.090
1   0.0   67.10  -67.10 0 0.058  0.251  1423.930  3.153
1   0.0   67.20  -67.20 0 0.040  0.257  1546.595  3.189
1   0.0   67.30  -67.30 0 0.033  0.258  1583.349  3.200
1   0.0   67.40  -67.40 0 0.044  0.251  1526.880  3.184
1   0.0   67.50  -67.50 0 0.042  0.248  1513.095  3.180
1   0.0   67.60  -67.60 0 0.034  0.248  1547.031  3.189
1   0.0   67.70  -67.70 0 0.022  0.249  1596.521  3.203
1   0.0   67.80  -67.80 0 0.026  0.249  1583.910  3.200
1   0.0   67.90  -67.90 0 0.039  0.246  1517.037  3.181
1   0.0   68.00  -68.00 0 0.060  0.239  1376.446  3.139
1   0.0   68.10  -68.10 0 0.091  0.228  1210.797  3.083
1   0.0   68.20  -68.20 0 0.110  0.224  1086.702  3.036
1   0.0   68.30  -68.30 0 0.119  0.225  1045.455  3.019
1   0.0   68.40  -68.40 0 0.125  0.227  1013.592  3.006
1   0.0   68.50  -68.50 0 0.138  0.225   959.484  2.982
1   0.0   68.60  -68.60 0 0.147  0.221   895.405  2.952
1   0.0   68.70  -68.70 0 0.138  0.222   970.992  2.987
1   0.0   68.80  -68.80 0 0.100  0.230  1126.581  3.052
1   0.0   68.90  -68.90 0 0.079  0.231  1261.999  3.101
1   0.0   69.00  -69.00 0 0.089  0.222  1175.974  3.070
1   0.0   69.10  -69.10 0 0.104  0.211  1074.751  3.031
1   0.0   69.20  -69.20 0 0.113  0.201   990.061  2.996
1   0.0   69.30  -69.30 0 0.118  0.194   941.235  2.974
1   0.0   69.40  -69.40 0 0.119  0.188   917.371  2.963
1   0.0   69.50  -69.50 0 0.119  0.185   900.640  2.955
1   0.0   69.60  -69.60 0 0.120  0.183   886.544  2.948
1   0.0   69.70  -69.70 0 0.127  0.180   840.778  2.925
1   0.0   69.80  -69.80 0 0.138  0.178   782.883  2.894
1   0.0   69.90  -69.90 0 0.149  0.176   720.699  2.858
1   0.0   70.00  -70.00 0 0.159  0.174   666.752  2.824
1   0.0   70.10  -70.10 0 0.167  0.176   635.681  2.803
1   0.0   70.20  -70.20 0 0.169  0.177   618.525  2.791
1   0.0   70.30  -70.30 0 0.169  0.177   615.234  2.789
1   0.0   70.40  -70.40 0 0.183  0.167   531.015  2.725
1   0.0   70.50  -70.50 0 0.190  0.165   474.355  2.676
1   0.0   70.60  -70.60 0 0.196  0.165   447.264  2.651
1   0.0   70.70  -70.70 0 0.210  0.163   375.609  2.575
1   0.0   70.80  -70.80 0 0.221  0.165   328.717  2.517
1   0.0   70.90  -70.90 0 0.227  0.168   308.646  2.489
1   0.0   71.00  -71.00 0 0.228  0.175   336.477  2.527
1   0.0   71.10  -71.10 0 0.221  0.188   409.049  2.612
1   0.0   71.20  -71.20 0 0.211  0.202   503.772  2.702
1   0.0   71.30  -71.30 0 0.198  0.216   616.493  2.790
1   0.0   71.40  -71.40 0 0.189  0.225   692.731  2.841
1   0.0   71.50  -71.50 0 0.181  0.229   754.384  2.878
1   0.0   71.60  -71.60 0 0.172  0.232   808.579  2.908
1   0.0   71.70  -71.70 0 0.156  0.236   919.735  2.964
1   0.0   71.80  -71.80 0 0.122  0.242  1082.126  3.034
1   0.0   71.90  -71.90 0 0.093  0.246  1245.351  3.095
1   0.0   72.00  -72.00 0 0.076  0.245  1305.831  3.116
1   0.0   72.10  -72.10 0 0.080  0.235  1269.045  3.103
1   0.0   72.20  -72.20 0 0.089  0.223  1176.077  3.070
1   0.0   72.30  -72.30 0 0.107  0.207  1029.732  3.013
1   0.0   72.40  -72.40 0 0.146  0.184   812.505  2.910
1   0.0   72.50  -72.50 0 0.146  0.177   737.806  2.868
1   0.0   72.60  -72.60 0 0.131  0.177   812.936  2.910
1   0.0   72.70  -72.70 0 0.123  0.178   883.721  2.946
1   0.0   72.80  -72.80 0 0.091  0.187  1038.190  3.016
1   0.0   72.90  -72.90 0 0.062  0.195  1220.453  3.087
1   0.0   73.00  -73.00 0 0.042  0.199  1329.127  3.124
1   0.0   73.10  -73.10 0 0.024  0.200  1406.506  3.148
1   0.0   73.20  -73.20 0 0.022  0.197  1428.938  3.155
1   0.0   73.30  -73.30 0 0.031  0.191  1366.304  3.136
1   0.0   73.40  -73.40 0 0.028  0.192  1387.265  3.142
1   0.0   73.50  -73.50 0 0.017  0.194  1423.916  3.153
1   0.0   73.60  -73.60 0 0.014  0.195  1459.303  3.164
1   0.0   73.70  -73.70 0 0.037  0.190  1347.706  3.130
1   0.0   73.80  -73.80 0 0.041  0.191  1320.012  3.121
1   0.0   73.90  -73.90 0 0.034  0.196  1359.410  3.133
1   0.0   74.00  -74.00 0 0.015  0.205  1471.782  3.168
1   0.0   74.10  -74.10 0 0.010  0.210  1534.180  3.186
1   0.0   74.20  -74.20 0 0.005  0.217  1581.505  3.199
1   0.0   74.30  -74.30 0 0.000  0.224  1627.352  3.211
1   0.0   74.40  -74.40 0 0.000  0.228  1644.551  3.216
1   0.0   74.50  -74.50 0 0.000  0.230  1648.440  3.217
1   0.0   74.60  -74.60 0 0.004  0.230  1635.698  3.214
1   0.0   74.70  -74.70 0 0.016  0.229  1540.719  3.188
1   0.0   74.80  -74.80 0 0.057  0.222  1370.987  3.137
1   0.0   74.90  -74.90 0 0.084  0.221  1198.992  3.079
1   0.0   75.00  -75.00 0 0.088  0.227  1187.716  3.075
1   0.0   75.10  -75.10 0 0.101  0.222  1131.818  3.054
1   0.0   75.20  -75.20 0 0.107  0.218  1082.573  3.034
1   0.0   75.30  -75.30 0 0.107  0.215  1070.467  3.030
1   0.0   75.40  -75.40 0 0.105  0.214  1084.247  3.035
1   0.0   75.50  -75.50 0 0.097  0.216  1102.526  3.042
1   0.0   75.60  -75.60 0 0.099  0.215  1111.658  3.046
1   0.0   75.70  -75.70 0 0.132  0.206   938.065  2.972
1   0.0   75.80  -75.80 0 0.145  0.205   849.989  2.929
1   0.0   75.90  -75.90 0 0.150  0.208   828.643  2.918
1   0.0   76.00  -76.00 0 0.149  0.214   872.805  2.941
1   0.0   76.10  -76.10 0 0.134  0.223   957.653  2.981
1   0.0   76.20  -76.20 0 0.123  0.229  1042.867  3.018
1   0.0   76.30  -76.30 0 0.114  0.234  1105.706  3.044
1   0.0   76.40  -76.40 0 0.100  0.239  1195.935  3.078
1   0.0   76.50  -76.50 0 0.081  0.246  1310.534  3.117
1   0.0   76.60  -76.60 0 0.058  0.253  1447.414  3.161
1   0.0   76.70  -76.70 0 0.032  0.262  1569.445  3.196
1   0.0   76.80  -76.80 0 0.040  0.259  1566.577  3.195
1   0.0   76.90  -76.90 0 0.050  0.255  1502.480  3.177
1   0.0   77.00  -77.00 0 0.054  0.251  1491.748  3.174
1   0.0   77.10  -77.10 0 0.032  0.254  1562.557  3.194
1   0.0   77.20  -77.20 0 0.022  0.251  1609.557  3.207
1   0.0   77.30  -77.30 0 0.026  0.244  1562.619  3.194
1   0.0   77.40  -77.40 0 0.056  0.232  1382.673  3.141
1   0.0   77.50  -77.50 0 0.089  0.221  1186.639  3.074
1   0.0   77.60  -77.60 0 0.120  0.212   994.344  2.998
1   0.0   77.70  -77.70 0 0.141  0.204   928.181  2.968
1   0.0   77.80  -77.80 0 0.105  0.215  1060.500  3.026
1   0.0   77.90  -77.90 0 0.071  0.225  1282.245  3.108
1   0.0   78.00  -78.00 0 0.055  0.228  1378.686  3.139
1   0.0   78.10  -78.10 0 0.037  0.233  1478.508  3.170
1   0.0   78.20  -78.20 0 0.022  0.238  1568.902  3.196
1   0.0   78.30  -78.30 0 0.010  0.242  1638.691  3.214
1   0.0   78.40  -78.40 0 0.007  0.242  1647.160  3.217
1   0.0   78.50  -78.50 0 0.013  0.238  1616.180  3.208
1   0.0   78.60  -78.60 0 0.023  0.232  1548.263  3.190
1   0.0   78.70  -78.70 0 0.036  0.225  1465.632  3.166
1   0.0   78.80  -78.80 0 0.041  0.221  1421.278  3.153
1   0.0   78.90  -78.90 0 0.043  0.221  1409.297  3.149
1   0.0   79.00  -79.00 0 0.043  0.225  1435.203  3.157
1   0.0   79.10  -79.10 0 0.030  0.231  1510.156  3.179
1   0.0   79.20  -79.20 0 0.015  0.238  1601.684  3.205
1   0.0   79.30  -79.30 0 0.000  0.244  1695.847  3.229
1   0.0   79.40  -79.40 0 0.000  0.246  1709.073  3.233
1   0.0   79.50  -79.50 0 0.000  0.247  1713.393  3.234
1   0.0   79.60  -79.60 0 0.000  0.248  1717.475  3.235
1   0.0   79.70  -79.70 0 0.000  0.251  1725.336  3.237
1   0.0   79.80  -79.80 0 0.000  0.250  1724.429  3.237
1   0.0   79.90  -79.90 0 0.000  0.248  1719.157  3.235
1   0.0   80.00  -80.00 0 0.000  0.248  1718.446  3.235
1   0.0   80.10  -80.10 0 0.000  0.248  1719.488  3.235
1   0.0   80.20  -80.20 0 0.000  0.249  1721.185  3.236
1   0.0   80.30  -80.30 0 0.000  0.250  1723.086  3.236
1   0.0   80.40  -80.40 0 0.000  0.247  1716.269  3.235
1   0.0   80.50  -80.50 0 0.000  0.246  1712.813  3.234
1   0.0   80.60  -80.60 0 0.000  0.247  1714.527  3.234
1   0.0   80.70  -80.70 0 0.000  0.250  1724.186  3.237
1   0.0   80.80  -80.80 0 0.000  0.251  1722.441  3.236
1   0.0   80.90  -80.90 0 0.005  0.250  1706.135  3.232
1   0.0   81.00  -81.00 0 0.016  0.246  1657.323  3.219
1   0.0   81.10  -81.10 0 0.005  0.247  1683.550  3.226
1   0.0   81.20  -81.20 0 0.000  0.248  1718.634  3.235
1   0.0   81.30  -81.30 0 0.000  0.249  1722.402  3.236
1   0.0   81.40  -81.40 0 0.000  0.251  1728.730  3.238
1   0.0   81.50  -81.50 0 0.000  0.253  1734.317  3.239
1   0.0   81.60  -81.60 0 0.000  0.254  1738.747  3.240
1   0.0   81.70  -81.70 0 0.000  0.255  1743.301  3.241
1   0.0   81.80  -81.80 0 0.000  0.258  1752.127  3.244
1   0.0   81.90  -81.90 0 0.000  0.260  1761.514  3.246
1   0.0   82.00  -82.00 0 0.000  0.261  1761.276  3.246
1   0.0   82.10  -82.10 0 0.000  0.259  1756.819  3.245
1   0.0   82.20  -82.20 0 0.000  0.258  1751.099  3.243
1   0.0   82.30  -82.30 0 0.001  0.257  1745.621  3.242
1   0.0   82.40  -82.40 0 0.004  0.255  1727.201  3.237
1   0.0   82.50  -82.50 0 0.003  0.253  1723.447  3.236
1   0.0   82.60  -82.60 0 0.000  0.254  1737.906  3.240
1   0.0   82.70  -82.70 0 0.000  0.256  1745.556  3.242
1   0.0   82.80  -82.80 0 0.000  0.258  1754.071  3.244
1   0.0   82.90  -82.90 0 0.000  0.260  1761.675  3.246
1   0.0   83.00  -83.00 0 0.000  0.262  1762.586  3.246
1   0.0   83.10  -83.10 0 0.005  0.261  1733.076  3.239
1   0.0   83.20  -83.20 0 0.015  0.258  1683.628  3.226
1   0.0   83.30  -83.30 0 0.028  0.254  1613.444  3.208
1   0.0   83.40  -83.40 0 0.025  0.257  1635.639  3.214
1   0.0   83.50  -83.50 0 0.016  0.261  1671.808  3.223
1   0.0   83.60  -83.60 0 0.013  0.263  1705.719  3.232
1   0.0   83.70  -83.70 0 0.029  0.258  1584.446  3.200
1   0.0   83.80  -83.80 0 0.062  0.245  1423.938  3.153
1   0.0   83.90  -83.90 0 0.083  0.237  1280.983  3.108
1   0.0   84.00  -84.00 0 0.084  0.236  1338.780  3.127
1   0.0   84.10  -84.10 0 0.025  0.258  1580.915  3.199
1   0.0   84.20  -84.20 0 0.000  0.267  1784.416  3.251
1   0.0   84.30  -84.30 0 0.002  0.266  1772.389  3.249
1   0.0   84.40  -84.40 0 0.005  0.260  1745.024  3.242
1   0.0   84.50  -84.50 0 0.003  0.257  1734.410  3.239
1   0.0   84.60  -84.60 0 0.000  0.256  1745.228  3.242
1   0.0   84.70  -84.70 0 0.000  0.255  1743.804  3.241
1   0.0   84.80  -84.80 0 0.000  0.254  1731.604  3.238
1   0.0   84.90  -84.90 0 0.006  0.251  1702.382  3.231
1   0.0   85.00  -85.00 0 0.019  0.245  1625.985  3.211
1   0.0   85.10  -85.10 0 0.024  0.242  1595.628  3.203
1   0.0   85.20  -85.20 0 0.016  0.242  1613.093  3.208
1   0.0   85.30  -85.30 0 0.000  0.246  1700.005  3.230
1   0.0   85.40  -85.40 0 0.000  0.246  1712.569  3.234
1   0.0   85.50  -85.50 0 0.000  0.248  1716.012  3.235
1   0.0   85.60  -85.60 0 0.000  0.249  1719.845  3.235
1   0.0   85.70  -85.70 0 0.000  0.249  1721.838  3.236
1   0.0   85.80  -85.80 0 0.000  0.250  1724.271  3.237
1   0.0   85.90  -85.90 0 0.000  0.251  1727.051  3.237
1   0.0   86.00  -86.00 0 0.000  0.252  1730.089  3.238
1   0.0   86.10  -86.10 0 0.000  0.250  1725.621  3.237
1   0.0   86.20  -86.20 0 0.001  0.249  1717.021  3.235
1   0.0   86.30  -86.30 0 0.003  0.249  1705.083  3.232
1   0.0   86.40  -86.40 0 0.008  0.248  1655.276  3.219
1   0.0   86.50  -86.50 0 0.028  0.240  1549.353  3.190
1   0.0   86.60  -86.60 0 0.054  0.229  1382.925  3.141
1   0.0   86.70  -86.70 0 0.084  0.216  1247.259  3.096
1   0.0   86.80  -86.80 0 0.070  0.221  1270.869  3.104
1   0.0   86.90  -86.90 0 0.050  0.229  1397.998  3.146
1   0.0   87.00  -87.00 0 0.031  0.239  1504.650  3.177
1   0.0   87.10  -87.10 0 0.034  0.242  1521.655  3.182
1   0.0   87.20  -87.20 0 0.042  0.243  1490.644  3.173
1   0.0   87.30  -87.30 0 0.054  0.241  1423.287  3.153
1   0.0   87.40  -87.40 0 0.065  0.239  1381.731  3.140
1   0.0   87.50  -87.50 0 0.062  0.240  1387.906  3.142
1   0.0   87.60  -87.60 0 0.050  0.243  1448.632  3.161
1   0.0   87.70  -87.70 0 0.029  0.248  1546.229  3.189
1   0.0   87.80  -87.80 0 0.029  0.248  1547.945  3.190
1   0.0   87.90  -87.90 0 0.049  0.243  1458.395  3.164
1   0.0   88.00  -88.00 0 0.090  0.232  1238.760  3.093
1   0.0   88.10  -88.10 0 0.112  0.228  1117.219  3.048
1   0.0   88.20  -88.20 0 0.114  0.229  1081.738  3.034
1   0.0   88.30  -88.30 0 0.102  0.235  1161.134  3.065
1   0.0   88.40  -88.40 0 0.092  0.235  1201.225  3.080
1   0.0   88.50  -88.50 0 0.091  0.231  1193.958  3.077
1   0.0   88.60  -88.60 0 0.101  0.224  1133.027  3.054
1   0.0   88.70  -88.70 0 0.126  0.215   962.448  2.983
1   0.0   88.80  -88.80 0 0.163  0.207   779.410  2.892
1   0.0   88.90  -88.90 0 0.191  0.203   606.684  2.783
1   0.0   89.00  -89.00 0 0.207  0.201   532.163  2.726
1   0.0   89.10  -89.10 0 0.217  0.204   496.718  2.696
1   0.0   89.20  -89.20 0 0.218  0.209   499.616  2.699
1   0.0   89.30  -89.30 0 0.212  0.217   557.739  2.746
1   0.0   89.40  -89.40 0 0.203  0.223   632.144  2.801
1   0.0   89.50  -89.50 0 0.183  0.229   732.399  2.865
1   0.0   89.60  -89.60 0 0.163  0.234   860.013  2.935
1   0.0   89.70  -89.70 0 0.151  0.237   876.317  2.943
1   0.0   89.80  -89.80 0 0.179  0.228   756.352  2.879
1   0.0   89.90  -89.90 0 0.215  0.217   543.816  2.735
1   0.0   90.00  -90.00 0 0.253  0.204   347.340  2.541
1   0.0   90.10  -90.10 0 0.258  0.200   272.364  2.435
1   0.0   90.20  -90.20 0 0.259  0.198   258.451  2.412
1   0.0   90.30  -90.30 0 0.255  0.198   281.882  2.450
1   0.0   90.40  -90.40 0 0.239  0.204   395.417  2.597
1   0.0   90.50  -90.50 0 0.208  0.215   553.220  2.743
1   0.0   90.60  -90.60 0 0.178  0.224   748.312  2.874
1   0.0   90.70  -90.70 0 0.164  0.227   817.875  2.913
1   0.0   90.80  -90.80 0 0.160  0.229   834.518  2.921
1   0.0   90.90  -90.90 0 0.173  0.227   797.370  2.902
1   0.0   91.00  -91.00 0 0.206  0.220   672.351  2.828
1   0.0   91.10  -91.10 0 0.180  0.228   742.091  2.870
1   0.0   91.20  -91.20 0 0.163  0.235   864.320  2.937
1   0.0   91.30  -91.30 0 0.153  0.240   937.580  2.972
1   0.0   91.40  -91.40 0 0.132  0.246  1033.803  3.014
1   0.0   91.50  -91.50 0 0.127  0.247  1072.827  3.031
1   0.0   91.60  -91.60 0 0.135  0.243  1032.947  3.014
1   0.0   91.70  -91.70 0 0.164  0.232   845.811  2.927
1   0.0   91.80  -91.80 0 0.196  0.221   676.394  2.830
1   0.0   91.90  -91.90 0 0.213  0.216   548.421  2.739
1   0.0   92.00  -92.00 0 0.210  0.218   579.716  2.763
1   0.0   92.10  -92.10 0 0.199  0.223   634.878  2.803
1   0.0   92.20  -92.20 0 0.190  0.226   699.424  2.845
1   0.0   92.30  -92.30 0 0.180  0.229   764.623  2.883
1   0.0   92.40  -92.40 0 0.157  0.233   871.809  2.940
1   0.0   92.50  -92.50 0 0.143  0.233   939.911  2.973
1   0.0   92.60  -92.60 0 0.142  0.229   948.195  2.977
1   0.0   92.70  -92.70 0 0.161  0.220   827.687  2.918
1   0.0   92.80  -92.80 0 0.175  0.214   692.658  2.841
1   0.0   92.90  -92.90 0 0.208  0.199   520.393  2.716
1   0.0   93.00  -93.00 0 0.270  0.174   196.674  2.294
1   0.0   93.10  -93.10 0 0.269  0.167    63.149  1.800
1   0.0   93.20  -93.20 0 0.287  0.154    16.560  1.219
1   0.0   93.30  -93.30 1 0.315  0.139     2.087  0.320
1   0.0   93.40  -93.40 1 0.328  0.131    -9.990 -9.990
1   0.0   93.50  -93.50 1 0.332  0.125    -9.990 -9.990
1   0.0   93.60  -93.60 1 0.328  0.124    -9.990 -9.990
1   0.0   93.70  -93.70 1 0.311  0.130    -9.990 -9.990
1   0.0   93.80  -93.80 1 0.312  0.133    -9.990 -9.990
1   0.0   93.90  -93.90 1 0.305  0.139    -9.990 -9.990
1   0.0   94.00  -94.00 0 0.285  0.149    -9.990 -9.990
1   0.0   94.10  -94.10 0 0.263  0.157    80.601  1.906
1   0.0   94.20  -94.20 0 0.249  0.162   178.788  2.252
1   0.0   94.30  -94.30 0 0.239  0.166   242.529  2.385
1   0.0   94.40  -94.40 0 0.221  0.172   349.512  2.543
1   0.0   94.50  -94.50 0 0.202  0.179   458.408  2.661
1   0.0   94.60  -94.60 0 0.189  0.186   560.382  2.748
1   0.0   94.70  -94.70 0 0.187  0.192   591.304  2.772
1   0.0   94.80  -94.80 0 0.183  0.199   633.493  2.802
1   0.0   94.90  -94.90 0 0.178  0.206   682.784  2.834
1   0.0   95.00  -95.00 0 0.171  0.212   724.310  2.860
1   0.0   95.10  -95.10 0 0.173  0.212   697.043  2.843
1   0.0   95.20  -95.20 0 0.196  0.204   591.039  2.772
1   0.0   95.30  -95.30 0 0.234  0.191   356.835  2.552
1   0.0   95.40  -95.40 0 0.264  0.177   151.885  2.182
1   0.0   95.50  -95.50 0 0.295  0.164    26.229  1.419
1   0.0   95.60  -95.60 1 0.344  0.147     0.134 -0.873
1   0.0   95.70  -95.70 1 0.438  0.118    -9.990 -9.990
1   0.0   95.80  -95.80 1 0.472  0.107    -9.990 -9.990
1   0.0   95.90  -95.90 1 0.489  0.101    -9.990 -9.990
1   0.0   96.00  -96.00 1 0.496  0.097    -9.990 -9.990
1   0.0   96.10  -96.10 1 0.439  0.112    -9.990 -9.990
1   0.0   96.20  -96.20 1 0.369  0.135    -9.990 -9.990
1   0.0   96.30  -96.30 0 0.294  0.163    -9.990 -9.990
1   0.0   96.40  -96.40 0 0.256  0.187   207.034  2.316
1   0.0   96.50  -96.50 0 0.234  0.206   402.592  2.605
1   0.0   96.60  -96.60 0 0.219  0.221   534.689  2.728
1   0.0   96.70  -96.70 0 0.203  0.233   662.897  2.821
1   0.0   96.80  -96.80 0 0.180  0.241   793.389  2.899
1   0.0   96.90  -96.90 0 0.159  0.245   914.617  2.961
1   0.0   97.00  -97.00 0 0.144  0.246   966.792  2.985
1   0.0   97.10  -97.10 0 0.149  0.240   956.754  2.981
1   0.0   97.20  -97.20 0 0.152  0.239   930.829  2.969
1   0.0   97.30  -97.30 0 0.154  0.240   929.856  2.968
1   0.0   97.40  -97.40 0 0.151  0.244   955.071  2.980
1   0.0   97.50  -97.50 0 0.146  0.246   985.285  2.994
1   0.0   97.60  -97.60 0 0.140  0.246  1016.051  3.007
1   0.0   97.70  -97.70 0 0.135  0.246  1027.320  3.012
1   0.0   97.80  -97.80 0 0.139  0.241  1013.457  3.006
1   0.0   97.90  -97.90 0 0.139  0.238   990.034  2.996
1   0.0   98.00  -98.00 0 0.132  0.240  1029.476  3.013
1   0.0   98.10  -98.10 0 0.130  0.241  1045.533  3.019
1   0.0   98.20  -98.20 0 0.132  0.242  1045.117  3.019
1   0.0   98.30  -98.30 0 0.136  0.242  1027.132  3.012
1   0.0   98.40  -98.40 0 0.135  0.245  1039.515  3.017
1   0.0   98.50  -98.50 0 0.131  0.247  1051.484  3.022
1   0.0   98.60  -98.60 0 0.132  0.246  1055.302  3.023
1   0.0   98.70  -98.70 0 0.150  0.237   923.397  2.965
1   0.0   98.80  -98.80 0 0.175  0.223   779.176  2.892
1   0.0   98.90  -98.90 0 0.192  0.213   638.975  2.805
1   0.0   99.00  -99.00 0 0.196  0.207   581.618  2.765
1   0.0   99.10  -99.10 0 0.212  0.200   479.919  2.681
1   0.0   99.20  -99.20 0 0.236  0.191   348.185  2.542
1   0.0   99.30  -99.30 0 0.263  0.181   186.540  2.271
1   0.0   99.40  -99.40 0 0.275  0.177   112.251  2.050
1   0.0   99.50  -99.50 0 0.275  0.174    82.244  1.915
1   0.0   99.60  -99.60 0 0.272  0.171    91.905  1.963
1   0.0   99.70  -99.70 0 0.270  0.165    60.337  1.781
1   0.0   99.80  -99.80 0 0.284  0.159    28.165  1.450
1   0.0   99.90  -99.90 0 0.295  0.157    -9.990 -9.990
1   0.0  100.00 -100.00 0 0.300  0.159    -9.990 -9.990
1   0.0  100.10 -100.10 0 0.285  0.173    91.240  1.960
1   0.0  100.20 -100.20 0 0.252  0.193   266.657  2.426
1   0.0  100.30 -100.30 0 0.207  0.215   563.751  2.751
1   0.0  100.40 -100.40 0 0.169  0.231   749.125  2.875
1   0.0  100.50 -100.50 0 0.175  0.229   783.902  2.894
1   0.0  100.60 -100.60 0 0.198  0.219   634.251  2.802
1   0.0  100.70 -100.70 0 0.217  0.206   500.708  2.700
1   0.0  100.80 -100.80 0 0.230  0.195   380.687  2.581
1   0.0  100.90 -100.90 0 0.246  0.183   264.505  2.422
1   0.0  101.00 -101.00 0 0.269  0.171   100.991  2.004
1   0.0  101.10 -101.10 0 0.298  0.161    26.386  1.421
1   0.0  101.20 -101.20 1 0.310  0.158    -9.990 -9.990
1   0.0  101.30 -101.30 1 0.306  0.162    -9.990 -9.990
1   0.0  101.40 -101.40 0 0.277  0.172    77.794  1.891
1   0.0  101.50 -101.50 0 0.263  0.176   147.791  2.170
1   0.0  101.60 -101.60 0 0.257  0.177   185.158  2.268
1   0.0  101.70 -101.70 0 0.258  0.176   222.095  2.347
1   0.0  101.80 -101.80 0 0.229  0.184   318.587  2.503
1   0.0  101.90 -101.90 0 0.215  0.188   439.050  2.643
1   0.0  102.00 -102.00 0 0.230  0.184   384.731  2.585
1   0.0  102.10 -102.10 0 0.220  0.190   400.008  2.602
1   0.0  102.20 -102.20 0 0.221  0.192   428.485  2.632
1   0.0  102.30 -102.30 0 0.228  0.194   408.242  2.611
1   0.0  102.40 -102.40 0 0.217  0.200   469.660  2.672
1   0.0  102.50 -102.50 0 0.205  0.205   542.790  2.735
1   0.0  102.60 -102.60 0 0.195  0.209   609.579  2.785
1   0.0  102.70 -102.70 0 0.193  0.209   634.672  2.803
1   0.0  102.80 -102.80 0 0.181  0.212   674.444  2.829
1   0.0  102.90 -102.90 0 0.178  0.215   718.094  2.856
1   0.0  103.00 -103.00 0 0.188  0.214   695.686  2.842
1   0.0  103.10 -103.10 0 0.176  0.220   771.498  2.887
1   0.0  103.20 -103.20 0 0.146  0.229   920.232  2.964
1   0.0  103.30 -103.30 0 0.106  0.239  1150.597  3.061
1   0.0  103.40 -103.40 0 0.077  0.246  1303.043  3.115
1   0.0  103.50 -103.50 0 0.064  0.248  1388.201  3.142
1   0.0  103.60 -103.60 0 0.064  0.247  1397.083  3.145
1   0.0  103.70 -103.70 0 0.076  0.243  1304.753  3.116
1   0.0  103.80 -103.80 0 0.101  0.235  1171.958  3.069
1   0.0  103.90 -103.90 0 0.127  0.226  1009.134  3.004
1   0.0  104.00 -104.00 0 0.154  0.218   857.475  2.933
1   0.0  104.10 -104.10 0 0.174  0.213   748.677  2.874
1   0.0  104.20 -104.20 0 0.182  0.212   696.247  2.843
1   0.0  104.30 -104.30 0 0.176  0.216   749.575  2.875
1   0.0  104.40 -104.40 0 0.149  0.226   849.435  2.929
1   0.0  104.50 -104.50 0 0.153  0.225   881.241  2.945
1   0.0  104.60 -104.60 0 0.167  0.222   796.952  2.901
1   0.0  104.70 -104.70 0 0.174  0.220   748.225  2.874
1   0.0  104.80 -104.80 0 0.184  0.215   716.241  2.855
1   0.0  104.90 -104.90 0 0.178  0.215   716.830  2.855
1   0.0  105.00 -105.00 0 0.150  0.222   868.224  2.939
1   0.0  105.10 -105.10 0 0.130  0.228   988.778  2.995
1   0.0  105.20 -105.20 0 0.117  0.232  1086.245  3.036
1   0.0  105.30 -105.30 0 0.106  0.237  1157.854  3.064
1   0.0  105.40 -105.40 0 0.086  0.243  1248.711  3.096
1   0.0  105.50 -105.50 0 0.080  0.244  1302.375  3.115
1   0.0  105.60 -105.60 0 0.081  0.241  1293.589  3.112
1   0.0  105.70 -105.70 0 0.085  0.239  1270.583  3.104
1   0.0  105.80 -105.80 0 0.086  0.239  1259.950  3.100
1   0.0  105.90 -105.90 0 0.087  0.240  1258.007  3.100
1   0.0  106.00 -106.00 0 0.087  0.240  1237.923  3.093
1   0.0  106.10 -106.10 0 0.100  0.236  1199.320  3.079
1   0.0  106.20 -106.20 0 0.100  0.236  1182.871  3.073
1   0.0  106.30 -106.30 0 0.088  0.240  1257.541  3.100
1   0.0  106.40 -106.40 0 0.071  0.246  1344.085  3.128
1   0.0  106.50 -106.50 0 0.063  0.251  1411.375  3.150
1   0.0  106.60 -106.60 0 0.060  0.255  1445.228  3.160
1   0.0  106.70 -106.70 0 0.060  0.257  1450.173  3.161
1   0.0  106.80 -106.80 0 0.060  0.256  1443.731  3.159
1   0.0  106.90 -106.90 0 0.063  0.254  1422.308  3.153
1   0.0  107.00 -107.00 0 0.068  0.252  1350.846  3.131
1   0.0  107.10 -107.10 0 0.105  0.243  1212.293  3.084
1   0.0  107.20 -107.20 0 0.123  0.240  1082.763  3.035
1   0.0  107.30 -107.30 0 0.127  0.241  1075.844  3.032
1   0.0  107.40 -107.40 0 0.119  0.243  1100.289  3.042
1   0.0  107.50 -107.50 0 0.117  0.242  1102.424  3.042
1   0.0  107.60 -107.60 0 0.124  0.238  1059.257  3.025
1   0.0  107.70 -107.70 0 0.152  0.227   906.757  2.957
1   0.0  107.80 -107.80 0 0.169  0.222   808.766  2.908
1   0.0  107.90 -107.90 0 0.171  0.222   773.543  2.888
1   0.0  108.00 -108.00 0 0.157  0.227   836.058  2.922
1   0.0  108.10 -108.10 0 0.162  0.226   810.179  2.909
1   0.0  108.20 -108.20 0 0.182  0.219   714.135  2.854
1   0.0  108.30 -108.30 0 0.213  0.210   533.393  2.727
1   0.0  108.40 -108.40 0 0.236  0.203   398.904  2.601
1   0.0  108.50 -108.50 0 0.251  0.199   302.739  2.481
1   0.0  108.60 -108.60 0 0.259  0.196   250.634  2.399
1   0.0  108.70 -108.70 0 0.259  0.193   241.083  2.382
1   0.0  108.80 -108.80 0 0.256  0.190   242.356  2.384
1   0.0  108.90 -108.90 0 0.253  0.189   250.091  2.398
2 600.0    0.00    0.00 1 0.633  0.020    -9.990 -9.990
2 600.0    0.10   -0.10 1 0.629  0.000    -9.990 -9.990
2 600.0    0.20   -0.20 1 0.621  0.000    -9.990 -9.990
2 600.0    0.30   -0.30 1 0.614  0.000    -9.990 -9.990
2 600.0    0.40   -0.40 1 0.595  0.023    -9.990 -9.990
2 600.0    0.50   -0.50 1 0.557  0.017    -9.990 -9.990
2 600.0    0.60   -0.60 1 0.576  0.008    -9.990 -9.990
2 600.0    0.70   -0.70 1 0.542  0.045    -9.990 -9.990
2 600.0    0.80   -0.80 1 0.507  0.014    -9.990 -9.990
2 600.0    0.90   -0.90 1 0.510  0.000    -9.990 -9.990
2 600.0    1.00   -1.00 1 0.551  0.024    -9.990 -9.990
2 600.0    1.10   -1.10 1 0.580  0.031    -9.990 -9.990
2 600.0    1.20   -1.20 1 0.528  0.083    -9.990 -9.990
2 600.0    1.30   -1.30 1 0.469  0.096    -9.990 -9.990
2 600.0    1.40   -1.40 1 0.409  0.103    -9.990 -9.990
2 600.0    1.50   -1.50 1 0.346  0.129    -9.990 -9.990
2 600.0    1.60   -1.60 1 0.313  0.124    -9.990 -9.990
2 600.0    1.70   -1.70 1 0.338  0.096    -9.990 -9.990
2 600.0    1.80   -1.80 0 0.269  0.151    -9.990 -9.990
2 600.0    1.90   -1.90 0 0.227  0.167   274.949  2.439
2 600.0    2.00   -2.00 0 0.240  0.182   150.933  2.179
2 600.0    2.10   -2.10 0 0.234  0.147   146.200  2.165
2 600.0    2.20   -2.20 0 0.222  0.173   151.351  2.180
2 600.0    2.30   -2.30 0 0.249  0.158    42.173  1.625
2 600.0    2.40   -2.40 0 0.209  0.190   305.759  2.485
2 600.0    2.50   -2.50 0 0.182  0.215   511.114  2.709
2 600.0    2.60   -2.60 0 0.153  0.209   654.570  2.816
2 600.0    2.70   -2.70 0 0.169  0.201   579.525  2.763
2 600.0    2.80   -2.80 0 0.176  0.196   537.737  2.731
2 600.0    2.90   -2.90 0 0.112  0.224   891.428  2.950
2 600.0    3.00   -3.00 0 0.096  0.226  1008.978  3.004
2 600.0    3.10   -3.10 0 0.094  0.226  1046.003  3.020
2 600.0    3.20   -3.20 0 0.095  0.216  1057.915  3.024
2 600.0    3.30   -3.30 0 0.095  0.213  1035.891  3.015
2 600.0    3.40   -3.40 0 0.097  0.229  1072.541  3.030
2 600.0    3.50   -3.50 0 0.092  0.245  1098.118  3.041
2 600.0    3.60   -3.60 0 0.103  0.243  1055.171  3.023
2 600.0    3.70   -3.70 0 0.093  0.233  1113.077  3.047
2 600.0    3.80   -3.80 0 0.089  0.234  1137.703  3.056
2 600.0    3.90   -3.90 0 0.094  0.214  1151.538  3.061
2 600.0    4.00   -4.00 0 0.101  0.218  1110.637  3.046
2 600.0    4.10   -4.10 0 0.091  0.224  1098.103  3.041
2 600.0    4.20   -4.20 0 0.093  0.242  1006.349  3.003
2 600.0    4.30   -4.30 0 0.098  0.233   999.445  3.000
2 600.0    4.40   -4.40 0 0.074  0.239  1137.073  3.056
2 600.0    4.50   -4.50 0 0.074  0.258  1161.785  3.065
2 600.0    4.60   -4.60 0 0.074  0.251  1185.872  3.074
2 600.0    4.70   -4.70 0 0.077  0.256  1151.240  3.061
2 600.0    4.80   -4.80 0 0.104  0.238  1049.268  3.021
2 600.0    4.90   -4.90 0 0.112  0.255  1020.713  3.009
2 600.0    5.00   -5.00 0 0.124  0.268   999.986  3.000
2 600.0    5.10   -5.10 0 0.144  0.268   905.132  2.957
2 600.0    5.20   -5.20 0 0.151  0.268   933.682  2.970
2 600.0    5.30   -5.30 0 0.139  0.266   138.063  2.140
2 600.0    5.40   -5.40 0 0.110  0.248   133.874  2.127
2 600.0    5.50   -5.50 0 0.079  0.245   293.155  2.467
2 600.0    5.60   -5.60 0 0.091  0.231  1096.968  3.040
2 600.0    5.70   -5.70 0 0.103  0.212   659.729  2.819
2 600.0    5.80   -5.80 0 0.129  0.213   177.888  2.250
2 600.0    5.90   -5.90 0 0.150  0.197   139.408  2.144
2 600.0    6.00   -6.00 0 0.150  0.211   133.045  2.124
2 600.0    6.10   -6.10 0 0.163  0.190   100.716  2.003
2 600.0    6.20   -6.20 0 0.183  0.174    60.002  1.778
2 600.0    6.30   -6.30 0 0.257  0.134    10.295  1.013
2 600.0    6.40   -6.40 1 0.395  0.043     0.124 -0.907
2 600.0    6.50   -6.50 1 0.412  0.038     0.096 -1.018
2 600.0    6.60   -6.60 1 0.487  0.014     0.088 -1.056
2 600.0    6.70   -6.70 1 0.431  0.074     0.062 -1.208
2 600.0    6.80   -6.80 1 0.439  0.116     0.038 -1.420
2 600.0    6.90   -6.90 1 0.500  0.078     0.023 -1.638
2 600.0    7.00   -7.00 1 0.530  0.081     0.017 -1.770
2 600.0    7.10   -7.10 1 0.534  0.090     0.016 -1.796
2 600.0    7.20   -7.20 1 0.532  0.083     0.019 -1.721
2 600.0    7.30   -7.30 1 0.522  0.078     0.026 -1.585
2 600.0    7.40   -7.40 1 0.491  0.111     0.034 -1.469
2 600.0    7.50   -7.50 1 0.480  0.111     0.042 -1.377
2 600.0    7.60   -7.60 1 0.459  0.115     0.051 -1.292
2 600.0    7.70   -7.70 1 0.464  0.101     0.057 -1.244
2 600.0    7.80   -7.80 1 0.455  0.111     0.056 -1.252
2 600.0    7.90   -7.90 1 0.423  0.158     0.050 -1.301
2 600.0    8.00   -8.00 1 0.458  0.137     0.042 -1.377
2 600.0    8.10   -8.10 1 0.445  0.177     0.031 -1.509
2 600.0    8.20   -8.20 1 0.457  0.174     0.018 -1.745
2 600.0    8.30   -8.30 1 0.453  0.175     0.012 -1.921
2 600.0    8.40   -8.40 1 0.441  0.181     0.018 -1.745
2 600.0    8.50   -8.50 1 0.455  0.178     0.036 -1.444
2 600.0    8.60   -8.60 1 0.445  0.175     0.051 -1.292
2 600.0    8.70   -8.70 1 0.441  0.170     0.049 -1.310
2 600.0    8.80   -8.80 1 0.422  0.148     0.041 -1.387
2 600.0    8.90   -8.90 1 0.435  0.153     0.036 -1.444
2 600.0    9.00   -9.00 1 0.418  0.139     0.039 -1.409
2 600.0    9.10   -9.10 1 0.401  0.110     0.051 -1.292
2 600.0    9.20   -9.20 1 0.437  0.135     0.064 -1.194
2 600.0    9.30   -9.30 1 0.435  0.132     0.071 -1.149
2 600.0    9.40   -9.40 1 0.442  0.122     0.065 -1.187
2 600.0    9.50   -9.50 1 0.429  0.145     0.055 -1.260
2 600.0    9.60   -9.60 1 0.413  0.153     0.050 -1.301
2 600.0    9.70   -9.70 1 0.421  0.124     0.050 -1.301
2 600.0    9.80   -9.80 1 0.417  0.112     0.052 -1.284
2 600.0    9.90   -9.90 1 0.404  0.121     0.049 -1.310
2 600.0   10.00  -10.00 1 0.409  0.172     0.039 -1.409
2 600.0   10.10  -10.10 1 0.388  0.188     0.031 -1.509
2 600.0   10.20  -10.20 1 0.347  0.182     0.035 -1.456
2 600.0   10.30  -10.30 1 0.347  0.179     0.056 -1.252
2 600.0   10.40  -10.40 1 0.314  0.155     0.087 -1.060
2 600.0   10.50  -10.50 1 0.327  0.185     0.129 -0.889
2 600.0   10.60  -10.60 1 0.320  0.142     0.296 -0.529
2 600.0   10.70  -10.70 0 0.254  0.142     1.073  0.031
2 600.0   10.80  -10.80 0 0.260  0.151     2.716  0.434
2 600.0   10.90  -10.90 0 0.268  0.130     3.319  0.521
2 600.0   11.00  -11.00 0 0.275  0.127     3.200  0.505
2 600.0   11.10  -11.10 0 0.299  0.125     6.041  0.781
2 600.0   11.20  -11.20 0 0.292  0.139    24.897  1.396
2 600.0   11.30  -11.30 0 0.290  0.137    95.925  1.982
2 600.0   11.40  -11.40 0 0.271  0.143   253.956  2.405
2 600.0   11.50  -11.50 0 0.252  0.140   566.010  2.753
2 600.0   11.60  -11.60 1 0.330  0.052  1005.386  3.002
2 600.0   11.70  -11.70 0 0.249  0.078  1439.869  3.158
2 600.0   11.80  -11.80 0 0.137  0.168  1862.521  3.270
2 600.0   11.90  -11.90 0 0.100  0.172  2280.974  3.358
2 600.0   12.00  -12.00 0 0.082  0.177  2766.224  3.442
2 600.0   12.10  -12.10 0 0.060  0.184  3249.934  3.512
2 600.0   12.20  -12.20 0 0.050  0.189  3732.718  3.572
2 600.0   12.30  -12.30 0 0.044  0.197  4214.907  3.625
2 600.0   12.40  -12.40 0 0.041  0.195  4685.777  3.671
2 600.0   12.50  -12.50 0 0.037  0.194  5062.779  3.704
2 600.0   12.60  -12.60 0 0.031  0.214  5268.969  3.722
2 600.0   12.70  -12.70 0 0.029  0.214  5348.591  3.728
2 600.0   12.80  -12.80 0 0.034  0.213  5069.542  3.705
2 600.0   12.90  -12.90 0 0.045  0.208  4112.688  3.614
2 600.0   13.00  -13.00 0 0.051  0.223  3162.138  3.500
2 600.0   13.10  -13.10 0 0.061  0.242  2865.123  3.457
2 600.0   13.20  -13.20 0 0.065  0.249  2808.897  3.449
2 600.0   13.30  -13.30 0 0.074  0.243  2250.173  3.352
2 600.0   13.40  -13.40 0 0.090  0.235  1088.832  3.037
2 600.0   13.50  -13.50 0 0.139  0.228   176.984  2.248
2 600.0   13.60  -13.60 0 0.191  0.218    23.867  1.378
2 600.0   13.70  -13.70 0 0.202  0.205    14.058  1.148
2 600.0   13.80  -13.80 0 0.160  0.239    33.927  1.531
2 600.0   13.90  -13.90 0 0.115  0.200   249.790  2.398
2 600.0   14.00  -14.00 0 0.095  0.233  1316.318  3.119
2 600.0   14.10  -14.10 0 0.078  0.254  2379.996  3.377
2 600.0   14.20  -14.20 0 0.069  0.243  2639.927  3.422
2 600.0   14.30  -14.30 0 0.067  0.241  2660.880  3.425
2 600.0   14.40  -14.40 0 0.067  0.230  2650.966  3.423
2 600.0   14.50  -14.50 0 0.069  0.226  2617.326  3.418
2 600.0   14.60  -14.60 0 0.078  0.223  2602.613  3.415
2 600.0   14.70  -14.70 0 0.091  0.214  2637.750  3.421
2 600.0   14.80  -14.80 0 0.113  0.197  2679.943  3.428
2 600.0   14.90  -14.90 0 0.138  0.180  2538.826  3.405
2 600.0   15.00  -15.00 0 0.162  0.171  2055.995  3.313
2 600.0   15.10  -15.10 0 0.184  0.172  1379.782  3.140
2 600.0   15.20  -15.20 0 0.206  0.156   420.862  2.624
2 600.0   15.30  -15.30 0 0.235  0.153    20.187  1.305
2 600.0   15.40  -15.40 0 0.264  0.161     1.238  0.093
2 600.0   15.50  -15.50 0 0.291  0.145     1.049  0.021
2 600.0   15.60  -15.60 0 0.293  0.146     5.809  0.764
2 600.0   15.70  -15.70 0 0.280  0.169    93.842  1.972
2 600.0   15.80  -15.80 0 0.246  0.160   581.000  2.764
2 600.0   15.90  -15.90 0 0.244  0.171  1056.550  3.024
2 600.0   16.00  -16.00 0 0.239  0.177  1291.204  3.111
2 600.0   16.10  -16.10 0 0.226  0.170  1256.687  3.099
2 600.0   16.20  -16.20 0 0.226  0.167   859.730  2.934
2 600.0   16.30  -16.30 0 0.250  0.176   221.455  2.345
2 600.0   16.40  -16.40 0 0.257  0.173    27.643  1.442
2 600.0   16.50  -16.50 0 0.246  0.161     6.881  0.838
2 600.0   16.60  -16.60 0 0.271  0.148     3.506  0.545
2 600.0   16.70  -16.70 0 0.255  0.166    15.312  1.185
2 600.0   16.80  -16.80 0 0.213  0.157   499.950  2.699
2 600.0   16.90  -16.90 0 0.212  0.174  1307.198  3.116
2 600.0   17.00  -17.00 0 0.176  0.173  1556.230  3.192
2 600.0   17.10  -17.10 0 0.176  0.192  1329.882  3.124
2 600.0   17.20  -17.20 0 0.159  0.196   653.459  2.815
2 600.0   17.30  -17.30 0 0.142  0.205   142.774  2.155
2 600.0   17.40  -17.40 0 0.152  0.200   217.848  2.338
2 600.0   17.50  -17.50 0 0.152  0.206   619.325  2.792
2 600.0   17.60  -17.60 0 0.146  0.202   816.040  2.912
2 600.0   17.70  -17.70 0 0.151  0.208   960.512  2.983
2 600.0   17.80  -17.80 0 0.151  0.226  1160.924  3.065
2 600.0   17.90  -17.90 0 0.156  0.213  1242.289  3.094
2 600.0   18.00  -18.00 0 0.166  0.202  1007.189  3.003
2 600.0   18.10  -18.10 0 0.183  0.182   405.134  2.608
2 600.0   18.20  -18.20 0 0.235  0.166    88.196  1.945
2 600.0   18.30  -18.30 0 0.247  0.148    49.495  1.695
2 600.0   18.40  -18.40 0 0.216  0.183   135.714  2.133
2 600.0   18.50  -18.50 0 0.169  0.184   339.759  2.531
2 600.0   18.60  -18.60 0 0.137  0.211   495.742  2.695
2 600.0   18.70  -18.70 0 0.105  0.225   647.405  2.811
2 600.0   18.80  -18.80 0 0.077  0.236   797.499  2.902
2 600.0   18.90  -18.90 0 0.064  0.249   946.854  2.976
2 600.0   19.00  -19.00 0 0.058  0.236  1095.779  3.040
2 600.0   19.10  -19.10 0 0.058  0.222  1244.439  3.095
2 600.0   19.20  -19.20 0 0.074  0.213  1392.917  3.144
2 600.0   19.30  -19.30 0 0.107  0.192  1541.269  3.188
2 600.0   19.40  -19.40 0 0.106  0.211  1689.526  3.228
2 600.0   19.50  -19.50 0 0.104  0.229  1837.713  3.264
2 600.0   19.60  -19.60 0 0.110  0.218  1985.848  3.298
2 600.0   19.70  -19.70 0 0.112  0.220  2133.940  3.329
2 600.0   19.80  -19.80 0 0.109  0.221  2281.990  3.358
2 600.0   19.90  -19.90 0 0.104  0.224  2427.864  3.385
2 600.0   20.00  -20.00 0 0.097  0.230  2559.570  3.408
2 600.0   20.10  -20.10 0 0.090  0.231  2663.519  3.425
2 600.0   20.20  -20.20 0 0.087  0.224  2710.731  3.433
2 600.0   20.30  -20.30 0 0.089  0.219  2661.461  3.425
2 600.0   20.40  -20.40 0 0.101  0.218  2527.214  3.403
2 600.0   20.50  -20.50 0 0.114  0.217  2359.649  3.373
2 600.0   20.60  -20.60 0 0.127  0.208  2165.443  3.336
2 600.0   20.70  -20.70 0 0.145  0.209  1934.550  3.287
2 600.0   20.80  -20.80 0 0.164  0.214  1683.933  3.226
2 600.0   20.90  -20.90 0 0.186  0.201  1423.021  3.153
2 600.0   21.00  -21.00 0 0.214  0.193  1146.248  3.059
2 600.0   21.10  -21.10 0 0.273  0.193   853.790  2.931
2 600.0   21.20  -21.20 1 0.328  0.148   534.391  2.728
2 600.0   21.30  -21.30 1 0.319  0.160   107.749  2.032
2 600.0   21.40  -21.40 1 0.361  0.107     3.530  0.548
2 600.0   21.50  -21.50 1 0.430  0.068     0.123 -0.910
2 600.0   21.60  -21.60 1 0.426  0.066     0.018 -1.745
2 600.0   21.70  -21.70 1 0.440  0.069     0.007 -2.155
2 600.0   21.80  -21.80 1 0.436  0.086     0.006 -2.222
2 600.0   21.90  -21.90 1 0.440  0.109     0.006 -2.222
2 600.0   22.00  -22.00 1 0.447  0.103     0.007 -2.155
2 600.0   22.10  -22.10 1 0.485  0.126     0.007 -2.155
2 600.0   22.20  -22.20 1 0.500  0.119     0.008 -2.097
2 600.0   22.30  -22.30 1 0.510  0.111     0.008 -2.097
2 600.0   22.40  -22.40 1 0.498  0.103     0.009 -2.046
2 600.0   22.50  -22.50 1 0.534  0.068     0.009 -2.046
2 600.0   22.60  -22.60 1 0.539  0.078     0.011 -1.959
2 600.0   22.70  -22.70 1 0.561  0.079     0.016 -1.796
2 600.0   22.80  -22.80 1 0.568  0.054     0.024 -1.620
2 600.0   22.90  -22.90 1 0.564  0.000     0.034 -1.469
2 600.0   23.00  -23.00 1 0.574  0.000     0.051 -1.292
2 600.0   23.10  -23.10 1 0.574  0.000     0.073 -1.137
2 600.0   23.20  -23.20 1 0.541  0.031     0.083 -1.081
2 600.0   23.30  -23.30 1 0.569  0.037     0.076 -1.119
2 600.0   23.40  -23.40 1 0.574  0.041     0.062 -1.208
2 600.0   23.50  -23.50 1 0.580  0.032     0.044 -1.357
2 600.0   23.60  -23.60 1 0.576  0.000     0.027 -1.569
2 600.0   23.70  -23.70 1 0.602  0.011     0.030 -1.523
2 600.0   23.80  -23.80 1 0.644  0.005     0.083 -1.081
2 600.0   23.90  -23.90 1 0.647  0.005     0.211 -0.676
2 600.0   24.00  -24.00 1 0.641  0.008     0.317 -0.499
2 600.0   24.10  -24.10 1 0.668  0.000     0.336 -0.474
2 600.0   24.20  -24.20 1 0.713  0.000     0.266 -0.575
2 600.0   24.30  -24.30 1 0.715  0.000     0.177 -0.752
2 600.0   24.40  -24.40 1 0.692  0.000     0.127 -0.896
2 600.0   24.50  -24.50 1 0.668  0.000     2.233  0.349
2 600.0   24.60  -24.60 1 0.690  0.000   129.941  2.114
2 600.0   24.70  -24.70 1 0.706  0.000   388.361  2.589
2 600.0   24.80  -24.80 1 0.708  0.000   237.585  2.376
2 600.0   24.90  -24.90 1 0.703  0.000    18.873  1.276
2 600.0   25.00  -25.00 1 0.722  0.000     0.266 -0.575
2 600.0   25.10  -25.10 1 0.714  0.000     0.012 -1.921
2 600.0   25.20  -25.20 1 0.689  0.000     0.003 -2.523
2 600.0   25.30  -25.30 1 0.700  0.000     0.003 -2.523
2 600.0   25.40  -25.40 1 0.728  0.000     0.006 -2.222
2 600.0   25.50  -25.50 1 0.716  0.000     0.017 -1.770
2 600.0   25.60  -25.60 1 0.696  0.000     0.025 -1.602
2 600.0   25.70  -25.70 1 0.682  0.000     0.020 -1.699
2 600.0   25.80  -25.80 1 0.686  0.000     0.012 -1.921
2 600.0   25.90  -25.90 1 0.682  0.000     0.008 -2.097
2 600.0   26.00  -26.00 1 0.655  0.007     0.005 -2.301
2 600.0   26.10  -26.10 1 0.653  0.012     0.004 -2.398
2 600.0   26.20  -26.20 1 0.671  0.004     0.003 -2.523
2 600.0   26.30  -26.30 1 0.654  0.015     0.003 -2.523
2 600.0   26.40  -26.40 1 0.646  0.009     0.004 -2.398
2 600.0   26.50  -26.50 1 0.658  0.030     0.010 -2.000
2 600.0   26.60  -26.60 1 0.657  0.060     0.035 -1.456
2 600.0   26.70  -26.70 1 0.654  0.073     0.076 -1.119
2 600.0   26.80  -26.80 1 0.662  0.066     0.099 -1.004
2 600.0   26.90  -26.90 1 0.671  0.052     0.076 -1.119
2 600.0   27.00  -27.00 1 0.690  0.046     0.033 -1.481
2 600.0   27.10  -27.10 1 0.698  0.023     0.014 -1.854
2 600.0   27.20  -27.20 1 0.723  0.013     0.011 -1.959
2 600.0   27.30  -27.30 1 0.752  0.003     0.015 -1.824
2 600.0   27.40  -27.40 1 0.722  0.000     0.040 -1.398
2 600.0   27.50  -27.50 1 0.694  0.015     0.173 -0.762
2 600.0   27.60  -27.60 1 0.649  0.000     0.465 -0.333
2 600.0   27.70  -27.70 1 0.607  0.000     0.565 -0.248
2 600.0   27.80  -27.80 1 0.578  0.004     0.402 -0.396
2 600.0   27.90  -27.90 1 0.548  0.059     0.147 -0.833
2 600.0   28.00  -28.00 1 0.516  0.092     0.030 -1.523
2 600.0   28.10  -28.10 1 0.480  0.040     0.009 -2.046
2 600.0   28.20  -28.20 1 0.470  0.029     0.006 -2.222
2 600.0   28.30  -28.30 1 0.455  0.031     0.006 -2.222
2 600.0   28.40  -28.40 1 0.443  0.028     0.009 -2.046
2 600.0   28.50  -28.50 1 0.428  0.037     0.018 -1.745
2 600.0   28.60  -28.60 1 0.413  0.057     0.034 -1.469
2 600.0   28.70  -28.70 1 0.410  0.064     0.059 -1.229
2 600.0   28.80  -28.80 1 0.434  0.123     0.160 -0.796
2 600.0   28.90  -28.90 1 0.406  0.095     0.658 -0.182
2 600.0   29.00  -29.00 1 0.400  0.081     1.975  0.296
2 600.0   29.10  -29.10 1 0.390  0.079     3.400  0.531
2 600.0   29.20  -29.20 1 0.407  0.082     4.780  0.679
2 600.0   29.30  -29.30 1 0.337  0.079     5.990  0.777
2 600.0   29.40  -29.40 1 0.380  0.115     5.530  0.743
2 600.0   29.50  -29.50 1 0.429  0.098     4.154  0.618
2 600.0   29.60  -29.60 1 0.381  0.141     3.479  0.541
2 600.0   29.70  -29.70 1 0.374  0.151     3.212  0.507
2 600.0   29.80  -29.80 1 0.357  0.155     3.566  0.552
2 600.0   29.90  -29.90 1 0.345  0.161     4.624  0.665
2 600.0   30.00  -30.00 1 0.355  0.153     5.961  0.775
2 600.0   30.10  -30.10 1 0.342  0.089     7.761  0.890
2 600.0   30.20  -30.20 1 0.356  0.089    10.529  1.022
2 600.0   30.30  -30.30 1 0.381  0.126    14.644  1.166
2 600.0   30.40  -30.40 1 0.397  0.132    19.174  1.283
2 600.0   30.50  -30.50 1 0.387  0.112    23.513  1.371
2 600.0   30.60  -30.60 1 0.391  0.149    24.854  1.395
2 600.0   30.70  -30.70 1 0.372  0.154    20.328  1.308
2 600.0   30.80  -30.80 1 0.362  0.152    12.798  1.107
2 600.0   30.90  -30.90 1 0.362  0.157     5.377  0.731
2 600.0   31.00  -31.00 1 0.317  0.137     1.823  0.261
2 600.0   31.10  -31.10 1 0.360  0.155     1.017  0.007
2 600.0   31.20  -31.20 1 0.386  0.154     0.889 -0.051
2 600.0   31.30  -31.30 1 0.402  0.151     0.908 -0.042
2 600.0   31.40  -31.40 1 0.395  0.152     1.215  0.085
2 600.0   31.50  -31.50 1 0.398  0.146     1.676  0.224
2 600.0   31.60  -31.60 1 0.420  0.146     1.253  0.098
2 600.0   31.70  -31.70 1 0.414  0.140     0.496 -0.305
2 600.0   31.80  -31.80 1 0.409  0.140     0.255 -0.593
2 600.0   31.90  -31.90 1 0.369  0.152     0.225 -0.648
2 600.0   32.00  -32.00 1 0.344  0.099     0.258 -0.588
2 600.0   32.10  -32.10 1 0.324  0.089     0.391 -0.408
2 600.0   32.20  -32.20 1 0.366  0.121     0.586 -0.232
2 600.0   32.30  -32.30 1 0.414  0.117     0.774 -0.111
2 600.0   32.40  -32.40 1 0.430  0.106     1.046  0.020
2 600.0   32.50  -32.50 1 0.447  0.097     2.064  0.315
2 600.0   32.60  -32.60 1 0.390  0.101     4.648  0.667
2 600.0   32.70  -32.70 1 0.394  0.120     7.128  0.853
2 600.0   32.80  -32.80 1 0.375  0.127     6.059  0.782
2 600.0   32.90  -32.90 1 0.371  0.121     3.125  0.495
2 600.0   33.00  -33.00 1 0.367  0.120     1.817  0.259
2 600.0   33.10  -33.10 1 0.376  0.119     1.469  0.167
2 600.0   33.20  -33.20 1 0.386  0.119     1.795  0.254
2 600.0   33.30  -33.30 1 0.385  0.117     3.882  0.589
2 600.0   33.40  -33.40 1 0.378  0.121     8.888  0.949
2 600.0   33.50  -33.50 1 0.363  0.131    18.194  1.260
2 600.0   33.60  -33.60 1 0.347  0.143    28.776  1.459
2 600.0   33.70  -33.70 1 0.330  0.128    26.236  1.419
2 600.0   33.80  -33.80 1 0.315  0.120     8.571  0.933
2 600.0   33.90  -33.90 1 0.307  0.129     1.552  0.191
2 600.0   34.00  -34.00 0 0.279  0.111     1.148  0.060
2 600.0   34.10  -34.10 0 0.244  0.101     3.522  0.547
2 600.0   34.20  -34.20 0 0.242  0.140     8.600  0.934
2 600.0   34.30  -34.30 0 0.210  0.159    12.851  1.109
2 600.0   34.40  -34.40 0 0.141  0.170    18.698  1.272
2 600.0   34.50  -34.50 0 0.143  0.194    57.029  1.756
2 600.0   34.60  -34.60 0 0.188  0.172   217.564  2.338
2 600.0   34.70  -34.70 0 0.170  0.188   444.075  2.647
2 600.0   34.80  -34.80 0 0.106  0.223   704.471  2.848
2 600.0   34.90  -34.90 0 0.098  0.235  1034.493  3.015
2 600.0   35.00  -35.00 0 0.128  0.221  1380.687  3.140
2 600.0   35.10  -35.10 0 0.135  0.203  1722.720  3.236
2 600.0   35.20  -35.20 0 0.114  0.189  1994.316  3.300
2 600.0   35.30  -35.30 0 0.125  0.198  2066.645  3.315
2 600.0   35.40  -35.40 0 0.140  0.201  1993.539  3.300
2 600.0   35.50  -35.50 0 0.154  0.189  1555.389  3.192
2 600.0   35.60  -35.60 0 0.161  0.180   556.605  2.746
2 600.0   35.70  -35.70 0 0.162  0.163   295.049  2.470
2 600.0   35.80  -35.80 0 0.158  0.175   663.527  2.822
2 600.0   35.90  -35.90 0 0.185  0.204  1173.707  3.070
2 600.0   36.00  -36.00 0 0.203  0.197   612.085  2.787
2 600.0   36.10  -36.10 0 0.217  0.171    34.293  1.535
2 600.0   36.20  -36.20 0 0.254  0.146     4.347  0.638
2 600.0   36.30  -36.30 0 0.245  0.155     6.083  0.784
2 600.0   36.40  -36.40 0 0.199  0.169    16.609  1.220
2 600.0   36.50  -36.50 0 0.164  0.179    74.481  1.872
2 600.0   36.60  -36.60 0 0.129  0.184   244.011  2.387
2 600.0   36.70  -36.70 0 0.134  0.196   496.802  2.696
2 600.0   36.80  -36.80 0 0.143  0.199   838.847  2.924
2 600.0   36.90  -36.90 0 0.161  0.193  1185.755  3.074
2 600.0   37.00  -37.00 0 0.178  0.196  1211.594  3.083
2 600.0   37.10  -37.10 0 0.219  0.184   386.622  2.587
2 600.0   37.20  -37.20 0 0.248  0.165    22.902  1.360
2 600.0   37.30  -37.30 0 0.255  0.163     3.106  0.492
2 600.0   37.40  -37.40 0 0.273  0.154     1.964  0.293
2 600.0   37.50  -37.50 0 0.282  0.149     1.425  0.154
2 600.0   37.60  -37.60 0 0.290  0.154     0.835 -0.078
2 600.0   37.70  -37.70 1 0.304  0.152     0.423 -0.374
2 600.0   37.80  -37.80 1 0.317  0.150     0.221 -0.656
2 600.0   37.90  -37.90 1 0.319  0.132     0.082 -1.086
2 600.0   38.00  -38.00 1 0.345  0.133     0.049 -1.310
2 600.0   38.10  -38.10 1 0.360  0.141    -9.990 -9.990
2 600.0   38.20  -38.20 1 0.361  0.138    -9.990 -9.990
2 600.0   38.30  -38.30 1 0.360  0.125    -9.990 -9.990
2 600.0   38.40  -38.40 1 0.347  0.101    -9.990 -9.990
2 600.0   38.50  -38.50 1 0.347  0.096    -9.990 -9.990
2 600.0   38.60  -38.60 1 0.341  0.093    -9.990 -9.990
2 600.0   38.70  -38.70 1 0.347  0.093    -9.990 -9.990
2 600.0   38.80  -38.80 1 0.359  0.098    -9.990 -9.990
2 600.0   38.90  -38.90 1 0.366  0.099    -9.990 -9.990
2 600.0   39.00  -39.00 1 0.390  0.099    -9.990 -9.990
2 600.0   39.10  -39.10 1 0.383  0.084    -9.990 -9.990
2 600.0   39.20  -39.20 1 0.375  0.078    -9.990 -9.990
2 600.0   39.30  -39.30 1 0.370  0.073    -9.990 -9.990
2 600.0   39.40  -39.40 1 0.375  0.056    -9.990 -9.990
2 600.0   39.50  -39.50 1 0.372  0.047    -9.990 -9.990
2 600.0   39.60  -39.60 1 0.349  0.066    -9.990 -9.990
2 600.0   39.70  -39.70 1 0.336  0.072    -9.990 -9.990
2 600.0   39.80  -39.80 1 0.342  0.076    -9.990 -9.990
2 600.0   39.90  -39.90 1 0.340  0.081    -9.990 -9.990
2 600.0   40.00  -40.00 1 0.352  0.077    -9.990 -9.990
2 600.0   40.10  -40.10 1 0.362  0.085    -9.990 -9.990
2 600.0   40.20  -40.20 1 0.377  0.102    -9.990 -9.990
2 600.0   40.30  -40.30 1 0.389  0.074    -9.990 -9.990
2 600.0   40.40  -40.40 1 0.392  0.062    -9.990 -9.990
2 600.0   40.50  -40.50 1 0.389  0.060    -9.990 -9.990
2 600.0   40.60  -40.60 1 0.382  0.064    -9.990 -9.990
2 600.0   40.70  -40.70 1 0.367  0.091    -9.990 -9.990
2 600.0   40.80  -40.80 1 0.341  0.091    10.812  1.034
2 600.0   40.90  -40.90 1 0.324  0.083    12.377  1.093
2 600.0   41.00  -41.00 0 0.297  0.093    16.587  1.220
2 600.0   41.10  -41.10 0 0.272  0.100    20.379  1.309
2 600.0   41.20  -41.20 0 0.246  0.123    21.300  1.328
2 600.0   41.30  -41.30 0 0.229  0.138    21.519  1.333
2 600.0   41.40  -41.40 0 0.228  0.155    21.284  1.328
2 600.0   41.50  -41.50 0 0.223  0.170    21.067  1.324
2 600.0   41.60  -41.60 0 0.215  0.158    21.613  1.335
2 600.0   41.70  -41.70 0 0.205  0.158    22.616  1.354
2 600.0   41.80  -41.80 0 0.217  0.177    22.184  1.346
2 600.0   41.90  -41.90 0 0.225  0.189    18.397  1.265
2 600.0   42.00  -42.00 0 0.239  0.186    13.817  1.140
2 600.0   42.10  -42.10 0 0.255  0.165    10.877  1.037
2 600.0   42.20  -42.20 0 0.262  0.164     8.799  0.944
2 600.0   42.30  -42.30 0 0.240  0.166     6.765  0.830
2 600.0   42.40  -42.40 0 0.256  0.137     4.653  0.668
2 600.0   42.50  -42.50 0 0.274  0.118     2.532  0.403
2 600.0   42.60  -42.60 0 0.232  0.141     2.090  0.320
2 600.0   42.70  -42.70 0 0.228  0.145     7.405  0.870
2 600.0   42.80  -42.80 0 0.197  0.153    98.736  1.994
2 600.0   42.90  -42.90 0 0.153  0.172   564.608  2.752
2 600.0   43.00  -43.00 0 0.116  0.188   980.224  2.991
2 600.0   43.10  -43.10 0 0.083  0.197  1301.724  3.115
2 600.0   43.20  -43.20 0 0.058  0.205  1875.423  3.273
2 600.0   43.30  -43.30 0 0.038  0.209  3015.143  3.479
2 600.0   43.40  -43.40 0 0.028  0.221  3626.422  3.559
2 600.0   43.50  -43.50 0 0.021  0.226  3575.620  3.553
2 600.0   43.60  -43.60 0 0.016  0.232  3949.142  3.597
2 600.0   43.70  -43.70 0 0.010  0.222  4723.000  3.674
2 600.0   43.80  -43.80 0 0.013  0.207  5423.643  3.734
2 600.0   43.90  -43.90 0 0.005  0.220  5639.861  3.751
2 600.0   44.00  -44.00 0 0.004  0.225  5480.019  3.739
2 600.0   44.10  -44.10 0 0.005  0.224  5274.091  3.722
2 600.0   44.20  -44.20 0 0.008  0.216  5145.887  3.711
2 600.0   44.30  -44.30 0 0.010  0.207  4639.568  3.666
2 600.0   44.40  -44.40 0 0.012  0.205  4605.115  3.663
2 600.0   44.50  -44.50 0 0.018  0.210  4493.951  3.653
2 600.0   44.60  -44.60 0 0.026  0.213  4323.170  3.636
2 600.0   44.70  -44.70 0 0.037  0.209  4093.817  3.612
2 600.0   44.80  -44.80 0 0.047  0.200  3890.154  3.590
2 600.0   44.90  -44.90 0 0.055  0.191  3742.219  3.573
2 600.0   45.00  -45.00 0 0.058  0.185  3664.178  3.564
2 600.0   45.10  -45.10 0 0.052  0.189  3788.598  3.578
2 600.0   45.20  -45.20 0 0.045  0.197  3938.474  3.595
2 600.0   45.30  -45.30 0 0.037  0.204  4100.915  3.613
2 600.0   45.40  -45.40 0 0.032  0.202  4209.547  3.624
2 600.0   45.50  -45.50 0 0.030  0.194  4244.332  3.628
2 600.0   45.60  -45.60 0 0.036  0.195  4820.208  3.683
2 600.0   45.70  -45.70 0 0.057  0.189  4240.204  3.627
2 600.0   45.80  -45.80 0 0.073  0.199  3482.825  3.542
2 600.0   45.90  -45.90 0 0.089  0.220  2849.229  3.455
2 600.0   46.00  -46.00 0 0.074  0.249  2465.167  3.392
2 600.0   46.10  -46.10 0 0.075  0.252  2310.164  3.364
2 600.0   46.20  -46.20 0 0.076  0.256  2379.788  3.377
2 600.0   46.30  -46.30 0 0.077  0.264  2649.654  3.423
2 600.0   46.40  -46.40 0 0.069  0.265  3055.760  3.485
2 600.0   46.50  -46.50 0 0.068  0.259  3344.187  3.524
2 600.0   46.60  -46.60 0 0.068  0.255  3413.616  3.533
2 600.0   46.70  -46.70 0 0.062  0.257  3410.261  3.533
2 600.0   46.80  -46.80 0 0.064  0.258  3430.397  3.535
2 600.0   46.90  -46.90 0 0.051  0.256  3511.234  3.545
2 600.0   47.00  -47.00 0 0.033  0.240  3659.474  3.563
2 600.0   47.10  -47.10 0 0.037  0.225  3869.250  3.588
2 600.0   47.20  -47.20 0 0.028  0.225  4266.875  3.630
2 600.0   47.30  -47.30 0 0.019  0.220  4870.992  3.688
2 600.0   47.40  -47.40 0 0.011  0.206  5437.906  3.735
2 600.0   47.50  -47.50 0 0.012  0.205  5639.370  3.751
2 600.0   47.60  -47.60 0 0.040  0.228  5500.088  3.740
2 600.0   47.70  -47.70 0 0.038  0.204  5291.921  3.724
2 600.0   47.80  -47.80 0 0.003  0.160  5065.093  3.705
2 600.0   47.90  -47.90 0 0.000  0.151  4786.111  3.680
2 600.0   48.00  -48.00 0 0.002  0.168  4476.683  3.651
2 600.0   48.10  -48.10 0 0.024  0.185  4337.077  3.637
2 600.0   48.20  -48.20 0 0.019  0.204  4610.979  3.664
2 600.0   48.30  -48.30 0 0.035  0.212  5145.311  3.711
2 600.0   48.40  -48.40 0 0.031  0.217  5382.768  3.731
2 600.0   48.50  -48.50 0 0.025  0.210  4742.083  3.676
2 600.0   48.60  -48.60 0 0.024  0.194  3584.495  3.554
2 600.0   48.70  -48.70 0 0.007  0.158  2196.131  3.342
2 600.0   48.80  -48.80 0 0.007  0.130  1057.849  3.024
2 600.0   48.90  -48.90 0 0.048  0.092   559.576  2.748
2 600.0   49.00  -49.00 0 0.059  0.072   326.202  2.513
2 600.0   49.10  -49.10 0 0.058  0.091   327.222  2.515
2 600.0   49.20  -49.20 0 0.055  0.111   584.847  2.767
2 600.0   49.30  -49.30 0 0.033  0.138   970.587  2.987
2 600.0   49.40  -49.40 0 0.041  0.153  1404.912  3.148
2 600.0   49.50  -49.50 0 0.042  0.174  1897.574  3.278
2 600.0   49.60  -49.60 0 0.055  0.181  2438.750  3.387
2 600.0   49.70  -49.70 0 0.047  0.195  2993.473  3.476
2 600.0   49.80  -49.80 0 0.041  0.206  3512.842  3.546
2 600.0   49.90  -49.90 0 0.040  0.205  3796.258  3.579
2 600.0   50.00  -50.00 0 0.041  0.199  3730.046  3.572
2 600.0   50.10  -50.10 0 0.054  0.180  3522.939  3.547
2 600.0   50.20  -50.20 0 0.037  0.185  3306.473  3.519
2 600.0   50.30  -50.30 0 0.039  0.189  3072.811  3.488
2 600.0   50.40  -50.40 0 0.034  0.169  2822.051  3.451
2 600.0   50.50  -50.50 0 0.040  0.137  2635.436  3.421
2 600.0   50.60  -50.60 0 0.033  0.138  2574.168  3.411
2 600.0   50.70  -50.70 0 0.045  0.132  2576.874  3.411
2 600.0   50.80  -50.80 0 0.042  0.132  2585.139  3.412
2 600.0   50.90  -50.90 0 0.033  0.139  2593.403  3.414
2 600.0   51.00  -51.00 0 0.038  0.133  2596.993  3.414
2 600.0   51.10  -51.10 0 0.012  0.143  2533.501  3.404
2 600.0   51.20  -51.20 0 0.015  0.139  2333.220  3.368
2 600.0   51.30  -51.30 0 0.014  0.144  2134.075  3.329
2 600.0   51.40  -51.40 0 0.011  0.147  2102.479  3.323
2 600.0   51.50  -51.50 0 0.020  0.149  2063.996  3.315
2 600.0   51.60  -51.60 0 0.040  0.151  1699.408  3.230
2 600.0   51.70  -51.70 0 0.045  0.156  1106.480  3.044
2 600.0   51.80  -51.80 0 0.029  0.162   729.564  2.863
2 600.0   51.90  -51.90 0 0.033  0.155   802.433  2.904
2 600.0   52.00  -52.00 0 0.046  0.155  1162.872  3.066
2 600.0   52.10  -52.10 0 0.024  0.162  1156.152  3.063
2 600.0   52.20  -52.20 0 0.035  0.133   690.253  2.839
2 600.0   52.30  -52.30 0 0.028  0.114   241.369  2.383
2 600.0   52.40  -52.40 0 0.047  0.087    67.838  1.831
2 600.0   52.50  -52.50 0 0.084  0.060    22.845  1.359
2 600.0   52.60  -52.60 0 0.090  0.049    14.567  1.163
2 600.0   52.70  -52.70 0 0.067  0.056    20.302  1.308
2 600.0   52.80  -52.80 0 0.038  0.076    30.823  1.489
2 600.0   52.90  -52.90 0 0.028  0.103    41.298  1.616
2 600.0   53.00  -53.00 0 0.062  0.119    75.450  1.878
2 600.0   53.10  -53.10 0 0.068  0.126   272.192  2.435
2 600.0   53.20  -53.20 0 0.077  0.126   846.360  2.928
2 600.0   53.30  -53.30 0 0.057  0.146  1500.887  3.176
2 600.0   53.40  -53.40 0 0.036  0.168  2180.651  3.339
2 600.0   53.50  -53.50 0 0.053  0.164  2823.397  3.451
2 600.0   53.60  -53.60 0 0.053  0.165  3142.181  3.497
2 600.0   53.70  -53.70 0 0.053  0.161  3159.401  3.500
2 600.0   53.80  -53.80 0 0.054  0.158  3144.267  3.498
2 600.0   53.90  -53.90 0 0.064  0.149  3212.689  3.507
2 600.0   54.00  -54.00 0 0.077  0.139  3247.003  3.511
2 600.0   54.10  -54.10 0 0.079  0.136  2974.915  3.473
2 600.0   54.20  -54.20 0 0.070  0.139  2599.317  3.415
2 600.0   54.30  -54.30 0 0.067  0.131  2540.054  3.405
2 600.0   54.40  -54.40 0 0.057  0.137  2746.569  3.439
2 600.0   54.50  -54.50 0 0.072  0.126  2797.484  3.447
2 600.0   54.60  -54.60 0 0.036  0.138  2236.300  3.350
2 600.0   54.70  -54.70 0 0.044  0.127  1221.492  3.087
2 600.0   54.80  -54.80 0 0.054  0.109   413.992  2.617
2 600.0   54.90  -54.90 0 0.060  0.092   109.554  2.040
2 600.0   55.00  -55.00 0 0.109  0.055    28.025  1.448
2 600.0   55.10  -55.10 0 0.116  0.043    20.105  1.303
2 600.0   55.20  -55.20 0 0.114  0.039    27.740  1.443
2 600.0   55.30  -55.30 0 0.114  0.036    21.649  1.335
2 600.0   55.40  -55.40 0 0.114  0.032     8.603  0.935
2 600.0   55.50  -55.50 0 0.114  0.028     4.660  0.668
2 600.0   55.60  -55.60 0 0.115  0.024     9.443  0.975
2 600.0   55.70  -55.70 0 0.115  0.020    20.570  1.313
2 600.0   55.80  -55.80 0 0.117  0.015    36.842  1.566
2 600.0   55.90  -55.90 0 0.111  0.014   111.988  2.049
2 600.0   56.00  -56.00 0 0.080  0.035   359.915  2.556
2 600.0   56.10  -56.10 0 0.060  0.073   677.654  2.831
2 600.0   56.20  -56.20 0 0.039  0.100   934.524  2.971
2 600.0   56.30  -56.30 0 0.058  0.097   981.105  2.992
2 600.0   56.40  -56.40 0 0.072  0.082   824.520  2.916
2 600.0   56.50  -56.50 0 0.058  0.073   628.152  2.798
2 600.0   56.60  -56.60 0 0.049  0.067   430.907  2.634
2 600.0   56.70  -56.70 0 0.057  0.051   303.250  2.482
2 600.0   56.80  -56.80 0 0.055  0.050   846.371  2.928
2 600.0   56.90  -56.90 0 0.051  0.077  1306.386  3.116
2 600.0   57.00  -57.00 0 0.056  0.096  1454.637  3.163
2 600.0   57.10  -57.10 0 0.054  0.119  1814.021  3.259
2 600.0   57.20  -57.20 0 0.047  0.135  2212.987  3.345
2 600.0   57.30  -57.30 0 0.029  0.149  2801.272  3.447
2 600.0   57.40  -57.40 0 0.030  0.152  2825.938  3.451
2 600.0   57.50  -57.50 0 0.037  0.152  2640.975  3.422
2 600.0   57.60  -57.60 0 0.030  0.163  2975.486  3.474
2 600.0   57.70  -57.70 0 0.040  0.167  2795.247  3.446
2 600.0   57.80  -57.80 0 0.041  0.168  2803.337  3.448
2 600.0   57.90  -57.90 0 0.040  0.169  2873.484  3.458
2 600.0   58.00  -58.00 0 0.054  0.163  2456.823  3.390
2 600.0   58.10  -58.10 0 0.052  0.160  2482.093  3.395
2 600.0   58.20  -58.20 0 0.065  0.154  2061.966  3.314
2 600.0   58.30  -58.30 0 0.061  0.167  2136.013  3.330
2 600.0   58.40  -58.40 0 0.068  0.184  2100.418  3.322
2 600.0   58.50  -58.50 0 0.083  0.180  2073.289  3.317
2 600.0   58.60  -58.60 0 0.092  0.177  2254.352  3.353
2 600.0   58.70  -58.70 0 0.077  0.209  2627.379  3.420
2 600.0   58.80  -58.80 0 0.075  0.210  3038.186  3.483
2 600.0   58.90  -58.90 0 0.074  0.202  3400.342  3.532
2 600.0   59.00  -59.00 0 0.081  0.197  3709.791  3.569
2 600.0   59.10  -59.10 0 0.080  0.185  3977.963  3.600
2 600.0   59.20  -59.20 0 0.046  0.190  4131.555  3.616
2 600.0   59.30  -59.30 0 0.034  0.157  4137.091  3.617
2 600.0   59.40  -59.40 0 0.036  0.131  4085.511  3.611
2 600.0   59.50  -59.50 0 0.047  0.125  4031.703  3.605
2 600.0   59.60  -59.60 0 0.033  0.125  3977.887  3.600
2 600.0   59.70  -59.70 0 0.013  0.143  3924.076  3.594
2 600.0   59.80  -59.80 0 0.025  0.136  3867.849  3.587
2 600.0   59.90  -59.90 0 0.027  0.120  3782.726  3.578
2 600.0   60.00  -60.00 0 0.015  0.113  3639.579  3.561
2 600.0   60.10  -60.10 0 0.024  0.104  3458.433  3.539
2 600.0   60.20  -60.20 0 0.023  0.104  3239.321  3.510
2 600.0   60.30  -60.30 0 0.034  0.096  2940.140  3.468
2 600.0   60.40  -60.40 0 0.053  0.081  2582.307  3.412
2 600.0   60.50  -60.50 0 0.042  0.084  2249.088  3.352
2 600.0   60.60  -60.60 0 0.026  0.104  2026.121  3.307
2 600.0   60.70  -60.70 0 0.029  0.115  1922.152  3.284
2 600.0   60.80  -60.80 0 0.040  0.115  1915.468  3.282
2 600.0   60.90  -60.90 0 0.041  0.124  1987.688  3.298
2 600.0   61.00  -61.00 0 0.039  0.127  2090.479  3.320
2 600.0   61.10  -61.10 0 0.043  0.126  2202.003  3.343
2 600.0   61.20  -61.20 0 0.055  0.122  2324.941  3.366
2 600.0   61.30  -61.30 0 0.045  0.133  2453.198  3.390
2 600.0   61.40  -61.40 0 0.040  0.139  2572.307  3.410
2 600.0   61.50  -61.50 0 0.047  0.142  2587.514  3.413
2 600.0   61.60  -61.60 0 0.059  0.142  2404.045  3.381
2 600.0   61.70  -61.70 0 0.071  0.156  2109.587  3.324
2 600.0   61.80  -61.80 0 0.068  0.160  1800.862  3.255
2 600.0   61.90  -61.90 0 0.079  0.158  1491.205  3.174
2 600.0   62.00  -62.00 0 0.102  0.167  1179.772  3.072
2 600.0   62.10  -62.10 0 0.089  0.158   864.325  2.937
2 600.0   62.20  -62.20 0 0.100  0.151   535.304  2.729
2 600.0   62.30  -62.30 0 0.127  0.131   250.366  2.399
2 600.0   62.40  -62.40 0 0.146  0.113   108.844  2.037
2 600.0   62.50  -62.50 0 0.108  0.129    91.888  1.963
2 600.0   62.60  -62.60 0 0.082  0.136   306.998  2.487
2 600.0   62.70  -62.70 0 0.080  0.149  1449.450  3.161
2 600.0   62.80  -62.80 0 0.065  0.164  3280.341  3.516
2 600.0   62.90  -62.90 0 0.068  0.168  3485.384  3.542
2 600.0   63.00  -63.00 0 0.053  0.173  2132.405  3.329
2 600.0   63.10  -63.10 0 0.057  0.165  1522.553  3.183
2 600.0   63.20  -63.20 0 0.056  0.180  1935.727  3.287
2 600.0   63.30  -63.30 0 0.059  0.192  2695.191  3.431
2 600.0   63.40  -63.40 0 0.082  0.184  3051.611  3.485
2 600.0   63.50  -63.50 0 0.064  0.191  2913.346  3.464
2 600.0   63.60  -63.60 0 0.051  0.192  2624.705  3.419
2 600.0   63.70  -63.70 0 0.058  0.192  2316.434  3.365
2 600.0   63.80  -63.80 0 0.061  0.190  2097.403  3.322
2 600.0   63.90  -63.90 0 0.072  0.188  2207.133  3.344
2 600.0   64.00  -64.00 0 0.065  0.193  2559.057  3.408
2 600.0   64.10  -64.10 0 0.046  0.195  2641.651  3.422
2 600.0   64.20  -64.20 0 0.065  0.198  2401.675  3.381
2 600.0   64.30  -64.30 0 0.074  0.193  2424.030  3.385
2 600.0   64.40  -64.40 0 0.071  0.192  3154.516  3.499
2 600.0   64.50  -64.50 0 0.076  0.196  3472.083  3.541
2 600.0   64.60  -64.60 0 0.077  0.201  2630.453  3.420
2 600.0   64.70  -64.70 0 0.090  0.203  1573.736  3.197
2 600.0   64.80  -64.80 0 0.106  0.195  1036.400  3.016
2 600.0   64.90  -64.90 0 0.101  0.195  1428.277  3.155
2 600.0   65.00  -65.00 0 0.101  0.202  2436.568  3.387
2 600.0   65.10  -65.10 0 0.084  0.203  2582.662  3.412
2 600.0   65.20  -65.20 0 0.103  0.198  2059.366  3.314
2 600.0   65.30  -65.30 0 0.088  0.198  1623.501  3.210
2 600.0   65.40  -65.40 0 0.087  0.175  1478.112  3.170
2 600.0   65.50  -65.50 0 0.105  0.152  1492.790  3.174
2 600.0   65.60  -65.60 0 0.134  0.163  1526.990  3.184
2 600.0   65.70  -65.70 0 0.176  0.158  1580.407  3.199
2 600.0   65.80  -65.80 0 0.213  0.153  1625.762  3.211
2 600.0   65.90  -65.90 0 0.242  0.141   757.410  2.879
2 600.0   66.00  -66.00 0 0.244  0.139    90.388  1.956
2 600.0   66.10  -66.10 0 0.228  0.138    24.831  1.395
2 600.0   66.20  -66.20 0 0.247  0.135    25.887  1.413
2 600.0   66.30  -66.30 0 0.239  0.134    29.128  1.464
2 600.0   66.40  -66.40 0 0.222  0.141    29.375  1.468
2 600.0   66.50  -66.50 0 0.218  0.139    29.475  1.469
2 600.0   66.60  -66.60 0 0.242  0.129    31.354  1.496
2 600.0   66.70  -66.70 0 0.283  0.110    33.549  1.526
2 600.0   66.80  -66.80 1 0.316  0.104    32.248  1.509
2 600.0   66.90  -66.90 1 0.338  0.100    26.064  1.416
2 600.0   67.00  -67.00 1 0.329  0.099    18.775  1.274
2 600.0   67.10  -67.10 1 0.323  0.110    13.558  1.132
2 600.0   67.20  -67.20 1 0.303  0.116    10.738  1.031
2 600.0   67.30  -67.30 1 0.312  0.108     9.862  0.994
2 600.0   67.40  -67.40 1 0.305  0.109    10.583  1.025
2 600.0   67.50  -67.50 0 0.261  0.123    12.182  1.086
2 600.0   67.60  -67.60 0 0.278  0.111    14.262  1.154
2 600.0   67.70  -67.70 0 0.268  0.102    16.047  1.205
2 600.0   67.80  -67.80 0 0.260  0.104    15.758  1.198
2 600.0   67.90  -67.90 0 0.267  0.101    13.256  1.122
2 600.0   68.00  -68.00 0 0.288  0.100     9.909  0.996
2 600.0   68.10  -68.10 0 0.278  0.113     6.185  0.791
2 600.0   68.20  -68.20 0 0.282  0.117     4.220  0.625
2 600.0   68.30  -68.30 0 0.238  0.139     6.587  0.819
2 600.0   68.40  -68.40 0 0.214  0.150    15.104  1.179
2 600.0   68.50  -68.50 0 0.211  0.145    25.668  1.409
2 600.0   68.60  -68.60 0 0.205  0.155    36.362  1.561
2 600.0   68.70  -68.70 0 0.199  0.160    46.506  1.668
2 600.0   68.80  -68.80 0 0.215  0.155    54.647  1.738
2 600.0   68.90  -68.90 0 0.273  0.125    56.246  1.750
2 600.0   69.00  -69.00 0 0.282  0.126    43.267  1.636
2 600.0   69.10  -69.10 0 0.282  0.129    20.228  1.306
2 600.0   69.20  -69.20 0 0.286  0.127     9.981  0.999
2 600.0   69.30  -69.30 0 0.256  0.129    17.728  1.249
2 600.0   69.40  -69.40 0 0.244  0.137    45.130  1.654
2 600.0   69.50  -69.50 0 0.213  0.136    72.808  1.862
2 600.0   69.60  -69.60 0 0.206  0.143    99.650  1.998
2 600.0   69.70  -69.70 0 0.204  0.150   129.308  2.112
2 600.0   69.80  -69.80 0 0.189  0.153   166.805  2.222
2 600.0   69.90  -69.90 0 0.175  0.149   213.547  2.329
2 600.0   70.00  -70.00 0 0.164  0.153   270.724  2.433
2 600.0   70.10  -70.10 0 0.168  0.155   333.022  2.522
2 600.0   70.20  -70.20 0 0.161  0.154   387.668  2.588
2 600.0   70.30  -70.30 0 0.156  0.165   425.374  2.629
2 600.0   70.40  -70.40 0 0.155  0.163   441.405  2.645
2 600.0   70.50  -70.50 0 0.156  0.154   433.411  2.637
2 600.0   70.60  -70.60 0 0.158  0.159   416.563  2.620
2 600.0   70.70  -70.70 0 0.155  0.160   407.190  2.610
2 600.0   70.80  -70.80 0 0.146  0.158   409.359  2.612
2 600.0   70.90  -70.90 0 0.143  0.163   419.104  2.622
2 600.0   71.00  -71.00 0 0.133  0.165   449.092  2.652
2 600.0   71.10  -71.10 0 0.135  0.170   505.732  2.704
2 600.0   71.20  -71.20 0 0.134  0.163   562.872  2.750
2 600.0   71.30  -71.30 0 0.142  0.152   597.390  2.776
2 600.0   71.40  -71.40 0 0.149  0.153   579.260  2.763
2 600.0   71.50  -71.50 0 0.164  0.150   505.627  2.704
2 600.0   71.60  -71.60 0 0.164  0.148   426.347  2.630
2 600.0   71.70  -71.70 0 0.163  0.145   384.621  2.585
2 600.0   71.80  -71.80 0 0.164  0.148   375.969  2.575
2 600.0   71.90  -71.90 0 0.174  0.146   359.632  2.556
2 600.0   72.00  -72.00 0 0.182  0.146   325.908  2.513
2 600.0   72.10  -72.10 0 0.187  0.146   292.701  2.466
2 600.0   72.20  -72.20 0 0.171  0.142   274.356  2.438
2 600.0   72.30  -72.30 0 0.167  0.146   267.912  2.428
2 600.0   72.40  -72.40 0 0.165  0.150   260.792  2.416
2 600.0   72.50  -72.50 0 0.148  0.152   250.711  2.399
2 600.0   72.60  -72.60 0 0.144  0.154   240.051  2.380
2 600.0   72.70  -72.70 0 0.147  0.158   229.831  2.361
2 600.0   72.80  -72.80 0 0.145  0.165   235.563  2.372
2 600.0   72.90  -72.90 0 0.136  0.167   287.270  2.458
2 600.0   73.00  -73.00 0 0.128  0.172   378.946  2.579
2 600.0   73.10  -73.10 0 0.121  0.172   454.108  2.657
2 600.0   73.20  -73.20 0 0.113  0.171   462.069  2.665
2 600.0   73.30  -73.30 0 0.113  0.181   444.336  2.648
2 600.0   73.40  -73.40 0 0.124  0.176   465.856  2.668
2 600.0   73.50  -73.50 0 0.134  0.180   516.089  2.713
2 600.0   73.60  -73.60 0 0.130  0.181   558.129  2.747
2 600.0   73.70  -73.70 0 0.133  0.169   572.711  2.758
2 600.0   73.80  -73.80 0 0.149  0.167   572.589  2.758
2 600.0   73.90  -73.90 0 0.159  0.161   569.668  2.756
2 600.0   74.00  -74.00 0 0.172  0.145   514.634  2.711
2 600.0   74.10  -74.10 0 0.190  0.136   367.410  2.565
2 600.0   74.20  -74.20 0 0.207  0.132   238.805  2.378
2 600.0   74.30  -74.30 0 0.225  0.119   181.559  2.259
2 600.0   74.40  -74.40 0 0.236  0.115   151.502  2.180
2 600.0   74.50  -74.50 0 0.233  0.108   123.454  2.092
2 600.0   74.60  -74.60 0 0.228  0.106    98.276  1.992
2 600.0   74.70  -74.70 0 0.220  0.110    78.275  1.894
2 600.0   74.80  -74.80 0 0.219  0.118    67.942  1.832
2 600.0   74.90  -74.90 0 0.225  0.134    72.410  1.860
2 600.0   75.00  -75.00 0 0.207  0.139   109.714  2.040
2 600.0   75.10  -75.10 0 0.185  0.143   204.685  2.311
2 600.0   75.20  -75.20 0 0.172  0.148   325.537  2.513
2 600.0   75.30  -75.30 0 0.165  0.157   417.235  2.620
2 600.0   75.40  -75.40 0 0.162  0.166   470.388  2.672
2 600.0   75.50  -75.50 0 0.149  0.165   513.637  2.711
2 600.0   75.60  -75.60 0 0.140  0.169   560.841  2.749
2 600.0   75.70  -75.70 0 0.135  0.168   603.719  2.781
2 600.0   75.80  -75.80 0 0.130  0.172   619.797  2.792
2 600.0   75.90  -75.90 0 0.132  0.166   606.608  2.783
2 600.0   76.00  -76.00 0 0.135  0.168   604.589  2.781
2 600.0   76.10  -76.10 0 0.141  0.167   676.098  2.830
2 600.0   76.20  -76.20 0 0.142  0.159   802.703  2.905
2 600.0   76.30  -76.30 0 0.147  0.162   852.739  2.931
2 600.0   76.40  -76.40 0 0.141  0.165   809.870  2.908
2 600.0   76.50  -76.50 0 0.137  0.166   748.425  2.874
2 600.0   76.60  -76.60 0 0.138  0.166   688.330  2.838
2 600.0   76.70  -76.70 0 0.137  0.167   629.381  2.799
2 600.0   76.80  -76.80 0 0.129  0.173   574.462  2.759
2 600.0   76.90  -76.90 0 0.123  0.169   530.786  2.725
2 600.0   77.00  -77.00 0 0.121  0.169   521.523  2.717
2 600.0   77.10  -77.10 0 0.122  0.177   585.293  2.767
2 600.0   77.20  -77.20 0 0.124  0.175   689.156  2.838
2 600.0   77.30  -77.30 0 0.140  0.174   755.143  2.878
2 600.0   77.40  -77.40 0 0.146  0.176   788.183  2.897
2 600.0   77.50  -77.50 0 0.132  0.180   817.843  2.913
2 600.0   77.60  -77.60 0 0.124  0.190   848.185  2.928
2 600.0   77.70  -77.70 0 0.120  0.194   878.897  2.944
2 600.0   77.80  -77.80 0 0.117  0.211   910.254  2.959
2 600.0   77.90  -77.90 0 0.105  0.222  1252.791  3.098
2 600.0   78.00  -78.00 0 0.096  0.224  1240.054  3.093
2 600.0   78.10  -78.10 0 0.079  0.232  1364.181  3.135
2 600.0   78.20  -78.20 0 0.076  0.236  1381.111  3.140
2 600.0   78.30  -78.30 0 0.076  0.237  1336.558  3.126
2 600.0   78.40  -78.40 0 0.070  0.237  1380.247  3.140
2 600.0   78.50  -78.50 0 0.066  0.235  1365.238  3.135
2 600.0   78.60  -78.60 0 0.066  0.225  1343.908  3.128
2 600.0   78.70  -78.70 0 0.072  0.219  1256.737  3.099
2 600.0   78.80  -78.80 0 0.077  0.217  1252.010  3.098
2 600.0   78.90  -78.90 0 0.090  0.213  1180.865  3.072
2 600.0   79.00  -79.00 0 0.118  0.188  1001.133  3.000
2 600.0   79.10  -79.10 0 0.177  0.149   577.944  2.762
2 600.0   79.20  -79.20 0 0.243  0.100   153.589  2.186
2 600.0   79.30  -79.30 1 0.330  0.051    -9.990 -9.990
2 600.0   79.40  -79.40 1 0.381  0.011    -9.990 -9.990
2 600.0   79.50  -79.50 1 0.400  0.000    -9.990 -9.990
2 600.0   79.60  -79.60 1 0.414  0.019    -9.990 -9.990
2 600.0   79.70  -79.70 1 0.360  0.033    -9.990 -9.990
2 600.0   79.80  -79.80 1 0.316  0.052    -9.990 -9.990
2 600.0   79.90  -79.90 0 0.262  0.066    -9.990 -9.990
2 600.0   80.00  -80.00 0 0.221  0.080    17.253  1.237
2 600.0   80.10  -80.10 0 0.212  0.107   158.857  2.201
2 600.0   80.20  -80.20 0 0.196  0.124   297.780  2.474
2 600.0   80.30  -80.30 0 0.174  0.142   471.435  2.673
2 600.0   80.40  -80.40 0 0.157  0.155   604.066  2.781
2 600.0   80.50  -80.50 0 0.128  0.165   786.704  2.896
2 600.0   80.60  -80.60 0 0.104  0.186   981.862  2.992
2 600.0   80.70  -80.70 0 0.096  0.189  1026.227  3.011
2 600.0   80.80  -80.80 0 0.085  0.194  1102.427  3.042
2 600.0   80.90  -80.90 0 0.082  0.197  1127.216  3.052
2 600.0   81.00  -81.00 0 0.098  0.200  1057.621  3.024
2 600.0   81.10  -81.10 0 0.119  0.200   953.077  2.979
2 600.0   81.20  -81.20 0 0.122  0.186   890.522  2.950
2 600.0   81.30  -81.30 0 0.128  0.177   828.909  2.919
2 600.0   81.40  -81.40 0 0.137  0.186   812.455  2.910
2 600.0   81.50  -81.50 0 0.133  0.180   814.754  2.911
2 600.0   81.60  -81.60 0 0.128  0.180   836.999  2.923
2 600.0   81.70  -81.70 0 0.134  0.177   797.679  2.902
2 600.0   81.80  -81.80 0 0.131  0.171   792.455  2.899
2 600.0   81.90  -81.90 0 0.130  0.166   778.174  2.891
2 600.0   82.00  -82.00 0 0.125  0.165   795.081  2.900
2 600.0   82.10  -82.10 0 0.128  0.167   793.786  2.900
2 600.0   82.20  -82.20 0 0.128  0.172   806.519  2.907
2 600.0   82.30  -82.30 0 0.113  0.175   892.668  2.951
2 600.0   82.40  -82.40 0 0.110  0.188   958.827  2.982
2 600.0   82.50  -82.50 0 0.108  0.187   960.485  2.982
2 600.0   82.60  -82.60 0 0.112  0.180   917.408  2.963
2 600.0   82.70  -82.70 0 0.107  0.182   947.735  2.977
2 600.0   82.80  -82.80 0 0.110  0.179   923.424  2.965
2 600.0   82.90  -82.90 0 0.110  0.185   948.569  2.977
2 600.0   83.00  -83.00 0 0.107  0.185   960.309  2.982
2 600.0   83.10  -83.10 0 0.103  0.182   969.472  2.987
2 600.0   83.20  -83.20 0 0.100  0.183   988.371  2.995
2 600.0   83.30  -83.30 0 0.105  0.186   972.591  2.988
2 600.0   83.40  -83.40 0 0.118  0.188   914.739  2.961
2 600.0   83.50  -83.50 0 0.108  0.188   968.336  2.986
2 600.0   83.60  -83.60 0 0.108  0.190   972.611  2.988
2 600.0   83.70  -83.70 0 0.109  0.180   933.294  2.970
2 600.0   83.80  -83.80 0 0.112  0.190   953.723  2.979
2 600.0   83.90  -83.90 0 0.112  0.192   960.077  2.982
2 600.0   84.00  -84.00 0 0.111  0.183   933.013  2.970
2 600.0   84.10  -84.10 0 0.102  0.191  1002.956  3.001
2 600.0   84.20  -84.20 0 0.096  0.192  1041.091  3.017
2 600.0   84.30  -84.30 0 0.087  0.189  1076.291  3.032
2 600.0   84.40  -84.40 0 0.085  0.195  1103.526  3.043
2 600.0   84.50  -84.50 0 0.087  0.195  1097.571  3.040
2 600.0   84.60  -84.60 0 0.082  0.199  1135.675  3.055
2 600.0   84.70  -84.70 0 0.084  0.195  1113.499  3.047
2 600.0   84.80  -84.80 0 0.084  0.193  1102.011  3.042
2 600.0   84.90  -84.90 0 0.081  0.197  1134.932  3.055
2 600.0   85.00  -85.00 0 0.084  0.200  1129.163  3.053
2 600.0   85.10  -85.10 0 0.088  0.192  1080.676  3.034
2 600.0   85.20  -85.20 0 0.086  0.197  1106.962  3.044
2 600.0   85.30  -85.30 0 0.085  0.201  1127.885  3.052
2 600.0   85.40  -85.40 0 0.084  0.197  1118.680  3.049
2 600.0   85.50  -85.50 0 0.085  0.204  1135.812  3.055
2 600.0   85.60  -85.60 0 0.081  0.204  1159.014  3.064
2 600.0   85.70  -85.70 0 0.080  0.199  1146.533  3.059
2 600.0   85.80  -85.80 0 0.075  0.207  1197.572  3.078
2 600.0   85.90  -85.90 0 0.070  0.216  1253.706  3.098
2 600.0   86.00  -86.00 0 0.073  0.214  1235.594  3.092
2 600.0   86.10  -86.10 0 0.067  0.212  1253.059  3.098
2 600.0   86.20  -86.20 0 0.063  0.221  1307.087  3.116
2 600.0   86.30  -86.30 0 0.052  0.223  1372.758  3.138
2 600.0   86.40  -86.40 0 0.055  0.219  1342.026  3.128
2 600.0   86.50  -86.50 0 0.056  0.221  1343.926  3.128
2 600.0   86.60  -86.60 0 0.050  0.216  1353.672  3.132
2 600.0   86.70  -86.70 0 0.055  0.221  1347.365  3.129
2 600.0   86.80  -86.80 0 0.061  0.218  1307.841  3.117
2 600.0   86.90  -86.90 0 0.070  0.209  1230.669  3.090
2 600.0   87.00  -87.00 0 0.080  0.198  1138.806  3.056
2 600.0   87.10  -87.10 0 0.091  0.185  1037.821  3.016
2 600.0   87.20  -87.20 0 0.114  0.175   889.144  2.949
2 600.0   87.30  -87.30 0 0.116  0.168   854.459  2.932
2 600.0   87.40  -87.40 0 0.123  0.153   766.291  2.884
2 600.0   87.50  -87.50 0 0.097  0.169   951.732  2.979
2 600.0   87.60  -87.60 0 0.084  0.185  1071.719  3.030
2 600.0   87.70  -87.70 0 0.073  0.204  1196.986  3.078
2 600.0   87.80  -87.80 0 0.059  0.217  1314.264  3.119
2 600.0   87.90  -87.90 0 0.036  0.223  1449.536  3.161
2 600.0   88.00  -88.00 0 0.025  0.234  1544.624  3.189
2 600.0   88.10  -88.10 0 0.018  0.238  1591.094  3.202
2 600.0   88.20  -88.20 0 0.018  0.232  1568.666  3.196
2 600.0   88.30  -88.30 0 0.024  0.234  1548.516  3.190
2 600.0   88.40  -88.40 0 0.031  0.237  1524.202  3.183
2 600.0   88.50  -88.50 0 0.023  0.244  1589.146  3.201
2 600.0   88.60  -88.60 0 0.022  0.247  1606.812  3.206
2 600.0   88.70  -88.70 0 0.023  0.238  1567.578  3.195
2 600.0   88.80  -88.80 0 0.026  0.233  1535.648  3.186
2 600.0   88.90  -88.90 0 0.024  0.233  1544.326  3.189
2 600.0   89.00  -89.00 0 0.020  0.232  1558.094  3.193
2 600.0   89.10  -89.10 0 0.025  0.237  1555.374  3.192
2 600.0   89.20  -89.20 0 0.032  0.228  1488.724  3.173
2 600.0   89.30  -89.30 0 0.030  0.232  1515.362  3.181
2 600.0   89.40  -89.40 0 0.035  0.237  1502.605  3.177
2 600.0   89.50  -89.50 0 0.033  0.229  1486.980  3.172
2 600.0   89.60  -89.60 0 0.033  0.234  1507.529  3.178
2 600.0   89.70  -89.70 0 0.034  0.230  1485.218  3.172
2 600.0   89.80  -89.80 0 0.034  0.235  1500.500  3.176
2 600.0   89.90  -89.90 0 0.033  0.236  1513.519  3.180
2 600.0   90.00  -90.00 0 0.033  0.236  1510.720  3.179
2 600.0   90.10  -90.10 0 0.033  0.236  1512.411  3.180
2 600.0   90.20  -90.20 0 0.031  0.236  1520.551  3.182
2 600.0   90.30  -90.30 0 0.029  0.237  1535.947  3.186
2 600.0   90.40  -90.40 0 0.029  0.240  1543.103  3.188
2 600.0   90.50  -90.50 0 0.026  0.236  1547.856  3.190
2 600.0   90.60  -90.60 0 0.026  0.235  1540.274  3.188
2 600.0   90.70  -90.70 0 0.028  0.235  1535.057  3.186
2 600.0   90.80  -90.80 0 0.026  0.234  1536.746  3.187
2 600.0   90.90  -90.90 0 0.023  0.229  1535.892  3.186
2 600.0   91.00  -91.00 0 0.027  0.217  1474.301  3.169
2 600.0   91.10  -91.10 0 0.037  0.212  1404.503  3.148
2 600.0   91.20  -91.20 0 0.056  0.205  1281.467  3.108
2 600.0   91.30  -91.30 0 0.086  0.194  1097.042  3.040
2 600.0   91.40  -91.40 0 0.113  0.182   922.018  2.965
2 600.0   91.50  -91.50 0 0.140  0.174   755.080  2.878
2 600.0   91.60  -91.60 0 0.151  0.177   713.667  2.853
2 600.0   91.70  -91.70 0 0.131  0.165   768.205  2.885
2 600.0   91.80  -91.80 0 0.120  0.184   890.098  2.949
2 600.0   91.90  -91.90 0 0.107  0.196  1000.222  3.000
2 600.0   92.00  -92.00 0 0.087  0.208  1141.743  3.058
2 600.0   92.10  -92.10 0 0.070  0.220  1269.592  3.104
2 600.0   92.20  -92.20 0 0.068  0.225  1295.179  3.112
2 600.0   92.30  -92.30 0 0.060  0.239  1389.719  3.143
2 600.0   92.40  -92.40 0 0.047  0.245  1473.857  3.168
2 600.0   92.50  -92.50 0 0.032  0.248  1558.480  3.193
2 600.0   92.60  -92.60 0 0.028  0.254  1602.093  3.205
2 600.0   92.70  -92.70 0 0.028  0.257  1613.191  3.208
2 600.0   92.80  -92.80 0 0.027  0.256  1612.420  3.207
2 600.0   92.90  -92.90 0 0.025  0.255  1621.640  3.210
2 600.0   93.00  -93.00 0 0.020  0.252  1635.333  3.214
2 600.0   93.10  -93.10 0 0.024  0.252  1612.888  3.208
2 600.0   93.20  -93.20 0 0.020  0.258  1657.908  3.220
2 600.0   93.30  -93.30 0 0.012  0.260  1699.382  3.230
2 600.0   93.40  -93.40 0 0.016  0.258  1676.135  3.224
2 600.0   93.50  -93.50 0 0.011  0.253  1682.664  3.226
2 600.0   93.60  -93.60 0 0.006  0.260  1731.716  3.238
2 600.0   93.70  -93.70 0 0.010  0.265  1729.055  3.238
2 600.0   93.80  -93.80 0 0.007  0.257  1716.399  3.235
2 600.0   93.90  -93.90 0 0.012  0.250  1666.911  3.222
2 600.0   94.00  -94.00 0 0.008  0.252  1693.681  3.229
2 600.0   94.10  -94.10 0 0.006  0.245  1680.007  3.225
2 600.0   94.20  -94.20 0 0.006  0.244  1673.895  3.224
2 600.0   94.30  -94.30 0 0.007  0.246  1674.565  3.224
2 600.0   94.40  -94.40 0 0.013  0.239  1623.159  3.210
2 600.0   94.50  -94.50 0 0.014  0.233  1595.770  3.203
2 600.0   94.60  -94.60 0 0.012  0.235  1613.745  3.208
2 600.0   94.70  -94.70 0 0.010  0.242  1648.438  3.217
2 600.0   94.80  -94.80 0 0.013  0.245  1642.502  3.216
2 600.0   94.90  -94.90 0 0.008  0.245  1671.902  3.223
2 600.0   95.00  -95.00 0 0.006  0.239  1657.344  3.219
2 600.0   95.10  -95.10 0 0.009  0.246  1668.874  3.222
2 600.0   95.20  -95.20 0 0.016  0.251  1649.890  3.217
2 600.0   95.30  -95.30 0 0.019  0.238  1590.151  3.201
2 600.0   95.40  -95.40 0 0.014  0.241  1624.912  3.211
2 600.0   95.50  -95.50 0 0.019  0.247  1617.515  3.209
2 600.0   95.60  -95.60 0 0.021  0.243  1592.745  3.202
2 600.0   95.70  -95.70 0 0.022  0.250  1618.155  3.209
2 600.0   95.80  -95.80 0 0.022  0.248  1607.747  3.206
2 600.0   95.90  -95.90 0 0.030  0.243  1550.796  3.191
2 600.0   96.00  -96.00 0 0.025  0.250  1598.751  3.204
2 600.0   96.10  -96.10 0 0.029  0.247  1570.864  3.196
2 600.0   96.20  -96.20 0 0.031  0.247  1560.181  3.193
2 600.0   96.30  -96.30 0 0.034  0.243  1531.431  3.185
2 600.0   96.40  -96.40 0 0.041  0.239  1484.489  3.172
2 600.0   96.50  -96.50 0 0.060  0.240  1394.004  3.144
2 600.0   96.60  -96.60 0 0.070  0.224  1282.262  3.108
2 600.0   96.70  -96.70 0 0.084  0.220  1200.739  3.079
2 600.0   96.80  -96.80 0 0.076  0.216  1226.474  3.089
2 600.0   96.90  -96.90 0 0.077  0.205  1182.044  3.073
2 600.0   97.00  -97.00 0 0.096  0.212  1112.347  3.046
2 600.0   97.10  -97.10 0 0.095  0.206  1098.117  3.041
2 600.0   97.20  -97.20 0 0.097  0.207  1090.224  3.038
2 600.0   97.30  -97.30 0 0.091  0.212  1139.092  3.057
2 600.0   97.40  -97.40 0 0.081  0.218  1211.266  3.083
2 600.0   97.50  -97.50 0 0.078  0.228  1260.294  3.100
2 600.0   97.60  -97.60 0 0.069  0.237  1338.592  3.127
2 600.0   97.70  -97.70 0 0.054  0.235  1403.172  3.147
2 600.0   97.80  -97.80 0 0.048  0.243  1462.087  3.165
2 600.0   97.90  -97.90 0 0.032  0.250  1563.349  3.194
2 600.0   98.00  -98.00 0 0.029  0.253  1595.683  3.203
2 600.0   98.10  -98.10 0 0.030  0.251  1578.715  3.198
2 600.0   98.20  -98.20 0 0.032  0.243  1539.429  3.187
2 600.0   98.30  -98.30 0 0.025  0.245  1583.830  3.200
2 600.0   98.40  -98.40 0 0.023  0.238  1569.543  3.196
2 600.0   98.50  -98.50 0 0.040  0.239  1489.942  3.173
2 600.0   98.60  -98.60 0 0.049  0.240  1446.761  3.160
2 600.0   98.70  -98.70 0 0.048  0.232  1423.859  3.153
2 600.0   98.80  -98.80 0 0.050  0.233  1416.660  3.151
2 600.0   98.90  -98.90 0 0.057  0.233  1382.591  3.141
2 600.0   99.00  -99.00 0 0.052  0.237  1419.942  3.152
2 600.0   99.10  -99.10 0 0.058  0.234  1381.839  3.140
2 600.0   99.20  -99.20 0 0.059  0.236  1385.716  3.142
2 600.0   99.30  -99.30 0 0.060  0.232  1359.954  3.134
2 600.0   99.40  -99.40 0 0.072  0.233  1309.177  3.117
2 600.0   99.50  -99.50 0 0.071  0.234  1315.184  3.119
2 600.0   99.60  -99.60 0 0.070  0.236  1328.687  3.123
2 600.0   99.70  -99.70 0 0.078  0.228  1255.134  3.099
2 600.0   99.80  -99.80 0 0.079  0.218  1219.080  3.086
2 600.0   99.90  -99.90 0 0.086  0.211  1159.484  3.064
2 600.0  100.00 -100.00 0 0.119  0.206   975.535  2.989
2 600.0  100.10 -100.10 0 0.173  0.194   663.281  2.822
2 600.0  100.20 -100.20 0 0.185  0.197   616.256  2.790
2 600.0  100.30 -100.30 0 0.183  0.183   574.507  2.759
2 600.0  100.40 -100.40 0 0.189  0.172   505.298  2.704
2 600.0  100.50 -100.50 0 0.203  0.172   436.534  2.640
2 600.0  100.60 -100.60 0 0.220  0.173   359.155  2.555
2 600.0  100.70 -100.70 0 0.226  0.174   329.656  2.518
2 600.0  100.80 -100.80 0 0.232  0.162   255.628  2.408
2 600.0  100.90 -100.90 0 0.265  0.163    98.407  1.993
2 600.0  101.00 -101.00 0 0.296  0.153    -9.990 -9.990
2 600.0  101.10 -101.10 1 0.322  0.130    -9.990 -9.990
2 600.0  101.20 -101.20 1 0.354  0.106    -9.990 -9.990
2 600.0  101.30 -101.30 1 0.390  0.087    -9.990 -9.990
2 600.0  101.40 -101.40 1 0.412  0.063    -9.990 -9.990
2 600.0  101.50 -101.50 1 0.428  0.052    -9.990 -9.990
2 600.0  101.60 -101.60 1 0.439  0.045    -9.990 -9.990
2 600.0  101.70 -101.70 1 0.451  0.045    -9.990 -9.990
2 600.0  101.80 -101.80 1 0.458  0.039    -9.990 -9.990
2 600.0  101.90 -101.90 1 0.462  0.039    -9.990 -9.990
2 600.0  102.00 -102.00 1 0.466  0.036    -9.990 -9.990
2 600.0  102.10 -102.10 1 0.479  0.032    -9.990 -9.990
2 600.0  102.20 -102.20 1 0.500  0.028    -9.990 -9.990
2 600.0  102.30 -102.30 1 0.521  0.017    -9.990 -9.990
2 600.0  102.40 -102.40 1 0.529  0.004    -9.990 -9.990
2 600.0  102.50 -102.50 1 0.553  0.000    -9.990 -9.990
2 600.0  102.60 -102.60 1 0.550  0.000    -9.990 -9.990
2 600.0  102.70 -102.70 1 0.554  0.000    -9.990 -9.990
2 600.0  102.80 -102.80 1 0.546  0.005    -9.990 -9.990
2 600.0  102.90 -102.90 1 0.532  0.035    -9.990 -9.990
