x,y,Aspect,ELEV,FRG,K_Factor,MAP,MAT,NDVI,NLCD,Silt_Clay,Slope,TPI,NLCD,SOC
-955285,1723795,190.9398804,3253.481445,3,0.215151519,509.1380005,1.762474775,0.555731118,4,43.66868591,16.04842949,-10.49580002,4,7.54283644206377
-735285,1973795,151.478363,1464.635742,2,0.212500006,346.0815125,9.494437218,0.598497808,7,48.34500122,1.105267882,-0.60607481,3,6.10220430843438
-975285,1103795,129.9813843,1441.645264,133,0.112800002,372.7460632,15.77169991,0.239590943,5,38.45999908,12.09024715,2.133631706,2,3.6117218513887
-395285,1883795,143.1756897,841.138855,2,0.319999993,548.8912354,10.72010231,0.483404428,6,87.08979797,2.587128639,-0.656106353,1,7.51027453691952
-925285,1173795,224.581604,1490.575562,3,0.283510625,357.7642212,14.42813873,0.215800941,5,53.86808395,6.122040749,0.59547013,2,2.37783048043714
-125285,1833795,150.0128784,419.5861816,2,0.355353534,767.0175171,12.05782795,0.596849382,7,82.46868896,1.145437121,0.111231007,3,8.05032827599047
-1095285,2403795,185.8374176,2967.365723,5,0.050000001,830.9177856,-0.038622431,0.469970703,4,35.65102005,27.05927086,-16.37533951,4,15.0960014364093
-1055285,1753795,196.5559692,2389.353516,3,0.260899991,478.2661133,6.742750168,0.601248145,4,62.63899994,9.503583908,-1.8574121,4,7.22259602835755
-1045285,1823795,196.9956818,1982.786865,5,0.191699997,388.7530823,8.865099907,0.262542874,5,60.01599884,10.94637489,-1.628842831,2,3.66557228555634
-905285,1663795,135.8628387,2806.069824,3,0.152020201,460.8344421,3.266313076,0.430523694,6,55.47272873,11.78174305,1.406989813,1,11.1035830564408
-695285,1293795,180.7173767,1354.118286,2,0.228888884,427.8643494,14.11732292,0.279127181,6,38.05151367,1.157252789,0.157609776,1,1.93274306899217
-1035285,1653795,184.8395081,2323.979492,3,0.260744691,649.7455444,6.712340355,0.633111596,4,36.64042664,15.2804594,5.273062229,4,10.7704810989567
-1045285,1393795,172.4735565,1925.662842,3,0.280000001,283.0557556,10.80383873,0.19608216,5,38.46363449,4.412589073,0.199736267,2,2.28861645302973
-255285,1823795,161.9149017,555.0169678,2,0.319999993,655.5966187,11.75170135,0.508221984,6,77.5329895,1.966247559,0.527737975,1,8.46307403840492
-865285,1563795,159.2884216,2402.858887,4,0.220500007,354.7432861,6.190649986,0.323901445,5,67.70899963,5.335697651,1.985425472,2,5.60536349840183
-725285,1903795,147.2341766,1628.238403,2,0.28448981,399.150116,9.905357361,0.306169301,7,56.67142868,1.277309179,-0.032643504,3,3.2415728226829
-1185285,2323795,193.8967896,2439.557617,4,0.141100004,715.241333,2.424399853,0.650286078,4,55.66600037,16.18062782,-16.93739891,4,15.5045012058464
-995285,1453795,184.1659851,1919.78064,3,0.344399989,262.3741455,10.56659985,0.165527865,5,46.29199982,4.518331051,2.663834095,2,2.51502336087287
-1145285,1553795,130.0225677,2082.726318,1,0.131600007,295.4006653,9.746800423,0.280416638,4,43.22000122,9.482102394,-0.526382267,4,3.83139380324881
-905285,2403795,218.7924652,1899.227661,1,0.2764,503.4313049,6.07254982,0.411708206,5,55.90599823,10.59119129,0.866532326,2,5.48665269814618
-685285,1653795,170.0548706,1502.894043,2,0.333499998,359.5325012,11.45114994,0.259927809,6,73.45999908,2.119858742,0.85435462,1,6.82001534580587
-325285,1693795,158.9977722,688.0963745,2,0.319999993,552.1947632,12.59040451,0.434991002,7,81.95050812,1.434406281,0.775147319,3,5.3319694313966
-875285,1673795,127.6492386,2323.365723,5,0.110526316,189.3290558,5.229421139,0.686913073,7,27.47368431,0.777003109,0.106694452,3,7.41779544763329
-945285,1853795,150.8699799,3086.61377,131,0.215757579,842.9190063,2.464242458,0.674912035,4,52.1707077,18.97701263,4.881810188,4,14.9635823500551
-385285,1863795,154.5374908,833.9614868,2,0.319999993,555.1739502,10.90151501,0.460781693,7,87.61515045,1.661178946,1.147143245,3,5.62007022160017
-885285,1553795,151.2268219,2537.279541,3,0.233645827,410.8275452,5.505781174,0.482945681,4,58.51250076,6.981811047,-3.436845779,4,8.4373217488159
-1105285,1793795,185.4899445,1773.27417,3,0.279684216,353.6268921,10.27321053,0.274275899,4,55.45052719,10.45973492,3.626513004,4,2.81790250120719
-725285,2253795,175.4345245,1467.106689,2,0.319999993,366.6679993,7.593939304,0.343389809,6,44.40000153,3.532222986,-0.587056458,1,5.00824544679818
-925285,2133795,197.785553,2191.008545,4,0.319999993,286.4629211,5.23514986,0.238442108,5,51.07400131,6.232162476,1.629930854,2,3.6292500613519
-865285,1173795,138.2922821,1935.648193,1,0.0614,467.2413025,11.22500038,0.364070594,5,60.79800034,3.976820946,-0.510610819,2,6.21033036221094
-595285,1763795,159.9627075,1335.306641,2,0.108333334,389.5254517,10.47921848,0.367808372,5,19.85000038,1.237805963,0.807192981,2,1.70593955803007
-465285,1573795,153.8948975,945.4185181,2,0.191326529,469.8343201,13.01153088,0.515076339,7,27.26326561,0.958610952,-0.103607997,3,3.47171223939
-1075285,2223795,201.0650635,2160.244385,4,0.309494942,269.4739685,2.783383846,0.23357898,5,35.77777863,2.737253189,0.703367531,2,3.28757233953644
-945285,2213795,138.0413361,2068.905273,4,0.275555551,314.759613,5.900606155,0.253842592,5,40.9505043,4.540611267,-0.764040172,2,2.58365882569602
-685285,2233795,152.669693,1530.741333,2,0.218367353,431.6625671,7.134285927,0.440028101,6,26.59489822,2.820473671,0.505843878,1,5.81349488100063
-85285,1673795,190.189621,435.3864441,2,0.319999993,866.8005981,13.11282635,0.628822863,6,83.40000153,1.123291135,-0.094402879,1,8.54506110546247
-1065285,2513795,179.9624939,2710.659668,5,0.050000001,878.7125854,-0.221368402,0.523623228,4,41.746315,10.33343029,17.73820305,4,13.9632822234053
-1055285,1913795,165.2600555,2401.810547,3,0.216600001,537.4475098,5.753099918,0.563700378,5,56.5320015,17.488554,-0.84674871,2,8.30759875220281
-775285,1243795,163.0985718,1266.271118,2,0.416799992,350.8009949,14.66674995,0.217412502,5,61.83399963,2.261213303,-0.003647,2,2.07124452434923
-335285,1703795,150.3284302,699.5582275,2,0.319999993,559.1364746,12.45453167,0.42796424,7,84.546875,1.091575265,-0.670306802,3,6.38559652439343
-995285,2073795,174.075592,1977.379761,5,0.254400015,285.2424011,6.154950142,0.173211142,5,39.39199829,3.914576292,-3.117281675,2,2.7856409214658
-955285,2023795,204.9497681,2301.737549,3,0.283636361,656.1188965,4.977575779,0.615948439,5,61.70101166,9.354703903,-3.468661308,2,10.4496741701697
-975285,1163795,135.7122345,1268.833008,2,0.310400009,255.910614,16.28009987,0.169326723,5,54.02500153,1.525728941,-8.357074738,2,2.04688819418372
-1115285,1613795,193.5965271,1610.343506,132,0.550000012,218.4015808,11.46702003,0.117658608,5,59.29999924,1.803091168,-2.656299353,2,2.19936700114032
-45285,1713795,178.9953156,406.9046631,2,0.367272735,902.2103271,12.64787865,0.692755759,6,83.40403748,2.92980051,-0.539494157,1,12.3935695527573
-1035285,1683795,189.4299774,3027.863037,3,0.06010101,885.9488525,3.016363621,0.69257921,4,26.07676697,15.79122257,2.181789398,4,18.8317559897985
-825285,2063795,112.085556,2276.975342,4,0.307349384,329.04599,4.864578247,0.394481391,5,38.18192673,3.168558598,-8.757852554,2,6.40588106240159
-925285,2383795,166.2618103,1453.485107,4,0.361499995,306.6528015,7.538499832,0.174116358,5,56.50600052,5.031852722,-0.00372891,2,3.01491132486581
-795285,1503795,133.1891479,2195.786865,3,0.348775506,513.3936157,8.488826752,0.512743354,6,72.99694061,7.338524818,1.082059979,1,8.88015045598114
-145285,1623795,177.4469147,435.7817688,2,0.287741929,803.083252,13.74059105,0.493325055,7,57.49677277,1.103441119,0.194782823,3,5.24348063116943
-665285,1183795,158.1593475,1227.287476,2,0.237142861,413.1116638,14.57780647,0.336149752,5,32.86938858,1.022967696,-0.151772156,2,2.10893895903082
-635285,1403795,157.4617004,1178.534424,2,0.15513514,434.9225159,13.63317585,0.314280927,5,23.11756706,1.292104006,-0.942916155,2,2.20856759562142
-335285,1763795,169.0377045,709.3165283,2,0.306521744,536.5367432,11.87983704,0.441972107,6,76.15000153,1.559611559,0.741542697,1,5.18546491465975
-525285,1673795,137.7434235,1059.483521,2,0.213437498,429.2068176,11.97833347,0.372772545,7,42.86562347,1.122511506,-0.133181274,3,5.11928449108801
-1055285,1843795,222.930191,1680.135986,4,0.172424242,326.5334473,10.4482832,0.248444468,5,52.4757576,7.256564617,-4.731430531,2,2.33482224732411
-375285,1663795,129.9390259,828.9901733,2,0.362268031,543.9362183,12.36530972,0.443764001,7,80.81546021,0.73532629,0.147408292,3,5.78345539564093
4715,1803795,178.5321655,319.8654175,2,0.348478258,918.4418335,12.44869518,0.720246434,7,83.72717285,1.948668122,-1.442599654,3,9.90047505979377
-695285,1573795,150.2059021,1969.414063,3,0.28061223,447.8937073,9.472295761,0.486938447,4,44.95510101,7.411496639,5.321649551,4,7.79321905470201
-935285,2053795,170.7797852,2263.30249,3,0.079899997,541.7138062,4.876150131,0.617687345,5,23.06200027,11.54958344,9.257642746,2,11.5472352611381
-765285,1413795,147.8880157,1534.247192,2,0.239299998,409.7684021,12.59179974,0.294251561,6,40.92399979,5.341538906,4.777447701,1,3.03147266732251
-1005285,1073795,165.5195007,1210.360596,5,0.254074067,233.5061493,16.86864281,0.484218746,5,47.11234665,1.832084537,-2.306153059,2,4.00614057588529
-1145285,1223795,171.3023987,2349.567139,1,0.3565,473.6503906,9.228549957,0.415401548,4,59.41400146,8.558256149,-1.118766546,4,5.28606976573284
-195285,1553795,142.5811157,393.1228027,2,0.191666663,791.6548462,14.81099987,0.571959615,6,28.2266674,0.994650066,-0.430820823,1,5.36855444992776
-1055285,1743795,187.1044464,2369.020752,3,0.274747461,470.0097961,6.619949341,0.544349611,4,62.10606003,9.632108688,0.160251722,4,6.61366956831462
-95285,1743795,165.1920624,409.5541077,2,0.319999993,857.192749,12.77774239,0.549560785,7,83,1.716577172,0.090570092,3,8.92098928111852
-105285,1813795,182.2544861,393.5301208,2,0.351318687,801.4031372,12.61412048,0.612039566,7,76.39560699,1.450217605,-0.250474244,3,7.45868012375402
-715285,1253795,186.8540497,1361.205811,2,0.209700003,406.8160095,14.07499981,0.286500871,6,34.21099854,1.987860322,1.161287069,1,1.63815777639354
-785285,2203795,151.2708893,2159.162109,1,0.205894738,514.5787964,4.505421162,0.543381214,4,43.90947342,11.22135639,5.009077549,4,7.88669275269422
-1155285,1243795,206.5089722,2396.289795,1,0.261200011,595.3806152,8.966500282,0.482564241,4,60.54800034,11.05695724,-6.653693676,4,7.39221472811957
74715,1763795,160.1227112,275.617218,2,0.336043954,982.6343994,12.91945076,0.718962908,7,75.57032776,1.801658392,-0.243113622,3,11.5961306867084
-615285,1583795,183.8011017,1452.759521,2,0.150000006,424.7828064,11.67440033,0.352925956,5,46.26200104,5.018488407,2.212914228,2,3.60054562125954
-655285,1213795,143.2931061,1228.638794,2,0.260618567,436.7310486,14.30582428,0.344810605,5,51.21649551,0.933013737,-0.204565436,2,2.76223893546994
-995285,1963795,190.4789276,2268.374756,3,0.200000003,572.3169556,5.624141216,0.69854629,4,47.18181992,16.51601791,6.371850491,4,15.8846468524207
-905285,2163795,150.7962646,2058.692383,4,0.319999993,286.1895142,5.805808067,0.208227158,5,50.08282852,3.495524645,-2.420824289,2,2.72337542902421
-35285,1653795,163.8443451,387.6177979,2,0.328673482,900.9423828,13.20056152,0.682012796,6,83.5357132,2.566380739,-0.281624287,1,13.000340858831
-1065285,2133795,179.995636,2098.405029,4,0.330500007,235.8558655,5.668149948,0.195758671,5,42.47999954,6.018562317,-1.027451396,2,2.36932771528613
-1095285,1923795,178.9831085,2303.629395,3,0.228,461.751709,6.684299946,0.557535827,4,56.42599869,17.47430992,0.262898892,4,8.41765568057611
-645285,2403795,176.1317139,1638.227661,1,0.366600007,628.3261719,5.648250103,0.776529849,4,55.76399994,10.26622009,3.853548765,4,11.2681065662827
-1055285,2363795,181.4317017,2724.860352,5,0.240099996,508.245697,1.618000031,0.421176404,5,59.14799881,14.89257336,4.075010777,2,6.03317946948813
-1055285,1053795,250.9534149,1379.205566,5,0.111199997,273.4129944,16.46405029,0.196675777,5,44.0359993,2.377461195,0.066546023,2,1.85946913107408
-885285,1433795,207.8631287,2198.8479,3,0.235212773,399.4925232,9.156968117,0.352547139,4,49.03404236,5.464219093,0.534090459,4,2.72869877494744
-595285,1853795,138.0097961,1436.309448,2,0.327142864,438.2064514,9.640714645,0.383759439,7,74.94387817,0.993707001,0.013878484,3,5.93998043055444
-1015285,1913795,171.1913452,2478.435791,3,0.229900002,550.4915161,4.992750168,0.656227887,4,57.06800079,17.35102081,5.711493492,4,9.31014298711843
-1105285,1673795,172.0474396,1985.191406,3,0.32593751,380.0273438,8.765417099,0.523849726,7,54.77708435,2.526775122,-3.134041786,3,4.86739234098981
-1115285,1813795,179.9093475,1767.733154,3,0.235833332,352.164093,10.55791664,0.30153349,4,33.04375076,16.92536354,-3.695122719,4,3.59720748682025
-325285,1713795,153.9736633,683.5430908,2,0.319999993,567.1785889,12.53836823,0.41583097,7,83.57894897,1.142326355,0.097406849,3,5.21589940227827
-655285,1143795,158.5331879,1159.262207,2,0.18274194,434.8536682,15.0056448,0.353328586,5,27.23387146,1.381939292,-0.011273645,2,2.83164197067894
-935285,1523795,150.1419067,2081.26123,3,0.352560967,316.0171814,9.099145889,0.2114788,5,54.36951065,6.068042755,-4.074122906,2,4.27436698208474
-715285,1623795,132.8397217,1671.96936,2,0.355858594,359.1755676,11.22909069,0.277134567,6,62.83333206,1.22597909,-0.314097315,1,8.74003445364688
-775285,1413795,156.5862122,1666.687988,2,0.234489799,419.8834839,11.97249985,0.316925883,6,40.56428528,5.461491108,-0.65275228,1,3.3060782435951
-325285,1593795,142.5746918,679.2139282,2,0.308762878,602.0076294,13.18670082,0.470436841,6,61.47525787,3.27509284,1.280047655,1,6.25798857601529
-995285,1063795,203.3251495,1257.117065,3,0.189999998,244.2248535,16.88244629,0.234169841,5,41.04239273,2.761856318,0.181320563,2,1.54153788026187
24715,1693795,172.8687897,340.1023254,2,0.367631584,956.5101318,12.74065781,0.697730899,6,79.16841888,1.341782928,1.239634633,1,11.6361965831415
-475285,1703795,145.3130188,1032.207397,2,0.319999993,465.319397,11.67377567,0.377828211,7,79.65102386,0.892771363,0.120683007,3,4.91650595943156
-915285,1543795,204.6513214,2772.768311,3,0.379090905,616.0030518,4.846414089,0.66326195,4,81.51615906,8.024049759,1.629843235,4,12.4677044731585
-615285,1873795,171.1051941,1505.092407,2,0.364226818,420.2475586,9.288041115,0.361848533,7,75.07525635,1.246261835,0.004780258,3,7.84539821021321
-845285,2493795,201.3614502,1153.943359,2,0.323409081,360.5567322,7.112045288,0.379755378,5,56.86590958,5.857404709,1.087588549,2,8.51145523349157
-1135285,1353795,192.7744598,2132.57959,3,0.231600001,332.0380859,9.219900131,0.217681453,5,47.97100067,3.198203087,-2.623986244,2,3.20565715921226
-735285,1323795,185.99646,1460.075195,2,0.25777778,418.8321228,13.91363621,0.255151033,6,34.70302963,2.673973322,-1.055626512,1,2.22332592873591
-1065285,2323795,120.5694351,2086.639404,4,0.287777781,282.541687,4.896818161,0.282356292,5,51.23232269,7.843794823,-2.376137972,2,4.22243788303012
-1015285,1143795,185.236084,1358.414063,2,0.313300014,284.3987122,15.28614998,0.176512942,5,58.44900131,2.833812952,-0.55710268,2,1.39396848752911
-805285,2073795,185.767868,2198.460205,5,0.318260878,293.6899719,5.045543671,0.32024914,5,38.50217438,1.42744422,0.725193381,2,4.26137596878403
-245285,1673795,155.5966187,592.8925171,2,0.179333329,664.4650269,13.29205513,0.588135958,7,32.97222137,0.952418149,0.45493111,3,5.41989544438977
44715,1793795,184.4024048,296.3933716,2,0.36857143,954.425293,12.45023823,0.750859082,7,79.30635071,3.371665239,3.368828058,3,12.8093958572296
-1165285,2483795,168.6123505,2423.04834,5,0.216199994,859.5509033,0.885500014,0.546603322,4,57.18700027,4.774805069,2.605886698,4,9.3166968150731
-865285,1703795,166.1405029,2307.183594,4,0.150000006,198.4658203,5.675494671,0.279356897,5,34.79999924,0.730953813,-0.215616524,2,0.91248908455975
-715285,1033795,150.7936707,1039.430298,2,0.170000002,325.3518982,16.95100021,0.262420446,5,11.56799984,1.016740441,0.575382888,2,1.18633562714524
-975285,1893795,184.0405579,2091.815186,3,0.251562506,447.7748413,7.941093922,0.56112951,5,52.97603989,13.96292591,-3.392346859,2,4.95078580883348
-355285,1793795,152.7028809,778.8528442,2,0.319999993,574.4354248,11.4890213,0.487592727,7,80.625,1.725090742,0.338858932,3,6.00273111675705
-385285,1783795,164.4354095,838.7406006,2,0.319999993,544.7053833,11.46085835,0.454081982,7,82.07171631,1.577526212,0.283730656,3,5.13698966776477
-835285,2143795,179.1732635,2044.476807,4,0.314999998,279.2951355,5.688374996,0.247328982,5,49.87125015,2.18674159,0.069358401,2,3.92984802997611
-925285,1473795,147.9719086,2473.489014,3,0.243404254,599.1096191,7.729521275,0.520955265,4,53.5893631,12.66327381,2.010621071,4,7.9104672057589
-995285,1313795,129.0987396,1542.061401,5,0.158686861,239.5973206,13.60595989,0.152987182,5,29.46464729,2.848525763,1.567981005,2,2.3258294674863
-875285,2153795,163.9385071,2062.079346,4,0.319999993,298.5280151,5.601099968,0.224997312,5,50.15000153,4.011576176,2.585404158,2,3.30805586103121
-405285,1563795,158.5495911,780.2896118,2,0.247142851,525.6149902,13.43753242,0.423575908,6,41.42337799,2.439610004,0.287952304,1,3.06685548783748
-1045285,1463795,163.8812866,2080.27832,3,0.142000005,272.1738892,9.42539978,0.164125919,6,41.59999847,2.595677853,0.374552459,1,2.15144341644234
34715,1703795,165.1105042,351.3273621,2,0.370000005,955.7138672,12.5280304,0.683451593,7,80.66363525,1.265570521,0.621448338,3,10.0576152756224
-1105285,1173795,220.550415,2343.030518,1,0.183699995,652.0076904,10.56184959,0.514098704,4,50.74100113,14.03033924,2.173302412,4,8.85270255812781
-965285,1113795,149.5470428,1223.509399,2,0.409393936,250.5829163,16.63828278,0.165030077,5,56.60404205,0.849813104,-0.095353194,2,0.973572341496849
-615285,1983795,134.9272766,1275.488037,2,0.229795918,411.7048035,9.438877106,0.381345749,7,47.52857208,1.019698143,0.332343102,3,4.1363369218211
-365285,1823795,160.875946,797.9720459,2,0.319999993,548.4389038,11.4042387,0.492905885,6,80.30000305,2.63085866,-0.783810973,1,6.3864540033554
-1035285,2433795,143.272995,2028.949341,4,0.319999993,383.0163879,5.67140007,0.458184004,5,57.34400177,6.102178097,2.081993341,2,8.88695778330188
-1095285,1503795,164.2650452,1864.132568,4,0.369100004,221.6461945,10.42494965,0.137387171,6,42.59999847,2.016875267,-0.773472667,1,2.04902267795795
-705285,2233795,183.7938538,1593.918945,2,0.220204085,395.8167419,7.187346935,0.409436762,5,28.12449074,2.782079697,0.971449852,2,5.61363809149492
-485285,1813795,149.1922607,1109.614258,2,0.319999993,489.8373718,10.75061226,0.404695809,7,88.27754974,1.253633499,0.163102686,3,6.17066645334214
-1195285,1043795,204.2849731,1550.840454,3,0.261200011,385.8482971,14.85669994,0.224607959,5,58.06399918,6.698084831,2.872982979,2,2.68885874079529
-985285,1643795,175.5756836,2527.503906,3,0.314799994,694.1011963,5.372550011,0.728095055,4,58.52500153,13.88551426,17.45352745,4,15.179340349137
-805285,1573795,136.5842133,2672.168213,3,0.187600002,582.2927246,5.27794981,0.539940059,4,44.73199844,9.935092926,-1.830361724,4,9.18924429274818
-715285,1693795,125.9506912,1445.429688,2,0.319999993,313.4057007,11.49475002,0.25830853,6,79.40000153,1.273187876,-0.057239369,1,5.80136911632734
-895285,1523795,153.1136017,2067.503662,3,0.2379798,324.1359558,9.300656319,0.263549715,5,40.66565704,7.327850342,-0.491559386,2,2.96627112120077
-835285,2453795,178.0728607,1346.600952,2,0.361237109,385.6967468,7.231855869,0.479866058,5,60.59072113,6.145263672,1.634532213,2,11.1263126579126
-655285,2243795,144.7091522,1306.946167,2,0.385352105,407.0018311,7.918450832,0.374543786,6,75.81549072,2.645070076,-0.167148769,1,9.23654633251679
-625285,1813795,202.6304626,1570.515381,2,0.319999993,393.5687866,9.334322929,0.336319596,6,65.54166412,2.168735266,-0.47810635,1,4.78280717628674
-1115285,1143795,195.6817474,1897.09375,1,0.150000006,448.1953125,12.65610027,0.270906746,5,59.59999847,10.34053707,-0.540427923,2,3.12527935177845
-1045285,1113795,182.7227325,1574.931519,3,0.106200002,343.6683044,16.07895088,0.24684754,5,63.18999863,12.34421539,15.22062492,2,3.9646834725912
-705285,1433795,166.6217651,1502.542847,3,0.133200005,407.3337097,12.66580009,0.335909337,5,42.73099899,6.587018013,2.362934828,2,3.73283549130179
-995285,2023795,186.7115631,2060.518311,4,0.128999993,465.5874939,6.096000195,0.320157468,5,29.25799942,5.013026237,-1.066233158,2,4.93202937813255
-695285,1033795,144.6219025,1010.855286,2,0.170000002,302.4896851,16.93950081,0.265116274,5,12.87199974,0.839301705,-0.331546307,2,1.51360310053722
-825285,2343795,197.244339,1412.845581,2,0.319999993,333.5686646,7.544011593,0.341828674,6,48.40930176,2.905967712,0.088806555,1,4.28702476255422
-1175285,1243795,206.480484,2077.547363,1,0.347900003,540.3850098,10.82929993,0.488554031,4,62.3370018,12.4868536,-4.483874321,4,5.4574458860712
-735285,1953795,141.2993317,1464.400146,2,0.182978719,351.2148438,9.556649208,0.63041538,7,23.31914902,1.053727746,0.12806271,3,6.24662127665121
-715285,2003795,168.2496948,1593.34729,2,0.208673462,364.7772522,8.626581192,0.362284631,6,46.67755127,1.666772246,0.738331497,1,3.46005968947923
-975285,1953795,184.7032471,2619.830566,3,0.275918365,708.5124512,4.002142906,0.795673072,4,53.90000153,11.52437687,-0.411483884,4,9.34817943005131
-1025285,2433795,129.8008118,1799.028442,4,0.319999993,312.5892029,6.073800087,0.328328133,5,53.56900024,6.089047432,1.676946521,2,5.3948768184517
-545285,1983795,125.6625443,1200.679688,2,0.235789478,454.0769043,9.799578667,0.484120965,7,46.69368362,0.73113656,0.037374865,3,5.95153208006189
-905285,1983795,197.6079254,2508.149414,3,0.159032255,850.2007446,3.674892426,0.738621712,4,46.23548508,10.74566555,-3.545754433,4,11.542267852269
-955285,1373795,205.1931763,1628.03064,5,0.198899999,244.1761322,12.90404987,0.178972974,5,21.82999992,1.429181218,-1.083548903,2,1.57800864273389
-805285,1253795,157.9477844,1420.356201,2,0.370000005,344.3328247,14.32585812,0.214321509,6,59.5,2.100599527,0.292345643,1,2.27472890366823
-705285,1713795,154.2604218,1374.269287,2,0.2194186,278.5699158,11.50209332,0.302854598,6,58.71395493,1.832187295,-0.587442398,1,3.03181638833511
-945285,2243795,171.9018402,2060.585693,4,0.282000005,265.2889099,5.674799919,0.220847115,5,40.82500076,2.667397976,-0.308484256,2,1.28293717692966
-845285,1693795,195.9963074,2342.19873,3,0.148404256,226.2288361,5.685851097,0.28932789,5,21.67340469,1.023944378,-1.281184793,2,1.0838818950346
-935285,1743795,147.9745789,2935.888184,3,0.210299999,417.740387,2.150650024,0.485356122,6,49.29499817,9.588588715,1.589789033,1,7.16067669683238
-395285,1563795,153.9241486,753.5294189,2,0.250470579,538.2377319,13.51541138,0.412516803,6,43.3094101,1.766551256,0.397537857,1,3.34187529573844
-1015285,2303795,138.4206848,1615.09375,4,0.360459775,215.5078125,6.595861912,0.408203155,5,43.70919418,1.870896459,1.43728435,2,4.04863834758548
-715285,1703795,109.5826874,1417.192871,2,0.31279999,296.8576965,11.44964981,0.245882124,6,77.40799713,1.353384137,-0.377047509,1,5.75318998988829
-975285,1183795,138.3985748,1605.736938,3,0.128399998,332.5036926,14.36299992,0.211811826,5,38.00500107,9.447031021,-11.08924961,2,3.38497238951345
-1045285,1493795,210.274292,2054.519043,3,0.265757591,266.5658875,9.262979507,0.177185506,6,48.98686981,6.295391083,5.000002861,1,2.61246377090222
-845285,2443795,147.8945007,1385.22998,2,0.324255317,380.4032593,7.04265976,0.493926138,5,54.46915054,7.313163757,0.847859621,2,11.554804011825
-785285,2013795,166.8891296,2129.531982,3,0.172989696,451.7922974,6.497835159,0.479385793,4,38.74433136,10.38526344,1.618315816,4,7.08483797250604
-905285,1093795,190.5244141,1671.655396,2,0.31400001,503.3080139,13.71315002,0.212897599,5,55.36299896,4.276935577,0.746540844,2,2.88489002087901
-975285,2413795,159.8323975,1373.125732,133,0.370000005,236.4125061,7.466499805,0.155226931,6,58.16999817,1.670018792,-1.399739981,1,1.87989524199693
-595285,1723795,126.1248856,1269.501343,2,0.265520841,378.471405,11.25354195,0.319596231,6,64.96875,1.166838408,-0.803671658,1,4.05808089701729
-885285,1323795,159.5668488,1941.122192,2,0.370000005,392.806488,10.43239975,0.257872522,6,56.70199966,1.008145332,0.21830757,1,3.96526618556078
-795285,1433795,167.2126617,2005.764771,2,0.370000005,472.8883972,9.526749611,0.312771261,6,62.20000076,2.180110455,-0.536539555,1,4.34746884849093
-1045285,1313795,127.7556229,2101.983887,3,0.218700007,343.3804016,10.32429981,0.24421148,4,49.17699814,6.463055134,0.316052556,4,4.17419825957433
-595285,1803795,166.5941467,1491.555786,2,0.232500002,421.8854675,9.566770554,0.3904863,7,56.31874847,1.321538091,0.358217746,3,3.72618035262242
-1195285,2333795,184.1443634,2185.506592,4,0.082857139,634.9161377,3.583265305,0.71542871,4,59.02857208,20.64407539,3.087847471,4,17.7065766992854
-1105285,2073795,180.4230194,2237.833984,4,0.168260872,358.2181396,5.779565334,0.325459003,5,47.08695602,10.78506756,1.013549209,2,4.527255661052
-1095285,1373795,147.1079559,2219.515381,1,0.1505,326.9855042,8.600000381,0.260095119,5,49.95500183,1.303337216,-1.480092764,2,4.03499157185163
-1115285,1513795,167.358078,1752.388306,132,0.200000003,201.830307,11.06285,0.125147596,5,30.70000076,1.513385534,-0.75707823,2,1.48062956697709
-1065285,1193795,162.4239197,1748.253174,1,0.149494946,316.0733337,13.36798,0.217051238,5,59.4272728,10.29133892,4.984656334,2,4.39429134486165
-335285,1713795,158.5840149,695.9038696,2,0.319999993,566.3655396,12.48015594,0.410812408,7,86.41666412,1.130158544,-0.168498412,3,5.70205168970492
-1215285,1143795,167.6470947,1227.015503,5,0.387142867,311.4924316,15.83300018,0.164819315,5,50.24285889,1.590750933,-2.384362459,2,1.94581047448177
-1125285,1173795,180.2181854,2148.361816,1,0.1322449,551.0151367,11.33290863,0.476048917,4,50.57551193,10.88187122,-3.550915003,4,4.35695738394134
-1115285,1053795,131.7196045,1320.716797,2,0.335999995,275.8147888,16.07695007,0.159909934,5,56.77999878,1.268710971,-0.814818561,2,1.49085394346957
-725285,1243795,208.805603,1330.376465,2,0.1505,397.0804138,14.27054977,0.26276502,6,27.30599976,2.050487041,0.138182983,1,1.78452735837786
-825285,1183795,144.2155457,1403.161011,2,0.107142858,368.1107483,14.27045918,0.241375491,5,62.09285736,3.53359437,0.887821555,2,3.17436332311485
-535285,1853795,164.3983002,1191.631836,2,0.303263158,461.7414246,10.42163181,0.45798409,6,62.8578949,2.46601367,0.285791367,1,4.6308434774127
-1025285,1893795,192.3787384,2010.301636,3,0.271052629,432.7420654,8.250526428,0.339713484,5,53.11999893,18.18855667,-2.662377834,2,3.21093814325593
-1145285,1453795,199.2478485,2085.796631,4,0.226530612,319.9876709,9.4516325,0.215617791,5,38.8959198,5.371550083,-1.921053052,2,2.41948623755916
-765285,2253795,184.2059021,1588.887451,2,0.319999993,331.6419983,7.155200005,0.301802725,6,41.8769989,2.717288971,-0.282349229,1,3.26594897410712
-995285,1033795,96.17124176,1163.404175,4,0.282499999,217.0708313,17.54000092,0.324274004,5,52.25,1.985690951,-6.774568558,2,3.55603996867474
-665285,1693795,160.8140259,1283.450562,2,0.28918919,299.2045288,11.94493198,0.508446515,6,61.28783798,1.155767202,-0.347936749,1,4.43913231340593
-845285,2453795,174.6474152,1334.905884,2,0.350102037,407.5886841,7.061734676,0.508019924,5,58.66734695,8.288537025,0.054389253,2,12.6459433452311
-5285,1693795,155.279953,353.2090759,2,0.361958772,947.0124512,12.74948406,0.686948955,7,80.29175568,1.224313974,0.216582105,3,9.23433898716387
-975285,2193795,198.1659851,2140.840576,4,0.240400001,274.7943115,4.694099903,0.20040147,5,30.24099922,1.347373843,0.375945419,2,2.01191790047035
-855285,1363795,146.1500092,1956.649414,2,0.256399989,456.0056152,10.29424953,0.309697449,5,49.9109993,2.416759968,1.969807625,2,3.86278141256369
-335285,1743795,146.3223877,747.6104126,2,0.314285725,564.9368896,12.0244503,0.424427837,7,80.19340515,1.191316128,0.501818299,3,4.83417188252954
-895285,1203795,170.8043976,2298.162109,1,0.208000004,618.9385986,9.38654995,0.587361991,4,59.97499847,12.56948948,-5.233323574,4,7.32622140591344
-525285,1983795,154.0587311,1145.536133,2,0.318762898,462.9933167,9.91912365,0.401087701,7,62.85876465,0.752290428,0.066917188,3,4.95571452458617
-775285,2433795,189.0054474,1327.638794,2,0.319999993,402.1113892,7.556550026,0.383893251,6,57.40000153,6.66028595,2.845412493,1,8.87006692320001
-365285,1703795,149.7949524,784.326416,2,0.319999993,546.7233887,12.27989769,0.408703417,7,79.75305939,1.693761349,-0.303776413,3,5.44967242066449
-1045285,2263795,144.8890839,2559.984619,5,0.098999999,620.7703247,2.363850117,0.57164222,4,58.52099991,14.06720448,7.043092728,4,11.9122681088744
-875285,1993795,151.9253082,2551.376221,4,0.310721636,393.7681885,2.620154619,0.488522381,5,41.52680588,4.049612045,1.149367571,2,6.10184753376718
-205285,1733795,139.6491547,555.447937,2,0.319999993,711.8193359,12.84647369,0.490028262,7,80.85894775,1.136102676,-0.224031031,3,5.85170219581276
-665285,1773795,156.2717285,1571.470215,2,0.200204074,360.843689,9.808265686,0.313537806,6,41.06224442,1.673950434,-1.685021639,1,3.0198263724833
-925285,2153795,126.944046,2113.238037,4,0.292244911,267.2063293,5.575510025,0.221658453,5,43.2857132,3.343359709,-1.022016048,2,2.53026592448886
-1145285,1623795,139.1841431,1507.528809,5,0.192222223,192.6925354,12.3515873,0.140332878,5,39.6523819,3.856006384,0.887430966,2,2.13278766246048
-465285,1713795,136.7854004,1010.99054,2,0.319999993,476.7443542,11.54191875,0.347578198,7,76.66363525,1.132199526,0.315051049,3,5.70655397251058
-965285,2373795,204.5756531,1395.062744,4,0.36500001,342.6012878,7.748950005,0.215176031,5,56.28699875,6.732646465,4.198298931,2,1.74492467301855
-865285,1943795,182.9955292,2437.184082,3,0.250869572,359.737793,3.18972826,0.465712965,5,58.38152313,7.808707237,-0.521464169,2,6.34001938724144
-1085285,1513795,176.2513275,1836.495483,132,0.350606054,220.9297028,10.45515156,0.130940169,5,43.68787766,1.729596615,-0.617790759,2,1.44428679465659
-685285,1713795,155.2505646,1347.848145,2,0.21752578,293.2704468,11.51737118,0.387889028,6,46.08453751,1.301350117,0.008141278,1,2.81451221477397
-735285,2173795,149.7407379,1464.802856,2,0.321075261,359.3265381,8.166129112,0.339411139,6,35.13333511,2.143213272,1.107096076,1,5.91079243377893
-145285,1843795,178.2424469,439.1619263,2,0.274146348,738.8812256,11.90640259,0.609319568,7,67.27194977,1.250322819,-1.298099518,3,7.40804453121811
-1165285,1203795,200.5104675,2230.010986,3,0.363999993,632.4974365,10.68970013,0.518289328,4,60.77299881,25.12105179,-5.607682705,4,10.0826187314605
-715285,1863795,144.6582489,1818.971069,2,0.209893614,457.1861267,9.28867054,0.382006794,6,38.3361702,1.972717404,-0.233347505,1,4.34368810824998
-75285,1563795,156.8384857,373.945282,2,0.332048208,943.505127,14.36849403,0.669012129,6,83.55541992,2.769600391,-0.350879073,1,10.6377231391826
-925285,1343795,128.5876465,1948.969727,2,0.127499998,409.1721191,10.13703156,0.241382778,6,57.34166718,1.716619611,0.133301318,1,4.08427538834055
-795285,2463795,199.8544464,1155.362549,2,0.319999993,343.4711304,7.488297939,0.337802112,6,53.04681015,6.644344807,3.956776142,1,7.96162673115229
-755285,1353795,197.3789673,1502.98999,2,0.368200004,406.4017029,13.6093998,0.264944702,6,44.59000015,1.761875629,0.136172146,1,2.32737616759728
-1165285,1003795,165.4210663,1560.485962,133,0.121600002,441.1431885,14.34669971,0.246507272,5,52.64799881,12.8120966,10.65372372,2,3.61701221708985
-965285,2223795,129.4998016,2003.804077,4,0.271702141,281.533905,5.502552986,0.226684347,5,34.4957428,2.228451967,-1.836992502,2,2.50267675634947
-975285,1613795,194.1991272,2192.164551,3,0.251836747,458.8955383,7.569489956,0.531451166,5,58.13265228,13.37192822,-5.142267227,2,5.94733875678878
-1205285,1143795,155.8949585,1251.159302,5,0.252291679,313.8545227,15.81458378,0.19105117,5,49.88437653,2.767624617,-1.181554317,2,1.590380069764
-885285,1513795,220.9777985,1998.428101,3,0.200800002,325.8640137,9.517049789,0.228808984,5,45.83000183,4.655100822,-2.379201889,2,2.61709827549406
-725285,1063795,205.844101,1062.817871,2,0.170000002,346.9670715,16.93439484,0.257209688,5,10.4818182,1.204290152,0.094974563,2,1.01101578496126
-1045285,2513795,131.826355,2139.292236,4,0.146041662,680.7035522,3.337447882,0.381471217,5,48.09791565,16.99171638,17.08833694,2,9.1322755715117
-805285,2283795,160.769165,1794.718628,2,0.319999993,309.9806213,6.467171669,0.33852458,5,45.72222137,4.497001171,0.528973341,2,3.95265526994645
-335285,1823795,161.1894989,712.7662354,2,0.319999993,574.4070435,11.48540688,0.499170214,6,77.57441711,2.026339531,0.01667925,1,6.50577780502036
-1175285,2293795,151.3107605,2595.679932,4,0.111134022,757.1130981,1.21293807,0.643558204,4,45.78041077,11.06477356,-5.505159378,4,11.7930718882158
-285285,1563795,152.2239685,579.8900146,2,0.359032243,667.1728516,13.93725777,0.453407854,6,62.80644989,1.672507167,-0.596318662,1,4.60458040097994
-255285,1773795,158.6947479,554.6804199,2,0.319999993,637.9096069,12.17778397,0.543913782,6,81.26907349,2.625888109,0.48342061,1,10.150283079774
-975285,1453795,195.4605713,1970.863892,3,0.169090912,330.8162842,10.19045448,0.230347976,5,44.70909119,7.824594498,-3.443882227,2,3.12233527639175
-985285,1443795,142.3397827,1853.962769,3,0.273900002,270.6792603,10.8770504,0.192931592,5,48.92900085,4.717175484,2.043339014,2,2.23342938099706
-1005285,2513795,149.7353973,1460.880615,4,0.319999993,287.0523987,7.388829708,0.220536619,5,46.6638298,3.02606678,4.04583168,2,3.52126357625969
-895285,1713795,173.9724884,2867.3396,3,0.134444445,521.2004395,2.780504942,0.560398936,4,51.55555725,13.61006069,16.18584251,4,5.95369093802378
-695285,1403795,159.3998718,1285.668701,2,0.257099986,412.0809937,14.05955029,0.291783541,5,46.98400116,3.348302603,0.629673958,2,1.97749674253906
-275285,1893795,152.2023926,652.7269287,2,0.319999993,616.4252319,10.79482746,0.573952138,6,83.69999695,2.240489244,-1.694707036,1,10.8211721600038
-875285,2193795,212.2936096,2115.353271,4,0.319999993,374.6186829,5.596185684,0.30623731,5,50.18247604,3.171907187,0.603967369,2,2.6558343070997
-795285,1373795,163.2847137,1568.838135,2,0.333131313,391.9453735,13.16237354,0.263046443,6,46.72525406,4.299891949,-0.957289696,1,3.3033121145949
-655285,2463795,160.1329498,1072.832153,2,0.272142857,402.2758484,7.342704296,0.465252459,5,63.00714111,3.918282747,-0.34773311,2,7.8156186809883
-875285,1713795,142.6982117,2358.188477,3,0.170777783,203.6014404,5.611833096,0.475419849,7,41.52999878,0.908491313,-1.050776243,3,5.45351451852446
-835285,1593795,184.219696,2532.659668,3,0.140416667,334.1325378,5.875885487,0.290491492,5,53.62083435,4.563108444,3.371177435,2,4.23922697023502
-1075285,1933795,188.686142,2121.410645,3,0.204799995,374.342804,7.441150188,0.437971145,4,53.10800171,14.44762802,6.364068031,4,5.50047429142182
-1115285,2523795,215.6127472,2371.714355,5,0.137731954,597.7127686,1.508608222,0.646761298,4,46.6876297,16.5405159,4.070851326,4,11.9453283793226
-875285,1213795,202.1918182,2056.894531,3,0.261000007,501.8652039,10.08185005,0.391169399,6,56.06900024,8.454494476,2.679735661,1,4.5724357600311
-15285,1863795,177.1742401,389.9004517,2,0.370000005,871.6251221,11.67134953,0.722192585,7,73.37599945,1.87627387,0.337915897,3,11.0552772716894
-245285,1583795,158.2003479,542.6419678,2,0.355204076,701.6542969,13.79209137,0.515644908,6,65.30918121,3.266145706,-0.659241676,1,6.75560265581535
-275285,1583795,163.8899689,609.3084717,2,0.224040404,675.0738525,13.5802021,0.486938745,6,48.11616135,1.813418388,1.410116076,1,3.58137807730046
-375285,1843795,136.4719391,830.84198,2,0.319999993,554.5348511,11.14438152,0.504942715,7,88.35463715,1.675157666,-0.318649769,3,6.2247215192963
-1025285,1433795,183.7736511,2559.201904,1,0.132400006,459.7005005,7.29610014,0.424479336,4,59.87099838,5.430711746,5.698660374,4,7.09796532427322
-1035285,2103795,137.0253601,2201.187988,4,0.314226806,218.8479156,5.509226799,0.179164737,5,49.51134109,2.171700001,-0.792184055,2,3.40677725846942
-1095285,1943795,205.9306488,1967.794556,3,0.200000003,320.0379028,8.246899605,0.279380649,4,50.25799942,8.210459709,-2.220616102,4,3.32385632190794
-465285,1843795,165.805481,1048.001587,2,0.319999993,497.7538452,10.76051521,0.466685265,7,88.36907196,1.224569798,0.029010851,3,6.41967191700136
-995285,2313795,133.3305969,1536.905273,133,0.283333331,184.8292694,6.931562424,0.212217003,5,36.30937576,2.285088778,0.304094821,2,2.45470330837125
-1225285,2253795,165.3449402,2186.139893,4,0.071923077,535.1867065,3.607019186,0.555043042,5,54.59999847,15.53678417,-0.935467303,2,12.846749774249
-655285,1263795,155.7533722,1233.727295,2,0.191326529,442.2621765,14.01107121,0.410532027,6,23.09591866,0.885952771,0.066678859,1,2.7048927420984
-845285,2273795,176.9732513,1681.040283,2,0.317099988,331.7149963,7.366799831,0.287499338,5,44.22800064,2.018773317,-0.09435188,2,2.20530381102361
-715285,1873795,170.4739227,1758.679443,2,0.26867348,439.7218628,9.526071548,0.348820806,6,49.21734619,1.79806757,-0.810913026,1,2.25417597958685
-1055285,2193795,166.3864594,2268.07373,4,0.315600008,342.1091919,3.201450109,0.194707289,5,40.90100098,3.746807098,2.573185205,2,3.6569429674592
-995285,2263795,215.4360199,1702.126587,4,0.328500003,234.2105103,6.728950024,0.20599772,5,50.92699814,2.685295343,-1.570774078,2,1.78627174055682
-1185285,1373795,265.278595,2027.250977,3,0.239999995,335.3796692,9.79766655,0.231831193,5,39.29999924,2.82490325,2.498899698,2,2.29643310112085
-1085285,1673795,195.4767151,2264.544434,3,0.111699998,530.1417236,7.012300014,0.543129623,4,53.38199997,5.903158665,0.807529151,4,3.7977374232395
-575285,1903795,130.3867493,1306.195557,2,0.151020408,438.5673523,10.00816345,0.4658207,6,10.01836777,1.363836169,0.331190377,1,3.69807913536622
-365285,1813795,144.4075623,804.9420166,2,0.319999993,555.7719116,11.39469051,0.485546827,7,84.86495209,1.855650663,0.326473176,3,4.69151960408364
-955285,2083795,192.5013733,2211.612793,4,0.319999993,493.8167419,5.33117342,0.389101863,5,49.94285583,6.373528957,2.808026075,2,5.83877213796253
-1085285,1453795,141.9676361,2255.431152,3,0.188999996,320.9130859,8.571849823,0.223172277,5,47.24000168,4.359403133,-3.832921267,2,3.88791133565344
-675285,1973795,144.1151123,1472.628296,2,0.21020408,365.477356,9.050969124,0.357641995,6,44.25714111,1.450626135,1.280669808,1,3.40207967130227
-605285,1733795,148.9203186,1335.105469,2,0.269387752,381.2460327,10.91872406,0.304276973,6,65.568367,1.060441613,0.27808547,1,2.73920073873738
-415285,1603795,142.9855347,871.2626343,2,0.319999993,503.8929443,12.75537205,0.484597892,7,76.43617249,0.733190536,0.180612743,3,4.83504886795757
-695285,1643795,152.2898865,1595.97168,2,0.32949999,361.6744995,11.23849964,0.274549335,6,75.04399872,3.521265507,2.015802622,1,8.72372329754844
-1035285,1893795,182.8702698,2157.429443,3,0.197600007,485.6545105,7.017849922,0.553654611,4,53.9469986,22.4551239,16.31170273,4,7.94628995444735
-955285,1633795,223.1869812,2517.141602,3,0.280000001,631.3380737,5.304545403,0.674517334,4,60.90605927,8.61106205,-11.63264465,4,20.9854470170705
-1015285,2353795,175.9757996,2238.742188,4,0.319999993,443.3323059,3.696700096,0.407472461,5,57,14.7652216,12.7371273,2,7.02618854033511
-665285,1363795,149.7907867,1246.701538,2,0.275473684,457.3051147,14.44068432,0.27911824,6,42.05157852,1.401208758,-0.055053972,1,2.94983969464764
-1005285,2043795,204.4546204,1950.633545,4,0.219999999,328.3598022,6.358699799,0.241401687,5,28.25,2.73734498,0.083505541,2,2.69918418171821
-445285,1783795,160.1882477,949.3404541,2,0.319999993,486.1733093,11.352211,0.372301966,7,88.01579285,1.513637781,-0.512218595,3,6.36139156464079
-1195285,2103795,130.3111267,2430.389893,4,0.315945953,399.3234558,3.787297249,0.414962173,5,50.85135269,3.789349556,3.115130186,2,7.50703229476812
-1005285,2193795,159.7446747,2087.084961,133,0.298700005,237.1354523,4.814050198,0.162346527,5,42.59999847,1.091478348,-1.227451921,2,1.74575851904159
-775285,1973795,146.126236,1816.736938,3,0.174831465,457.944397,8.452640533,0.5146541,4,42.47078705,13.30937958,-3.138085604,4,6.36714097577272
-1165285,2143795,173.8176575,1975.77063,4,0.318877548,211.7317352,5.063214302,0.161095485,5,38.90000153,1.883548617,-1.510594845,2,2.06340827304634
-85285,1683795,173.8873596,426.8065491,2,0.321855664,853.9639893,13.1342268,0.643847406,6,82.434021,1.629025578,-0.368172288,1,9.62340768550368
-1005285,1763795,191.758667,2694.72998,3,0.245900005,522.7861938,4.925199986,0.757863522,4,61.17900085,11.41544533,19.10448837,4,10.7222372678503
-295285,1643795,126.4831161,681.835144,2,0.208888888,630.8937378,12.87388897,0.604397774,7,33.87171555,0.636935771,0.042176299,3,3.74512473906808
-195285,1563795,166.967392,402.8427124,2,0.277187496,788.8748779,14.64302063,0.554317355,6,49.55833435,1.067507744,-0.332481235,1,5.78933801520168
-975285,2043795,174.8097687,2071.873047,4,0.148499995,364.5783997,5.900899887,0.297693074,5,25.39699936,3.965543985,1.545317411,2,3.9062625209877
-655285,1513795,146.7497711,1627.878784,2,0.335099995,418.0458984,11.18935013,0.351223022,6,57.12099838,2.358579874,0.256225944,1,4.07561817185864
-5285,1863795,181.1127625,373.4152222,2,0.363076925,881.5410767,11.7434063,0.723218083,7,74.25164795,2.365212917,-0.141020313,3,12.1295516059665
-1075285,1963795,202.4417267,1786.249023,4,0.228865981,302.9409485,8.512887001,0.257307917,5,45.29175186,8.637087822,3.888884544,2,2.88213096684152
-895285,1693795,127.9938889,2515.015869,3,0.128453612,294.1569519,4.492835045,0.352760941,5,58.50102997,7.331689358,-0.304359704,2,5.64937144639082
-775285,2443795,196.1181183,1298.730225,2,0.319999993,398.3323975,7.491399765,0.372626543,6,57.30400085,6.195254803,1.759454846,1,9.4761603280008
-1135285,2173795,133.8736115,1935.517944,4,0.322577327,203.2573242,4.861598015,0.162123755,5,46.16185379,1.567667365,-0.697140515,2,2.90569857785593
-955285,1243795,228.2937012,1752.298706,3,0.245100006,334.2113953,12.86190033,0.225866139,5,45.3409996,6.192115784,5.051938534,2,1.85535936256766
-815285,1913795,158.177002,3144.544189,4,0.062068965,799.8892212,1.188045979,0.591900826,4,37.60344696,18.35825729,-2.638601542,4,19.5294026102372
64715,1573795,142.8978882,271.0878601,2,0.422340423,1109.770752,13.88696766,0.667255759,7,77.09468079,0.771473229,0.282255381,3,8.19650914192089
-835285,1523795,164.4742584,2783.655273,3,0.248080805,606.3873901,5.150707245,0.680806696,4,50.52222061,16.21366692,2.539776802,4,12.2377350537716
64715,1653795,186.0203552,322.0268555,2,0.400618553,1072.191284,13.3604126,0.659744501,7,80.21958923,0.952493191,0.216541737,3,7.95687885524912
64715,1693795,172.7082977,315.1755981,2,0.380843371,1019.619385,13.15138531,0.707220078,7,82.38795471,1.964277029,0.070005499,3,12.2369896823773
-1115285,1073795,136.6395874,1308.899902,2,0.37275511,264.7937012,15.97637749,0.168436259,5,53.45306015,0.704789877,-0.427086651,2,1.3404853929122
-815285,1823795,154.3306122,2845.070068,3,0.060204081,517.5975952,3.371479511,0.471387357,4,37.65306091,11.23804951,6.933285713,4,9.09755378941127
-875285,2183795,199.6805878,2253.718018,4,0.25696969,471.8007202,4.90075779,0.399398029,5,50.30908966,7.633665562,-0.690000653,2,4.80863044707398
-1125285,2203795,192.8556213,2057.010986,4,0.331,214.7621002,3.388799906,0.16981329,5,38.77600098,2.531458616,1.230040193,2,2.55011516563717
-835285,1063795,167.1213226,1624.380615,2,0.151999995,437.5606079,14.5614996,0.242336214,5,59.52399826,8.497160912,-0.483100712,2,5.70920815529986
-675285,1553795,146.7940063,1838.678711,2,0.25999999,433.2833862,10.26210022,0.350078017,6,56.17900085,1.885775805,0.254887879,1,3.68972225371817
-855285,1323795,164.5821381,1897.081909,2,0.370000005,385.4852295,10.7744894,0.256181449,6,56.45101929,1.547494292,0.285030097,1,3.74146664401939
-1215285,2103795,171.3122711,2494.398682,4,0.326666653,589.4135742,3.250416756,0.611556172,5,56.32916641,5.896723747,2.786008596,2,10.8542495251454
94715,1653795,149.2932434,289.3345642,2,0.339072168,1124.681885,13.51268005,0.743549824,7,82.53607941,1.638546705,0.145676777,3,10.5356712390432
-745285,1583795,190.9472046,2435.57373,3,0.22880435,584.755188,6.755271912,0.609317899,5,54.32500076,10.45367622,7.65072298,2,9.65749288574567
-785285,1303795,136.6418762,1464.145386,2,0.280000001,364.4150085,13.84235001,0.257021308,6,25.70000076,0.999367118,0.250351369,1,2.24497342313248
-815285,1603795,206.5705261,3075.99585,3,0.178787872,554.3935547,3.412474632,0.560479581,4,41.14343262,14.91547108,-0.454491168,4,5.95627156070246
-785285,2393795,187.2425842,1405.472412,2,0.319999993,327.4664001,7.078228951,0.338528931,6,58.39374924,3.886562586,-3.373463392,1,4.54086668025041
-955285,1273795,181.7823181,1663.782593,3,0.253600001,330.2871094,12.87164974,0.208741516,5,35.26300049,1.420365691,-1.117082596,2,2.46646092966853
-35285,1623795,155.7214508,391.9079895,2,0.337525785,943.0626221,13.42613411,0.70084542,6,81.99484253,2.468861341,-0.085169286,1,12.1473438138072
-725285,2413795,159.599884,1303.685913,2,0.319999993,391.1924438,7.048434258,0.434237421,6,55.59090805,3.061841249,-0.913165927,1,9.12396679877748
-65285,1753795,177.718811,427.3350525,2,0.320561796,869.5543213,12.38522434,0.637679815,6,83.57640076,1.55873251,0.807271481,1,10.2601617542789
-755285,1993795,183.8811798,1551.527954,2,0.276521742,384.5585632,8.985941887,0.548455179,7,49.69565201,1.414481997,0.091993198,3,5.84459812774204
44715,1833795,180.0093079,323.9975891,2,0.311263144,937.0098877,12.21805286,0.726082504,7,74.16736603,1.858105779,0.330125213,3,10.5759916203201
-835285,1233795,145.5849762,1563.44458,2,0.370000005,356.0119019,13.82139969,0.226788655,6,59.5,2.833010674,-0.52672708,1,2.99469745305864
-925285,1483795,163.9701538,2753.519531,3,0.224800006,721.3823242,6.231900215,0.619428515,4,44.79399872,17.8216114,1.540503621,4,10.0326378598343
-685285,1033795,170.0276794,973.6140137,2,0.170000002,322.6417236,17.16015244,0.252395511,5,13.57676792,1.310105324,-0.140668169,2,1.45128467567156
-925285,2213795,168.3577118,1903.999756,4,0.268988758,275.7606812,6.660730362,0.24341701,5,30.78651619,2.315296173,-1.715505719,2,1.59909441896838
-635285,1973795,133.0301666,1374.554077,2,0.188333333,388.7182617,9.222864151,0.404407382,6,40.06145859,1.319327354,-0.07367751,1,4.97182715144803
-5285,1843795,181.1408844,393.3736572,2,0.370000005,899.2805786,11.75790691,0.712323189,6,72.80697632,2.267501593,1.147844672,1,11.5570716701484
-905285,2063795,155.5841522,2752.067139,3,0.13424243,1094.741455,1.490252495,0.606320441,4,43.53434372,11.38762569,5.181537151,4,7.63391278980387
-755285,1083795,169.1427612,997.0796509,2,0.339090914,338.1057739,16.77010155,0.21705994,5,55.16666794,0.958313167,-0.256806791,2,1.66341627026061
-1145285,1313795,200.6176605,2309.80957,3,0.237599999,348.7441101,8.463049889,0.335965365,4,36.3429985,6.234667301,-0.881325126,4,4.45119467300485
-1005285,2243795,157.2703552,1901.61731,4,0.307857156,327.2095032,6.257398129,0.29337275,5,53.83367157,7.518017292,-4.820539951,2,3.72008235468092
-985285,2443795,110.8883667,1382.556274,133,0.353522718,230.8882904,7.276249886,0.434990913,7,52.90909195,1.514193535,-2.127766609,3,5.66229860945653
-845285,2233795,227.0372772,1981.104858,4,0.294583321,414.3020325,6.032291889,0.394836456,4,50.95104218,8.414896011,-1.910498381,4,4.99612802093952
-935285,1203795,171.2171478,1395.588379,3,0.216299996,299.0682068,15.01249981,0.203951776,5,45.1969986,2.295550823,-1.150202274,2,1.78022801199649
-555285,1983795,129.7324371,1232.554443,2,0.20042105,446.7599487,9.65363121,0.546627343,7,20.90842056,0.747935236,-0.010990102,3,6.10985621587631
-655285,1543795,134.6553802,1667.821411,2,0.182244897,419.9594116,11.01760197,0.343968511,6,49.33979416,4.010756493,0.513911307,1,4.31525711717533
-665285,1063795,179.5840759,1040.498291,2,0.139468089,384.5176086,16.603405,0.279493093,5,12.6265955,1.444613934,-0.396023899,2,1.57664229695124
-965285,1793795,194.8585663,3224.612549,3,0.094300002,842.4588013,0.972250044,0.639999688,4,51.77700043,23.15374374,5.012234688,4,18.3333605499608
-765285,1843795,154.2397919,2054.798096,3,0.150851071,526.838562,8.463617325,0.56524992,4,42.12340546,7.014595509,-2.307430506,4,5.98052236025196
-1005285,2343795,172.6119995,1919.435669,4,0.312000006,295.3795471,6.212999821,0.274171442,5,54.55599976,9.057208061,3.379933357,2,3.43479043383862
-725285,2243795,160.0809021,1545.570435,2,0.318775505,372.6767578,7.435101986,0.366890728,6,45.49694061,3.493061066,-0.837040484,1,6.46698286114154
-925285,2013795,161.0192566,2439.077393,3,0.188099995,763.6991577,3.636499882,0.730768383,5,53.1590004,10.1612463,4.47148037,2,11.572794288441
-1115285,1313795,192.7862244,2338.510986,1,0.3583,369.4863892,8.397600174,0.305187434,4,47.07300186,3.735895157,2.206005573,4,4.28458572772238
-585285,1833795,151.2965546,1413.88208,2,0.275000006,446.5449524,9.934531212,0.400111645,6,56.37708282,1.737335324,-1.748791575,1,4.64050845600856
-135285,1863795,178.3726654,458.4728394,2,0.326790124,764.5244141,11.54685211,0.615635693,6,81.66049194,2.275533915,0.388674408,1,8.33887049200289
-835285,1623795,223.5897675,2381.737549,4,0.142000005,253.5130157,5.642000198,0.229076147,5,46.49000168,1.321096897,-1.410756469,2,1.68678663596983
-1165285,2233795,151.2120819,2250.197998,4,0.325555563,332.3903198,2.723181725,0.236672893,5,51.43333435,9.235180855,7.091940403,2,5.1175519535499
-625285,1453795,124.5339966,1340.80249,4,0.203636363,401.9080811,12.85090923,0.372745365,6,22.85454559,1.451736689,-1.990082622,1,4.9727580900025
-905285,1783795,197.3715668,3254.298828,4,0.184315786,600.6442871,0.74473685,0.595718205,4,40.79473495,16.79493523,-11.93424702,4,12.4642238532237
-695285,2453795,180.9733124,1231.520264,2,0.278367341,432.7486877,6.978061199,0.49850902,5,67.86326599,5.386833191,1.867230415,2,8.26390217405763
4715,1743795,150.0042877,358.0624695,2,0.414210528,935.225708,12.57747364,0.721523523,6,82.82105255,1.573228955,0.205371365,1,10.5048418815471
-975285,1743795,162.4663239,2904.66748,3,0.181340203,386.7607422,3.345566988,0.535807431,4,54.44432831,13.66564751,-12.09932518,4,7.35824655068593
-195285,1853795,185.8583374,504.0379944,2,0.319999993,678.9370117,11.28916645,0.528314054,7,78.6802063,2.005455256,-0.429189593,3,11.0347570685966
-915285,1583795,172.4329071,3118.150391,3,0.20423913,917.2471924,1.526250005,0.60463506,6,51.1076088,9.885521889,6.870428562,1,10.1646634173921
-705285,1903795,131.7470703,1574.394775,2,0.267659575,394.4101563,9.782446861,0.355995119,7,55.15000153,1.332627773,-0.436008006,3,3.99359370516766
-145285,1603795,123.7673569,413.1545105,2,0.427717388,802.9897461,14.17353249,0.418133438,7,67.43151855,0.905477583,0.07217294,3,5.6799654886495
-1215285,2133795,154.6476593,2150.601563,4,0.342222214,267.8210144,4.950706959,0.277551562,5,58.74848557,6.785643578,-1.507924199,2,5.53483662034953
-1155285,1093795,179.9408112,1430.769775,2,0.370000005,315.815094,15.05914974,0.181377843,5,61.20000076,1.421394467,0.122436047,2,1.50037575965773
-855285,1773795,183.7873077,2760.163818,3,0.077373736,365.0849609,4.489192009,0.474581599,4,37.4515152,14.12498951,14.09651661,4,8.34903822346606
-935285,1653795,188.5440063,3338.949463,4,0.101875,1203.379639,0.925729156,0.651524425,4,52.00624847,18.67704773,-6.218140125,4,19.3224593227694
-825285,1203795,134.2869263,1404.881592,2,0.1831,360.283905,14.20495033,0.238417402,6,61.5719986,3.977310658,-0.514098644,1,3.03026981721788
-725285,1603795,154.1469879,1720.525879,2,0.316391766,352.2409668,11.10566998,0.280643493,6,78.16907501,1.669730902,-0.624545455,1,10.0775403601815
-925285,1223795,195.9306641,1560.873413,131,0.254599988,332.7417908,13.99839973,0.198875293,5,56.0320015,3.45433116,-1.167921901,2,1.8114919122025
-695285,1783795,139.8730774,1812.612427,2,0.180404037,380.7530518,8.439949036,0.342875898,6,32.47373581,1.46902144,0.524742365,1,3.17379348281869
-605285,1853795,121.452179,1477.653931,2,0.26612246,431.8097229,9.456428528,0.391286582,7,50.1204071,1.231960773,0.182817712,3,6.16127324116573
-825285,2413795,166.7920074,1338.063965,2,0.319999993,350.3274841,7.235255241,0.316580683,6,54.81326675,6.109316349,-1.654424429,1,5.87733806983423
-695285,2373795,142.6728973,1348.876465,2,0.320505053,366.9959717,6.980353355,0.395116836,6,53.76060486,2.702266932,2.215934753,1,7.53337650610924
-885285,2483795,130.0578918,1323.893921,2,0.339135796,440.8355408,6.633518696,0.527893484,6,58.85432053,4.496027946,-1.774261951,1,9.50662319846289
-1195285,2343795,143.7186737,2197.398682,4,0.050000001,702.1674805,3.229040384,0.692201018,4,57,20.99030113,-4.422388554,4,18.7297612614665
-725285,1713795,143.8539581,1426.217407,2,0.30694738,305.4022522,11.25694752,0.316101968,6,73.51368713,1.432636261,0.015348036,1,5.10647265008429
-955285,1903795,153.1385345,2825.687744,3,0.225714281,852.0539551,3.249285698,0.688922822,4,57.98163223,14.53373528,7.290279388,4,9.35767530350062
-295285,1673795,144.2538147,668.7977905,2,0.319999993,625.194397,12.80111694,0.438203722,7,80.61276245,1.097018242,0.076079644,3,6.8220430621564
-1075285,2353795,181.4388885,2147.147949,4,0.381000012,273.9957275,4.36950016,0.208209574,5,54.55799866,7.465381622,5.229395866,2,3.65988522361751
-675285,1503795,147.6976929,1718.157471,2,0.281899989,418.4966125,10.67609978,0.333466381,6,54.00899887,1.951291323,-0.305018723,1,3.40129514953766
-915285,1753795,157.83255,2874.496338,3,0.131414145,390.4272766,3.415353537,0.522489786,4,51.00505066,15.77210426,-3.81482172,4,5.80227683010082
-815285,1353795,168.424118,1662.938843,2,0.299292922,378.9048462,12.7080307,0.262110472,6,44.70606232,3.147095203,-2.171962023,1,3.02363351685323
-1225285,1033795,185.8551178,1661.453613,3,0.172758624,462.4089966,14.13074684,0.279010296,5,49.96091843,10.98601437,4.931433678,2,3.38140275409274
-975285,1203795,171.6793976,1603.114502,133,0.146799996,282.4013062,14.11905003,0.187977448,5,42.47999954,3.934978724,-1.838115931,2,2.58274419043525
-775285,2253795,175.6571045,1568.94458,2,0.319999993,325.3318481,7.445867538,0.291809291,6,41.931633,2.064594984,-0.987944067,1,2.62752726492916
-1025285,2143795,153.7552185,2080.334229,4,0.319999993,171.6457977,5.223599911,0.182050034,5,36.20800018,1.3179667,-0.732539117,2,2.01132401429976
-1095285,1963795,187.0466461,1753.252197,4,0.175463915,258.4082336,8.944484711,0.183365211,5,48.5443306,10.56610394,4.920675278,2,2.23726209963848
-755285,2423795,173.3491364,1292.662231,2,0.319999993,388.7814941,7.241770744,0.378923625,6,39.29166794,3.816916704,0.068302691,1,5.60675686186475
-55285,1853795,183.7153473,379.0914001,2,0.359325856,838.1442871,11.76971912,0.683763981,6,78.75056458,2.82431078,-0.828140736,1,10.0325127986148
-875285,1603795,111.8861465,2389.698242,3,0.139740258,237.6502075,5.538636208,0.451860577,7,52.40779114,1.609265685,-0.399124146,3,7.52406511774901
-1015285,1093795,163.6704102,1274.700806,5,0.17824176,266.0895996,16.62637329,0.28981486,5,52.52857208,5.336886406,1.830685258,2,2.81007082678417
-755285,1053795,148.7151489,920.2388916,2,0.354065925,325.8877869,17.45225334,0.321578503,5,63.01428604,1.593137026,-0.366201043,2,4.40478843985503
-835285,2053795,167.0951996,2525.092041,4,0.175851062,394.803894,3.170638323,0.533634901,5,35.84255219,11.34361458,5.685560703,2,7.32369502101324
-1195285,2423795,202.1490326,2199.013428,5,0.128000006,1074.293091,2.751437426,0.724151492,4,50.88000107,9.328895569,-8.788265228,4,13.4311713502166
-1195285,1193795,189.9502106,1763.577271,1,0.275599986,460.3752136,13.22579956,0.310670882,5,54.34000015,6.391717434,-1.365744472,2,3.49920205780476
-405285,1893795,153.9846191,865.7640381,2,0.319999993,541.770813,10.50270081,0.431976348,6,87.92758942,2.885971546,1.008360982,1,7.83063906903518
-925285,1083795,214.8275146,1421.317261,2,0.156499997,332.689209,15.92910004,0.193645358,5,59.46900177,4.74178791,0.143521994,2,1.94965441215697
-675285,1863795,192.7527924,1643.188232,2,0.299361706,406.1788025,9.275425911,0.378728151,6,58.38829803,2.683110476,2.043836832,1,4.59816422242132
-1025285,1233795,132.1729431,1515.481323,3,0.226122454,247.1333923,14.38331604,0.161864936,5,44.16938782,2.075712919,-1.180094838,2,2.54950337734258
-525285,1913795,161.2342377,1126.677856,2,0.227582425,461.2462463,10.6106596,0.430627912,6,37.92856979,2.408107758,1.086455345,1,2.91563655818083
-805285,1873795,167.1394653,2806.379883,3,0.194329903,618.8104248,3.359999895,0.596415937,4,37.58866119,11.32452488,5.497121811,4,8.8016705271428
-1055285,2413795,157.8029633,2642.266357,4,0.13787879,570.0638428,1.537727237,0.438821107,5,53.41818237,14.53116608,7.707226753,2,9.65031034564499
-1065285,1763795,192.6389923,2287.254883,3,0.296907216,490.1030884,7.530721664,0.560889661,4,58.31134033,8.349100113,-2.488057137,4,6.6465484583925
-705285,1383795,163.2442474,1257.043213,2,0.242989689,415.3786926,14.25118542,0.293076724,5,40.35876465,3.549494743,0.788953841,2,1.85613375668843
-995285,1023795,165.4009552,1177.625854,5,0.188620687,229.0848236,17.53155136,0.176776066,5,32.80344772,4.737063885,8.679686546,2,2.08073018395324
-485285,1683795,165.3286591,1031.929321,2,0.362222224,447.5420227,11.89015198,0.328900635,7,80.02928925,0.918650389,-0.301991463,3,4.86643012680382
-1115285,1173795,188.9503937,2112.382813,1,0.124300003,554.0358887,11.17714977,0.434803665,4,46.50299835,9.028102875,-1.052254438,4,3.85239259944853
-335285,1643795,136.3994598,756.2269287,2,0.319157898,581.3530884,12.73868465,0.372337282,7,78.96947479,0.850037634,0.168608457,3,5.37767845208862
-385285,1613795,150.3127136,828.5552368,2,0.326060593,541.3294067,12.66383839,0.472993821,7,76.1111145,1.252739072,-0.13942416,3,5.30933837812934
-445285,1753795,148.9316101,961.2670288,2,0.319999993,491.8647461,11.54277802,0.389379919,7,79.7191925,1.497688174,-0.156934574,3,5.32179076539196
-685285,2123795,114.3162231,1326.994507,2,0.299333334,378.8621216,8.940610886,0.425942361,6,32.20000076,1.188887477,0.223446935,1,6.22751789392478
-165285,1613795,141.7017059,445.5526733,2,0.278865993,786.9105225,14.0791235,0.515722752,6,47.3896904,1.263245702,0.038279697,1,3.99187393951482
-825285,2153795,184.8638306,2067.428955,4,0.319599986,298.0546875,5.211800098,0.248798802,5,53.06999969,1.818331242,1.280163407,2,3.72729677724133
-1005285,1033795,138.1739349,1225.058594,5,0.203368425,227.697998,17.24652672,0.192070246,5,29.54000092,2.331788301,0.132750705,2,1.74814655155333
-845285,1763795,200.379303,2656.237061,3,0.059700001,351.8598938,5.062250137,0.489853323,4,40.39899826,15.72095013,4.342484951,4,10.1948915014725
-805285,1533795,147.7448578,2639.735107,3,0.225600004,562.0303955,6.503600121,0.624212742,4,34.52000046,16.56748772,2.786206484,4,13.5504576047427
-115285,1853795,190.2898102,444.0567322,2,0.359690726,772.2962036,11.71912384,0.602278233,7,79.43093109,1.617363334,0.655705392,3,7.20465042905203
-765285,1173795,181.7736206,1112.271484,133,0.338469386,367.0324707,15.16617393,0.220299438,5,53.23571396,1.434951186,0.359360605,2,0.388621403169537
-905285,1793795,161.7053833,3304.979492,4,0.152959183,574.8179932,0.348367363,0.532846272,4,38.90000153,17.69618797,18.91500282,4,9.7559061130826
-975285,2013795,188.4736938,2079.253418,4,0.244599998,465.3074951,5.749849796,0.399094373,5,38.23600006,5.423081398,1.84197247,2,5.64910522857929
-765285,2183795,171.5419464,1991.977051,1,0.146262631,463.9884033,6.123333454,0.519300938,4,35.304039,10.38692474,-1.706791997,4,6.1230473916393
-265285,1883795,161.6551208,629.6923828,2,0.319999993,625.9891968,10.84835243,0.548554003,6,83.69999695,2.489859819,0.326705456,1,10.4786713290137
-1095285,2203795,199.6458893,2035.765259,4,0.280439556,207.0898895,3.46565938,0.375441462,5,37.01208878,1.107144356,-0.375516355,2,4.37976745482327
-1105285,1363795,156.7488251,2238.041748,3,0.100000001,361.9544067,8.342350006,0.251906693,5,38.89699936,1.298681378,-0.012877216,2,3.27435437361304
-145285,1673795,158.9229584,446.9650879,2,0.242659569,802.9890747,13.32287216,0.625410318,6,43.99361801,1.038049579,-0.294591188,1,5.7903816907009
-975285,1193795,202.1445007,1786.506348,133,0.075000003,386.2244873,13.06820011,0.267639428,5,46.70000076,14.4176693,13.6225729,2,6.28790362054768
-475285,1713795,135.0850525,1039.266479,2,0.319999993,468.3795166,11.51154613,0.366960496,7,76.33711243,0.799153149,-0.015368669,3,5.90785955302889
-825285,1503795,163.6272888,2764.298096,3,0.206,644.8294678,4.822199821,0.632863283,4,57.55099869,14.84901619,0.01686345,4,8.78377480033847
-345285,1823795,142.2647247,744.1821289,2,0.319999993,561.6275635,11.47791195,0.509786665,6,77.25384521,2.306552887,0.895786524,1,5.23400914388483
-615285,1633795,157.7165985,1444.70813,2,0.368000001,398.6430969,11.61104965,0.316453695,6,59.95399857,2.618381977,-0.917995691,1,3.07055353079658
-1085285,1573795,179.975235,1825.400024,4,0.370000005,245.7849731,10.4798975,0.495831549,5,30.65408134,1.385134459,-0.204037085,2,4.77882796946301
-605285,1763795,153.7566528,1369.709229,2,0.100000001,389.5933838,10.45109367,0.360473603,5,19.70000076,1.061819911,-1.172337532,2,1.99265312376187
-1155285,2533795,153.856308,2214.005127,4,0.200000003,552.973999,2.36898303,0.591660142,5,69.42711639,14.72763157,-10.21273041,2,10.2487636996901
-405285,1843795,137.9340973,903.4219971,2,0.319999993,530.463562,10.90515137,0.505113721,7,88.41010284,1.479913831,-0.29751724,3,7.07577423256534
-805285,1193795,174.2975006,1264.450806,2,0.183699995,357.2481079,14.64684963,0.220854282,5,62.59500122,2.225685835,1.359931231,2,1.99149859141837
-1125285,2123795,218.9689941,1935.238403,4,0.331956536,211.3445587,6.233478069,0.170019343,5,42.42608643,4.905152798,1.597307086,2,1.89767378936072
-595285,1663795,190.2071838,1278.821411,2,0.356999993,375.7988892,11.87644958,0.275806189,6,66.35700226,1.893673182,-0.613029361,1,4.49269170044316
-185285,1843795,143.3577881,472.3874512,2,0.319999993,693.4136353,11.66649437,0.459030509,7,79.95257568,1.21315825,0.444433153,3,7.15324777278588
-65285,1863795,163.9380798,397.6046143,2,0.369484544,820.5786133,11.55664921,0.656210721,7,79.2824707,1.800230861,0.363828093,3,8.17540240842791
-805285,1833795,154.5238647,2898.43335,3,0.056565657,665.4335938,3.440606117,0.526857674,4,34.3767662,19.11731339,2.663605928,4,14.2086221819895
-745285,2183795,135.7207184,1584.085815,2,0.360824734,391.3734436,7.453402042,0.39797017,6,47.09278488,3.972961664,0.247283578,1,5.47068976291841
-795285,1813795,197.990921,2653.284912,3,0.148969069,444.23703,4.648247242,0.493529767,4,31.73814392,6.938206196,3.165311575,4,8.16589681616267
-705285,1583795,188.036087,1888.983887,2,0.334500015,396.2475891,10.49135017,0.345739007,6,69.1230011,3.128973246,-4.245746613,1,7.9801977679426
-725285,1673795,107.4501724,1685.279297,2,0.370000005,377.5269775,10.70368671,0.293761641,6,56.82222366,3.014142513,0.213318378,1,5.09850554259506
-855285,1093795,184.4002228,1669.255981,133,0.125,406.4172974,13.79889965,0.233870536,5,63.14199829,7.627734661,2.879457951,2,5.00466485932916
-945285,1603795,173.1896362,2534.115234,3,0.259081632,607.9422607,5.119387627,0.671456695,5,63.46632767,9.720214844,0.488254607,2,11.585466728453
-1145285,1423795,161.5117493,2107.306396,1,0.231600001,371.7466125,9.169249535,0.33091116,4,39.04800034,5.965251923,-0.777458072,4,3.67139167997268
-1225285,2263795,149.7591095,2289.622803,3,0.050000001,693.2860718,3.227499962,0.671165466,4,57,10.21373463,3.231327772,4,15.0681968797358
-675285,1963795,181.0416412,1404.353027,2,0.265348852,361.7297058,9.452151299,0.393600315,6,47.17209244,1.658104897,-1.795243859,1,3.78816223106712
-855285,1473795,185.9988708,3308.619873,3,0.200000003,969.9893799,2.043950081,0.699813962,4,56.5719986,14.01391983,-3.955607891,4,11.8817714098448
-1095285,1063795,212.6269073,1354.433838,3,0.263578951,294.9134216,15.83305264,0.184510723,5,49.5663147,6.213919163,2.117151022,2,1.99733155979426
-765285,2243795,173.3864288,1532.65271,2,0.319999993,335.8615723,7.590154648,0.369639367,6,44.61340332,2.649493456,-1.105998516,1,4.9105564028137
-1105285,2403795,190.5508575,3101.864502,5,0.050000001,950.4655151,-1.374540806,0.278570056,4,35.8571434,20.29590416,5.436747074,4,15.7796901691623
-835285,1133795,153.4620361,1481.680786,2,0.119800001,393.209198,13.97340012,0.247203603,5,62.68399811,5.343299866,0.679188371,2,4.54214842581351
-165285,1873795,157.1625061,475.3516541,2,0.335957438,709.3035889,11.27723408,0.646058977,7,80.44042206,1.591236353,0.746856034,3,8.78203214608091
-1075285,1093795,183.2874298,1302.34082,2,0.379599988,266.8085938,15.8125,0.175910607,5,61.50400162,1.686732531,0.180782631,2,2.04589089137475
-815285,1763795,145.7229156,2266.469971,3,0.090808079,456.4674988,7.505858421,0.522884488,4,39.67373657,15.59271336,-1.380152225,4,6.29890097521609
-735285,2313795,174.2422791,1429.168701,2,0.254999995,326.1966858,7.392149925,0.311275393,6,44.52500153,4.078357697,-0.756345928,1,2.84039212145033
-855285,1713795,177.3159637,2340.164063,5,0.159292936,223.5583496,5.762171745,0.387418628,5,47.64242554,0.865909994,-1.426328182,2,3.57323036339354
-945285,1753795,180.5928345,2966.769531,3,0.116899997,401.3098145,3.143150091,0.620221734,4,50.61999893,9.679105759,-1.778463125,4,5.86245469165124
-755285,1163795,162.8208466,1115.036499,2,0.264499992,367.3317871,15.25065041,0.247366682,5,34.20500183,1.2967453,-0.092212059,2,0.908028667411257
-1095285,2223795,193.3532715,2095.622803,4,0.324301064,228.0990143,2.872526884,0.195037618,5,38.56774139,1.684175134,0.587531209,2,2.84006876694038
-945285,1473795,184.1234894,2694.782959,3,0.278888881,651.1665039,6.685353756,0.648124516,4,45.75959778,13.25835323,1.595724583,4,9.01758749828368
-765285,1183795,172.1408844,1131.17627,133,0.355306119,367.1030884,15.06214333,0.217321381,5,53.19591904,1.389588714,1.212330341,2,0.905405599734026
-1175285,1403795,167.8632965,1908.037842,3,0.312027037,322.4319763,10.37648678,0.20719178,6,63.1243248,2.017690182,-0.6990394,1,3.72344010193506
-865285,1403795,172.0963593,2143.774414,3,0.224444449,451.8234558,9.21696949,0.374148816,4,45.43434525,3.588398218,1.375377297,4,4.43434619544916
-665285,1073795,173.8839722,1069.943237,2,0.143571422,398.4064636,16.34260178,0.294217616,5,12.35408211,1.434339523,0.298921108,2,1.82637044389343
-945285,1903795,147.5883026,2470.599609,3,0.237755105,593.0064087,5.534795761,0.570381343,4,53.45714188,16.77762222,-10.8339262,4,8.57216315081597
-1105285,1513795,169.2792816,1795.831543,4,0.240799993,215.0726929,10.77400017,0.125893757,5,33.58000183,1.750183582,0.51824069,2,1.49446390580007
-875285,2343795,118.9809952,1738.640869,2,0.146129027,338.9155579,6.777688026,0.33801192,5,60.28709793,7.909953594,-2.735330343,2,4.13896418376311
-895285,1143795,156.4468384,2519.49292,1,0.250612259,696.0536499,7.878265381,0.653230488,4,62.11632538,12.6521492,3.949718952,4,9.07198540484729
-125285,1643795,141.2184601,417.5093384,2,0.270109892,816.9651489,13.57109928,0.611501813,7,46.83186722,0.770879805,0.023085589,3,5.23238106835155
-515285,1623795,141.1175995,1061.517456,2,0.298947364,432.9588928,12.49668407,0.370221794,7,70.17789459,0.918219626,0.367409885,3,4.20346337751349
-545285,1593795,132.3745117,1175.624634,2,0.221041664,434.1279602,12.35078144,0.33396408,7,44.65104294,0.992370903,0.121828482,3,4.06433902921719
-345285,1783795,159.3267059,763.9653931,2,0.319999993,567.1074219,11.58656216,0.437233776,7,81.27812195,1.276689053,0.31507346,3,5.04425405379946
-665285,1053795,197.1038361,1015.169861,2,0.125869572,369.7887878,16.83733749,0.270737797,5,11.42500019,1.467007995,-0.224988505,2,1.36678389913682
-615285,1953795,155.8106384,1292.778442,2,0.110537633,412.0433044,9.665053368,0.36237511,6,11.38602161,1.326760292,-0.033789851,1,1.72759657534252
-25285,1713795,155.9573364,360.9873962,2,0.402826101,918.3883057,12.65402126,0.690354109,7,80.92608643,1.408110738,0.190323278,3,9.90102519258226
-945285,2433795,164.941864,1290.234253,133,0.32100001,225.8533478,7.561950207,0.152230203,6,54.23799896,3.156825304,0.109431289,1,2.15681867884375
-665285,1673795,135.9869995,1348.529175,2,0.319999993,338.1264954,11.8824501,0.234960973,6,79.40000153,1.137989402,-0.267659873,1,5.14139623163862
-115285,1553795,132.1697845,349.504303,2,0.471538454,878.1269531,14.75484657,0.491098225,7,74.72307587,1.277590752,-0.579355061,3,6.65838769722676
-865285,1333795,137.1076965,1916.82251,2,0.370000005,402.350647,10.5520916,0.261804193,6,56.86428452,1.636021495,-0.46888715,1,4.6537894600997
-905285,2103795,132.9963531,2166.405762,4,0.28285715,297.1352234,5.328112125,0.281149685,5,42.43571472,2.785702705,-0.432528883,2,3.15780901851265
-715285,2163795,153.8621216,1389.7854,2,0.321785718,352.4948425,8.579999924,0.344224453,6,32.59999847,2.889302254,-0.480502635,1,5.69619381249308
-875285,1053795,148.4336853,1307.882935,2,0.305500001,280.4992065,15.63335037,0.16974391,5,77.66400146,1.564564347,-1.451011539,2,4.59079981528147
-715285,2423795,169.3253784,1329.773682,2,0.319999993,406.4570618,6.917704105,0.462748647,6,52.58673477,4.930106163,0.293942302,1,8.97680068003863
-705285,1823795,169.6696625,1909.595825,2,0.202812493,454.6656799,8.367135048,0.40374741,6,50.43125153,2.274754047,-0.103741415,1,2.48834635638178
-775285,1963795,141.2945862,1757.64563,3,0.18978022,442.9133911,8.785549164,0.468599677,4,43.67252731,10.34237289,5.887059212,4,5.533765046975
-655285,1943795,153.647644,1328.477051,2,0.236756757,347.8679199,9.776148796,0.617326438,7,51.48918915,1.493401289,-0.246124715,3,4.9998123807581
-885285,1063795,147.4488373,1365.05481,133,0.261500001,308.6300964,15.40439987,0.177270576,5,66.56999969,1.709677339,0.287658423,2,3.50658193286165
-785285,2223795,167.487915,1819.270508,2,0.293626368,387.6644897,6.64043951,0.426816136,5,44.72637177,5.560474873,-1.672679901,2,6.04388765484806
-735285,1033795,193.6585541,999.411438,2,0.156800002,331.3190918,17.28075027,0.252188683,5,23.43600082,1.44847393,0.372375995,2,1.36007431005412
-965285,1753795,176.9382172,2663.761963,1,0.195199996,318.8218079,3.901149988,0.405497372,4,54.40000153,12.22790813,-6.299434662,4,5.45592214967997
-1035285,1343795,176.758194,1934.373047,3,0.143199995,352.6247864,10.88265038,0.182552174,5,53.73199844,2.796272993,-4.121240616,2,2.99255484958143
-1095285,1933795,178.0276184,2067.381104,3,0.203600004,340.026886,7.89659977,0.35753116,4,52.59500122,11.85258293,1.15786016,4,3.57964020492436
-905285,1533795,153.6655884,2451.522217,3,0.232299998,447.2185059,7.152200222,0.567568541,4,51.86700058,9.288835526,-0.691860318,4,7.20467238344749
-1005285,1653795,186.9682007,2722.200928,3,0.22604166,809.2443237,4.895729065,0.716072261,4,36.80833435,14.10140133,8.169952393,4,12.7817443565376
-495285,1653795,151.2581787,1024.490356,2,0.361684203,438.7482605,12.29115772,0.317376256,7,79.97158051,0.95734477,0.459299117,3,4.00046363844566
-1055285,1083795,170.8752899,1324.9729,2,0.280210525,267.3422546,15.97089481,0.177798226,5,46.30947495,1.266349912,0.054305427,2,1.62378547199124
-915285,2173795,199.0752716,2102.738281,4,0.2148,297.9118958,5.61289978,0.229634523,5,32.3769989,3.956798553,5.382136822,2,2.02475401646522
-705285,1283795,166.6552429,1303.755249,2,0.207699999,410.2119141,14.2574501,0.286169887,6,22,1.607980609,-0.260768741,1,1.97797974192172
-925285,2293795,179.9891968,1796.484863,4,0.259387761,225.9272461,6.110153198,0.227036044,5,29.87959099,1.685929894,0.301024348,2,1.4468733779682
-1085285,1503795,172.3945923,1880.857178,4,0.370000005,224.1380768,10.28701973,0.140152901,6,42.70000076,1.874985814,-0.12323501,1,2.10727431642849
-815285,1873795,144.2268677,3192.052979,4,0.183300003,677.6793823,0.531099975,0.567646682,4,34.47100067,17.47524071,17.77398109,4,13.6175398558534
-825285,1933795,188.4633942,2913.405273,4,0.168247417,732.0869751,2.066237211,0.647495508,4,40.13195801,13.55850697,7.961550713,4,10.9195610239571
-805285,2133795,191.0713196,2115.835693,4,0.319999993,340.0352478,4.958686829,0.283301204,5,45.84646606,1.905439019,0.276066005,2,3.78938468676072
64715,1553795,175.3239594,277.7554016,2,0.406623363,1111.127686,14.06123352,0.695260763,7,80.13766479,0.976555347,0.311491728,3,10.2557008384932
-1065285,1713795,209.4150848,2991.918701,3,0.159690723,852.2783203,2.481546402,0.69696635,4,53.21855545,11.60001373,1.860043526,4,15.0697824559706
-595285,1863795,148.484024,1425.322754,2,0.346938789,438.1191101,9.662194252,0.36645484,7,71.80714417,1.26501286,0.27501446,3,6.18387354296243
-975285,1823795,175.8162384,2420.732178,3,0.149393946,509.9532471,6.780201912,0.754065335,4,58.02020264,22.49112701,-4.659248352,4,12.4018328963031
-1225285,2193795,197.7606049,2016.735229,4,0.326907218,291.0300293,4.087577343,0.359521151,5,59.49897003,5.310755253,1.388260603,2,4.85413924649428
-985285,2253795,161.066452,2047.170776,4,0.327499986,309.5248108,5.754449844,0.278331727,5,43.45600128,4.708840847,4.639798164,2,4.84347713184846
-845285,1303795,130.3749084,1817.0177,2,0.370000005,376.3783875,11.6715498,0.249898478,6,58.63000107,1.778273463,-0.527531266,1,3.76441341669725
-725285,1423795,156.0990295,1379.008545,2,0.297100008,392.3745117,13.45864964,0.258695275,6,43.81499863,3.528859138,-2.277601719,1,2.82230638230111
44715,1583795,185.04039,272.6796875,1,0.325529426,1099.34082,13.74811745,0.694314122,7,77.16470337,1.429967642,1.074458718,3,7.29882073080184
-805285,1313795,116.7611465,1584.862671,2,0.322299987,360.6131897,13.27005005,0.249794945,6,45.60900116,1.803026915,0.059573609,1,3.53634813256671
-915285,2203795,135.3707123,2046.360107,4,0.282061845,305.5143738,6.189536095,0.274229467,5,30.42886543,3.02423954,-2.484079361,2,2.82183552235562
-425285,1693795,153.6791077,884.4624634,2,0.318749994,500.0891113,12.0236454,0.463759005,7,78.50104523,0.963644207,0.055549365,3,5.53388493584561
-745285,2353795,162.6357117,1465.346802,2,0.310699999,327.4556885,7.037650108,0.379166871,6,49.01100159,1.949529409,0.289089829,1,4.93682099418439
-375285,1783795,166.7653961,816.0545654,2,0.319999993,558.6705933,11.46131325,0.468078196,7,81.42929077,1.517198205,0.057340462,3,5.17069031327022
-1045285,1333795,151.4663086,1938.049805,3,0.178000003,332.4888,10.76815033,0.173584029,5,47.35200119,5.771642685,3.680668116,2,2.75837857191089
-805285,2043795,223.1642456,2459.859131,3,0.200526312,410.9174194,4.162263393,0.378614843,4,34.20105362,4.477910042,-0.243134812,4,6.6938048235035
-385285,1843795,134.0518646,854.1349487,2,0.319999993,549.0178833,11.10329914,0.499729514,7,88.44329834,1.256423831,-0.00815633,3,6.21730381859743
114715,1793795,170.2548065,246.6725922,133,0.319999993,972.5587158,12.70142841,0.756240487,7,87.12857056,3.566689253,-8.377196312,3,11.0446483295272
-985285,1593795,203.8389435,2182.068359,3,0.350199997,423.4354858,7.038300037,0.434612036,4,57.29399872,7.298434258,-2.887975454,4,5.71885489503662
-925285,2483795,155.3996429,2665.667969,4,0.331212133,741.9978027,0.842373848,0.617304564,4,60.69393921,9.90631485,5.11075592,4,10.8754273853027
-1115285,1413795,191.4957275,2282.000488,3,0.232700005,403.6841125,8.416999817,0.327870876,5,42.0359993,4.111264229,-4.487213612,2,3.64834312853901
-825285,1443795,167.5847321,2071.5271,2,0.415824175,467.7410889,9.218132019,0.340809882,6,70.52417755,3.120415211,-1.20821476,1,6.09966655235973
-1115285,2223795,126.427803,2082.169434,4,0.325500011,220.3513947,2.756900072,0.169386089,5,41.26200104,1.235124946,-0.011357119,2,3.30986147608069
-945285,1823795,156.7403412,3191.657227,4,0.146739125,921.0177002,1.084565163,0.65023905,6,51.16304398,22.62930679,-11.14549732,1,13.6219489145634
-595285,1703795,170.4631042,1206.747925,2,0.326842099,362.0019531,11.63931561,0.384770602,6,77.26210785,1.498681068,-0.42270714,1,5.98210179349654
-1015285,1063795,161.7717285,1274.579956,5,0.238399997,238.8845062,16.58035088,0.180246919,5,34.36100006,1.024749994,0.255860269,2,1.36261627670927
-895285,2493795,147.2291565,1477.915771,1,0.357096761,477.7746887,6.235591412,0.621693015,5,69.40322876,7.342146873,-5.864701748,2,11.1929596641407
-1045285,2333795,179.7978668,1878.330688,4,0.319999993,276.9790039,5.952676773,0.193595216,5,49.50807953,3.39545536,-0.096392497,2,1.83062316970858
-765285,2453795,131.8670807,1254.105957,2,0.319999993,419.2792053,7.361299992,0.422815919,6,57.875,2.72070694,-0.325422734,1,8.42909826663276
-855285,1543795,233.2588959,2230.290283,4,0.255913973,329.5941467,7.981720448,0.330997497,5,53.89892578,5.090403557,-0.513545513,2,3.13168881419626
-925285,1113795,210.8431091,1281.553589,133,0.369500011,266.5313416,16.27555084,0.189028531,5,57.88299942,1.034018278,-1.447495699,2,0.797612089298964
-895285,2423795,218.6252289,2903.521729,4,0.178499997,754.390625,-0.842750013,0.53261745,4,47.07600021,12.91793728,2.260785103,4,11.9301300203604
-1015285,1993795,185.3706818,2102.004639,4,0.270399988,471.5040894,6.59224987,0.422574073,5,47.76800156,11.04123688,-0.274182945,2,4.80113124228556
-315285,1733795,156.8006287,685.5263062,2,0.319999993,581.5865479,12.30867004,0.439483553,7,80.35851288,1.256762385,-0.007413303,3,6.47411011884496
-1045285,2483795,143.3695526,1880.784546,3,0.276800007,413.7688904,6.1947999,0.503218234,5,56.45800018,14.63738918,-9.166255951,2,7.42824032682295
-925285,1963795,141.596756,2506.181152,3,0.215102047,524.5952148,3.843163252,0.683447838,4,55.45612335,9.936892509,-5.527888298,4,11.9417301353681
-555285,1843795,145.3148041,1277.841431,2,0.226701036,450.1335449,10.40144348,0.498598099,7,43.56700897,1.787986517,-0.656636477,3,4.43138635957878
-1125285,1503795,139.434433,1826.85022,4,0.186363637,215.6680298,10.97737408,0.143289819,6,33.48181915,2.030448675,-2.24156332,1,1.97849493895502
-85285,1783795,148.4571381,370.7314453,2,0.367159098,836.3617554,12.5363636,0.597555757,7,81.48863983,1.747249722,1.185697675,3,9.55384058181175
-615285,1653795,177.7660065,1332.198608,2,0.370000005,368.5429993,11.81204987,0.279546887,6,65.86599731,2.090353489,0.217329815,1,4.40213278514029
-895285,1263795,197.2191315,1907.110474,2,0.404799998,398.6427917,11.21205044,0.251702935,6,61.92399979,3.46745944,-1.288482189,1,4.17069550766118
-775285,1753795,197.9485626,1787.234741,2,0.233052626,396.0477295,10.37994766,0.319324285,6,59.66736984,5.989803791,2.297826767,1,3.95969728120335
-505285,1613795,123.2550659,1027.914429,2,0.319999993,433.1062622,12.61631298,0.347017139,7,75.5,0.833689392,0.055630825,3,4.25814001184356
-1065285,2083795,172.3252563,2250.244873,4,0.319999993,321.4544678,5.747989655,0.19463107,5,39.45154572,3.558232546,0.468795836,2,3.20629891586198
-405285,1863795,156.328537,875.9746704,2,0.319999993,541.3988037,10.78822613,0.477856398,6,86.0247345,2.453774691,-1.304229021,1,7.33607564312886
-1135285,2383795,180.2714386,2710.885986,5,0.370000005,885.2445068,-0.006956544,0.633238196,4,47.09999847,14.95335865,9.645650864,4,15.5261643267126
-835285,2163795,160.2852936,2101.02832,4,0.319999993,309.672699,5.020618439,0.261232197,5,50.10309219,3.586704493,-0.590099394,2,3.93062271779366
-325285,1893795,167.630188,728.1811523,2,0.319999993,593.4741211,10.86367321,0.521998703,7,88.73469543,2.145810127,0.124884285,3,7.01732771765739
-965285,1323795,179.828537,1577.629395,5,0.208979592,244.5333252,13.17938805,0.177856728,5,21.55306053,1.441471934,-0.503324449,2,1.54365859033266
54715,1683795,187.9733124,321.8746948,2,0.42072165,1017.303101,13.10546398,0.693475723,7,79.69381714,1.161640882,-0.233339906,3,10.4809548811187
-865285,1123795,157.2158203,1912.64563,3,0.241400003,462.6182861,11.57855034,0.33790037,5,62.05599976,7.703962803,0.671871364,2,5.59429174096069
-825285,1903795,167.6631622,3327.737549,4,0.072352938,756.6706543,0.162529454,0.557660639,4,36.18000031,24.99812698,-10.02367496,4,19.420988575408
-765285,1083795,182.0711517,989.4769897,2,0.227777779,333.1922302,16.71949577,0.226748377,5,41.58989716,1.278579354,0.33824867,2,1.56152629316075
-1135285,1553795,134.5158997,1803.572754,132,0.184848487,202.4796906,10.98984814,0.145788148,5,39.85151672,2.996969938,1.131026268,2,2.65808417153706
-845285,1113795,157.2147369,1601.406738,2,0.100000001,386.1322021,13.75965023,0.254229516,5,62.3730011,4.771717072,-1.367937803,2,4.57654659111797
-775285,2343795,157.5659332,1548.639282,2,0.319999993,338.0046692,6.831363678,0.345161408,6,57.02323151,1.873500466,-1.052290797,1,4.91986343519402
-225285,1593795,183.166687,515.380127,2,0.242234036,727.9942017,13.81324482,0.549963534,6,46.31489182,2.160994053,-0.036438692,1,3.71615462001859
-1215285,2113795,168.0182495,2276.524658,4,0.355326086,434.2711792,4.57489109,0.395416945,5,61.69565201,4.757180214,0.234074309,2,8.07880284056003
-1185285,2383795,150.6609192,2275.723145,4,0.151566267,903.5802002,2.121626616,0.598579943,5,43.1867485,13.29278278,-3.840197563,2,13.2214810525811
-95285,1853795,173.7518311,434.5010376,2,0.370000005,797.6342163,11.75047398,0.603881001,7,76.63157654,1.498777509,-0.23293896,3,8.05390329340608
-1035285,1503795,191.7020721,2023.255249,3,0.278400004,260.4140015,9.147749901,0.168243617,6,31.96800041,1.775595069,0.227317005,1,1.95300434258791
-865285,2063795,207.793808,2611.573486,3,0.185000002,594.8578491,2.634949923,0.608242154,4,42.54999924,13.6151228,-1.511424899,4,10.5584000802078
-1085285,2423795,194.5780334,2732.743896,4,0.058181819,738.8770752,1.032121181,0.3643457,4,46.05252457,29.7342205,-7.975735664,4,15.9179910285466
-55285,1653795,200.4899445,450.4665222,2,0.404255331,891.7977905,13.02760601,0.684081972,6,80.94893646,1.034314632,0.466513574,1,11.2797900867457
-1195285,2163795,176.7088776,2096.609131,4,0.311515152,252.6682434,4.617171764,0.207776234,5,56.36060715,4.472877502,-0.353044778,2,3.03419970923256
-945285,2453795,173.5301666,1278.798096,133,0.338461548,222.1259155,7.358077049,0.235836804,6,54.95494461,4.691277504,-2.816705227,1,2.46695339337992
-1065285,1643795,198.0867767,2256.812744,3,0.368299991,472.4208984,7.067949772,0.470981091,4,54.98699951,6.21116066,-2.601025343,4,6.08199609450626
-1055285,1963795,167.0037994,2139.094727,3,0.200000003,451.57901,6.980949879,0.440398723,4,52.18399811,11.98032093,14.27475548,4,5.32940703316214
-705285,1313795,162.8583069,1412.196167,2,0.279191911,433.3441467,13.60565662,0.314178407,6,53.79999924,1.164746046,-0.284137398,1,2.71251064118156
-1105285,1863795,192.5410004,1648.145752,4,0.200927839,291.5601196,11.01319599,0.22736223,5,30.85773277,13.01366997,-2.154221535,2,1.30477990705975
-1035285,2283795,131.7827606,1714.319458,4,0.319999993,312.1629028,6.36831522,0.449503183,5,52.50326157,3.63549614,-1.274471164,2,6.64690683031125
-1205285,1063795,125.945137,1387.526978,2,0.262346953,311.5235901,15.69224453,0.210412532,5,52.52346802,1.721304774,-2.081434488,2,1.93621030446004
-1205285,2303795,210.83078,2264.950195,4,0.151894733,731.4163208,3.385842085,0.692778528,4,64.89052582,17.19346428,-5.401805401,4,16.2586867160889
-965285,2253795,168.4800568,2055.614258,4,0.300510198,299.008606,5.761479378,0.291766047,5,44.15306091,4.170447826,4.05382967,2,3.6472169623622
-805285,1633795,190.3440552,3117.159668,3,0.231428578,620.7641602,3.119336605,0.654241621,4,36.7632637,18.05823135,6.252448082,4,12.7407769705619
-645285,1283795,139.9720459,1279.249023,2,0.308571428,458.9111938,13.93922043,0.412698716,7,57.89870071,0.892873645,-0.385784805,3,3.80788379045019
-865285,1263795,154.8905487,1875.766968,2,0.259299994,395.0718994,11.50924969,0.27567938,6,58.55699921,3.491078615,-1.288507223,1,3.13461125268702
14715,1593795,176.7216949,280.4032898,2,0.365500003,1043.124878,13.72560024,0.654284656,7,84.06999969,1.286587715,0.142901167,3,7.16062723601602
-675285,1063795,145.1408234,1063.992065,2,0.170000002,373.8581848,16.36930084,0.272005439,5,13.3409996,1.416921616,0.047978222,2,1.83559911890443
-755285,1153795,201.9801788,1094.230957,2,0.2588,364.2355957,15.40684986,0.260145098,5,32.95800018,1.323460937,-0.025496021,2,0.825094785429542
-375285,1823795,159.7561188,824.9530029,2,0.319999993,544.8798218,11.42712784,0.513538659,6,82.39361572,2.11732173,0.448631763,1,5.15217127789245
-1065285,2093795,163.1693115,2214.808105,4,0.319999993,291.7148132,5.718826294,0.197618157,5,38.21224594,4.519664764,-3.357131243,2,3.37529408165188
-1145285,2343795,162.1797028,2860.422363,5,0.179292932,715.892395,-0.084292918,0.39995575,6,45.31212234,14.67692757,10.62624836,1,10.5495025970752
-235285,1713795,141.9519653,562.5305176,2,0.378157884,675.4624023,13.18223667,0.521290541,7,80.63420868,1.166874051,-0.108379804,3,6.4823683717524
-375285,1693795,143.393692,799.4375,2,0.319999993,530.8222656,12.32347393,0.437354654,6,73,1.709207773,-0.510423124,1,5.27051035203389
-5285,1753795,155.3336639,397.9230347,2,0.376122445,914.5137939,12.25061226,0.724794984,6,83.00816345,1.614452481,-0.248583138,1,11.5762431799889
-625285,1853795,143.8383636,1571.584473,2,0.268865973,420.3775635,9.059278488,0.362345427,7,50.28659821,1.256515622,0.242533714,3,4.85736698554718
-805285,2403795,175.4992828,1259.771973,2,0.319999993,330.1778564,7.206804276,0.302388757,6,50.52886581,5.00569725,-0.308177799,1,5.17428441039926
-315285,1673795,171.0186768,707.1104126,2,0.319999993,593.4265137,12.7223196,0.440704882,6,80.35876465,1.381747961,0.635375261,1,7.34434209234388
-1125285,2283795,140.2176514,2230.188232,4,0.366739124,317.4537964,1.801413059,0.309377044,5,53.25543594,3.884625435,3.664799213,2,5.15863883191452
-1205285,1053795,130.0570526,1449.761841,2,0.265599996,341.2229919,15.26655006,0.199293941,5,54.95600128,3.017657042,-1.960936785,2,1.92079785232675
-1085285,1203795,156.5308533,2211.918945,1,0.113499999,442.9742126,10.83810043,0.418304652,4,35.72200012,18.21838188,9.63895607,4,5.85713079151979
-715285,1943795,174.9585571,1462.189453,2,0.102828279,357.1228333,9.551111221,0.374526441,6,9.743433952,1.194007039,0.410316885,1,3.15091363000082
-1155285,2413795,198.3858032,2285.508789,5,0.323448271,822.605957,2.235517263,0.712401628,4,44.78965378,9.68080616,-0.981151998,4,15.193384623513
-1175285,1023795,177.2317963,1369.129028,2,0.361515164,311.2138367,15.85085869,0.211363673,5,55.75353622,1.518233538,-4.777595997,2,1.60833938290203
-1105285,1243795,163.838974,2352.934814,1,0.152346939,436.4366455,8.877857208,0.267916739,6,46.20918274,5.06488657,-1.130389452,1,3.6127730856941
-1135285,1493795,135.4924011,1920.469604,3,0.195454553,240.5620728,10.63121223,0.163003877,6,31.62727356,1.966586947,-0.416218758,1,1.89261649489478
-1135285,2213795,182.354248,2112.963379,4,0.324999988,229.5590973,2.949450016,0.179136083,5,40.48600006,3.503096104,2.44276166,2,2.82112270079045
-715285,2463795,158.8841095,1213.967896,2,0.362424254,432.894043,6.976616383,0.423417062,5,69.42020416,2.216776133,-0.41074878,2,8.03222726433721
-1185285,2313795,203.9093628,2503.237549,4,0.121600002,776.5042725,2.158499956,0.603327155,5,48.23199844,16.31153297,2.400850296,2,13.9599350455048
-1095285,1793795,218.6915131,2133.799561,3,0.324040413,459.056366,8.596666336,0.436335117,4,50.88080978,12.09373283,-2.971278429,4,5.02223442712728
-515285,1803795,144.9758148,1203.242554,2,0.405306131,449.5916443,10.58841801,0.440101862,7,83.50408173,1.454506874,0.207847118,3,5.79466052755099
-285285,1633795,154.2683411,670.4685059,2,0.170000002,642.2957153,12.94099998,0.588733554,6,22.89263153,0.927305818,-0.367586434,1,5.37330876109628
-1095285,1683795,197.6269989,2232.646729,3,0.248249993,491.5651245,7.381000042,0.455960035,4,56.15499878,6.641448498,14.8040247,4,3.89575800758411
-785285,1553795,153.0939484,2214.149902,3,0.150000006,480.4624939,8.367400169,0.478234321,4,34.09999847,8.806587219,0.429591298,4,4.37201787683252
-835285,1843795,191.1485596,2901.0896,3,0.072916664,395.3605652,2.360312462,0.410815328,6,42.29583359,5.181002617,5.875485897,1,7.391969114413
-355285,1783795,159.3982697,782.8870239,2,0.319999993,570.2481689,11.52042103,0.458886147,7,82.05789185,1.182988644,0.053166378,3,5.35988341071063
-135285,1643795,145.3471222,428.5710449,2,0.333932579,813.9474487,13.55280876,0.599850297,7,58.01235962,0.791114211,0.091902651,3,6.52859851803924
-245285,1823795,151.6878357,533.2368774,2,0.319999993,657.9297485,11.79159832,0.499102712,7,80.91855621,2.078144312,1.653535604,3,7.22880411470781
-825285,1723795,120.2541885,2480.367188,3,0.135312498,354.6746216,6.062812328,0.474266917,6,41.93229294,2.91232729,-4.6997962,1,6.90156365335279
-895285,2073795,143.3280945,2334.02417,4,0.259325832,355.4590149,4.658426762,0.489613891,5,45.60674286,6.146241188,-1.456227064,2,6.53834133868242
-595285,1583795,160.9383545,1389.464355,2,0.156874999,432.1436768,11.92901039,0.341338307,6,31.67499924,1.257491231,0.575097322,1,2.36125687245403
-1015285,1643795,178.4846497,2272.661377,3,0.32157895,580.088562,6.745631695,0.583042741,4,50.3315773,7.77387476,1.044135332,4,9.22615001666261
-725285,1573795,169.7719269,2326.892334,4,0.343917519,571.6238403,6.897010326,0.564875662,6,71.88040924,5.895555496,9.923868179,1,12.4200275908708
4715,1663795,187.7443542,348.8323975,2,0.354536086,966.9136963,13.11690712,0.702266574,6,81.40927887,2.009678602,0.400442749,1,10.2942957153041
74715,1863795,195.0448761,322.2505188,2,0.286741585,948.5496826,11.77000046,0.789607644,7,90.46741486,3.238990307,0.115235731,3,6.3764320929335
-985285,1193795,181.910141,1815.337402,3,0.116800003,357.7148132,13.16434956,0.243321285,5,47.92499924,10.14457607,1.685340166,2,3.48174188056325
-655285,1903795,149.2366028,1430.693604,2,0.30916667,387.9520264,9.49067688,0.367276341,7,60.77396011,1.942453384,-0.43374908,3,4.56305955009305
-395285,1793795,150.6955414,875.1555786,2,0.319999993,535.9052124,11.29989815,0.470861793,7,86.46122742,1.011515617,0.514654517,3,6.29043829881456
-655285,1343795,166.0726776,1368.589722,2,0.273229152,473.3904724,13.33026028,0.341520578,6,54.56666565,2.884518147,2.743452787,1,4.17158103316667
44715,1753795,164.3014221,325.208252,5,0.366363645,959.4452515,12.53217125,0.719305992,7,82.10404205,2.182672262,0.059977919,3,11.3068982746237
-975285,1763795,145.5163574,2606.35376,3,0.253399998,350.0708923,4.808499813,0.452762097,5,55.5870018,7.120193005,-6.744915009,2,9.1045485646414
-225285,1743795,154.3635406,567.6446533,2,0.319999993,684.6566162,12.59059143,0.519705892,7,81.19139862,1.604359508,0.623343408,3,7.02981607480265
-795285,1083795,173.3149719,1147.612671,2,0.2755,365.0812073,15.95265007,0.221500039,5,63.47999954,3.203955412,3.803235292,2,2.97491668068578
-775285,1513795,126.6566391,1884.858887,2,0.414489806,440.8620605,10.01836777,0.354894459,6,72.47040558,2.404386997,-0.840651453,1,7.74623411590456
-705285,1253795,165.7407837,1329.149048,2,0.217244893,409.7406311,14.19005108,0.299732536,6,29.77040863,1.789625049,-0.111640118,1,2.08024157795788
-465285,1583795,155.9202881,944.4755249,2,0.218387097,469.0099792,12.98451614,0.429065019,7,38.72473145,0.905343771,-0.1432129,3,3.34318682490353
-1035285,1193795,127.361084,1390.438721,133,0.185384616,258.9467468,15.18046188,0.15899764,5,37.20000076,2.882767677,1.716593862,2,2.86403099685244
-1015285,1283795,91.51673126,1963.026489,3,0.116875,326.4358826,11.93317699,0.249202475,5,41.00937653,6.24232769,-3.312847614,2,3.62429279017204
-1075285,1723795,195.1806793,2516.699951,3,0.265252531,625.1439209,5.145555496,0.680567563,4,62.49090958,12.1849699,4.264274597,4,13.7382704271396
-615285,1533795,128.5448456,1462.481323,2,0.297142863,424.0390015,11.96000004,0.379360706,6,46.88571548,1.619181395,-5.659858227,1,4.64773406317255
-165285,1653795,156.1661835,465.8850098,2,0.318315804,783.7945557,13.40226269,0.529202521,7,58.22947311,1.003003716,0.405843705,3,5.73567721637531
-1055285,1543795,186.3147125,2045.136597,4,0.360399991,259.53479,9.511750221,0.185294211,5,42.90499878,1.995695829,0.542287886,2,1.79816770459546
-785285,1773795,194.3620758,2729.577637,3,0.058144331,501.9075623,3.82252574,0.580718458,4,35.79278183,15.29745388,22.42221451,4,13.9637642802081
-1025285,2313795,141.1096344,1666.540405,4,0.326172829,208.2616119,6.553209782,0.476435989,7,40.58641815,1.892246246,0.789380074,3,5.49374765884926
-665285,1973795,163.291748,1469.57605,2,0.196938783,371.4082947,9.017755508,0.361923873,7,44.15714264,2.054501295,0.277733207,3,3.32257951159814
-45285,1643795,167.412735,431.7263489,2,0.333020836,913.7340698,13.10317707,0.665160298,6,82.58020782,2.593496323,1.251439571,1,12.6879491010229
-715285,1813795,136.2810211,2016.675537,2,0.169247314,474.3293152,8.005644798,0.412116915,6,39.67741776,2.308069229,-2.723204613,1,5.62573014455108
-1225285,2093795,217.4097748,2541.687256,3,0.324222237,660.630249,2.460888863,0.716887832,4,53.99777603,7.485096931,10.64959812,4,14.2944683646005
-765285,1423795,153.5578461,1649.358032,3,0.100599997,434.6720886,11.81505013,0.380206257,4,37.39199829,11.33130455,-0.131332859,4,4.57603993992872
-55285,1793795,164.0829773,352.5501099,2,0.337361097,864.0266113,12.53486156,0.704113126,6,77.65416718,2.846107006,-0.522283792,1,12.4682812693379
114715,1743795,171.1626282,323.5083923,5,0.367340416,1028.967896,12.51845741,0.709951937,7,80.10212708,1.701307297,-0.263737202,3,11.2650730581788
-395285,1583795,124.0608368,816.9295654,2,0.346632659,540.3158569,13.13316345,0.475052863,6,72.29693604,1.382825375,0.886712849,1,6.038079565381
-125285,1883795,156.5067139,477.2197266,2,0.363750011,752.1546631,11.20227242,0.616807878,7,80.29886627,1.354699135,0.372081727,3,7.71502916784849
-785285,2073795,233.0184174,2460.86377,4,0.24824743,428.5974426,4.133144379,0.393359512,5,36.47938156,5.911174774,1.123862386,2,6.51615987526627
-415285,1703795,155.5645905,895.6359863,2,0.309199989,499.6942139,11.94540024,0.419224977,7,74.47599792,1.030024171,-0.301478267,3,5.59147194348358
-1075285,2403795,179.2239075,3198.133301,5,0.093030304,855.7962646,-2.520858526,0.278625548,4,35.74949646,27.14449692,-0.339735001,4,12.3858911607244
-685285,1543795,120.5193405,1933.856201,2,0.379700005,445.0971985,9.956199646,0.358726948,6,65.55200195,2.304430246,-1.924276948,1,7.11505365177812
-665285,1983795,123.2644196,1477.88916,2,0.23949495,371.9529419,8.98171711,0.378477067,6,48.01919174,1.594454408,0.287002146,1,4.29631193453592
-695285,1223795,155.4631805,1356.556274,2,0.229699999,408.6695862,14.25055027,0.290999532,6,37.72499847,0.999979615,-0.494070143,1,1.89033293433587
-1145285,1113795,141.6193848,1618.026245,2,0.205899999,363.667511,13.88580036,0.197254449,5,50.89699936,2.691624165,-0.019681662,2,1.87464402398721
-1085285,1473795,161.2069855,2102.998779,3,0.170103088,275.0563049,9.944227219,0.173380286,5,40.90618515,3.507291794,1.915999174,2,1.72338990473377
-455285,1763795,166.7328949,985.7272949,2,0.319999993,486.0926819,11.45535755,0.400688499,7,85.25203705,1.825819135,0.042921025,3,4.70633198516054
-1085285,1233795,180.9362183,2349.632813,1,0.169599995,452.9565125,9.512350082,0.412617683,4,40.11600113,9.101507187,1.611107111,4,4.24947374578645
-855285,2073795,179.3538513,2999.175293,4,0.14642857,922.2294922,-0.058214273,0.63146174,4,40.58673477,8.603341103,-2.572021723,4,11.8367814679238
-915285,1893795,185.3062134,2465.798584,3,0.208865985,378.4468384,5.080360889,0.571406066,5,43.40206146,12.87123871,-6.924552917,2,5.55113391333123
-675285,1823795,159.1603241,1784.179321,2,0.261063844,412.1253967,8.64904213,0.401149154,6,50.01276779,1.972680807,0.173049197,1,3.43010277820061
-805285,1473795,190.1494293,2163.83252,2,0.389400005,492.0465088,8.233300209,0.342479885,6,59.09999847,2.921898127,-4.385424614,1,3.82033580111419
-195285,1633795,169.0717468,507.7376099,2,0.197835058,764.3381348,13.6672678,0.482308656,7,38.65360641,1.355690241,0.387334704,3,4.06407905859345
-595285,1733795,149.1442108,1296.59021,2,0.348749995,385.1777649,11.03708363,0.309364319,6,77.49375153,0.94077754,0.327691406,1,4.56866205847437
-905285,2123795,131.9498444,2072.782715,4,0.273131311,264.0716248,5.620858669,0.200564027,5,38.89696884,3.33597517,1.983825445,2,2.49522707428407
-675285,1143795,150.5629425,1200.993652,2,0.279292941,421.4809265,14.78050518,0.335575759,6,52.49292755,1.108936667,-0.004854649,1,3.38397604112934
-885285,1683795,122.1891251,2343.462402,5,0.146153852,192.2881317,5.190274715,0.695346773,7,40.46154022,0.62303108,-0.123999313,3,8.29046639979491
-405285,1813795,145.3309784,908.9117432,2,0.319999993,518.5078735,11.14535713,0.50111264,7,88.30101776,1.274087548,0.190491393,3,6.11151501001714
-945285,1513795,151.824295,2307.315186,3,0.289578944,428.4644775,8.427737236,0.317858368,4,47.79684067,9.164317131,-5.452684402,4,5.05799965802408
-1095285,1543795,194.469162,1774.695313,3,0.36680001,225.8977966,10.83034992,0.134906203,5,35.8219986,1.622711062,1.190597773,2,1.64504645951131
-1095285,2243795,170.8264771,2168.481445,4,0.282400012,262.6994324,2.249449968,0.219795018,5,33.91600037,1.992278695,-0.42891416,2,2.54388619758073
-1095285,1493795,158.1577606,1922.383301,5,0.308800012,235.2192383,10.14960003,0.146042153,5,35.90000153,1.846003652,-0.208835348,2,1.5426851315038
-665285,2453795,168.7766266,1195.595581,2,0.293469399,457.7623596,6.91882658,0.604944408,5,49.46326447,7.489605427,0.938017368,2,9.15656965390848
-515285,1963795,138.9216919,1109.889771,2,0.254361689,457.0361328,10.04749966,0.598237336,7,41.74148941,1.278439403,0.0859579,3,6.33731625237596
-755285,2433795,176.5886841,1259.350342,2,0.319999993,386.1607056,7.316050053,0.373584539,6,39.89400101,4.435499191,0.280215949,1,7.55945882030689
-745285,2433795,153.7432098,1249.041138,2,0.340499997,379.8323975,7.343550205,0.382855713,6,46.91400146,5.62141037,0.284515351,1,7.11416564772168
-855285,1963795,187.4478149,2935.375,4,0.159175262,621.6150513,1.370618582,0.650072813,4,39.80515289,14.14841938,-7.849486828,4,9.65011265543634
-575285,1703795,157.769455,1154.960938,2,0.331979156,387.1766052,11.64276028,0.59009254,7,73.5552063,1.196363688,0.536803424,3,6.17574361165983
-945285,1763795,163.7947998,2662.270508,3,0.205799997,327.7706909,3.511450052,0.344340235,5,51.16400146,10.77895355,-2.900254965,2,3.94374892802258
-985285,1333795,189.048645,1520.935303,5,0.274040401,230.5480652,13.47323227,0.171948791,5,42.81010056,2.698684931,-1.528834581,2,1.72350764105897
-1125285,1543795,148.1755829,1716.139404,4,0.200000003,175.621933,11.39331627,0.134222999,5,30.70000076,1.865720987,0.106668644,2,1.68527273803873
-125285,1713795,158.7111664,460.994751,2,0.312553197,825.0485229,13.03526592,0.613221228,6,71.53191376,1.804396033,0.642282903,1,8.52247044494264
-595285,1573795,173.3377686,1351.297119,2,0.150000006,428.5406799,12.16739464,0.327951431,6,41.12535095,2.404038429,0.906161606,1,2.85597992434345
-1055285,2493795,175.5133362,2238.165527,3,0.192424238,530.6699219,4.846060753,0.517278969,4,56.75454712,17.88080788,-9.57834816,4,8.10062272289677
-1145285,1213795,152.2887115,2277.572266,1,0.151099995,471.3237915,10.19970036,0.50029093,4,47.75899887,13.72877598,0.804864526,4,4.76964972069684
-1075285,1633795,150.518631,2067.344238,4,0.364795923,380.5690002,8.455357552,0.310729355,5,55.87244797,3.309051752,-2.984498978,2,4.63752083749873
-1135285,1053795,169.915863,1491.463257,133,0.116099998,329.8135071,14.60995007,0.176953927,5,50.31499863,4.988040447,1.936631203,2,2.90773841018274
-1095285,2443795,173.2714233,2964.605469,5,0.052061856,962.0412598,-0.652525783,0.367399275,4,39.08247375,25.34259033,-13.19023418,4,14.5475472265484
-785285,1193795,151.7596741,1109.187012,2,0.415494502,346.3588867,15.09296703,0.237851173,5,63.36153793,0.971693277,-0.203154236,2,2.34390287300991
-1065285,1983795,201.3487091,1792.232666,4,0.376262635,296.8998108,7.797727108,0.232122973,5,61.14545441,4.50931406,0.586000621,2,2.95168311255699
-525285,1603795,136.999054,1099.594604,2,0.319999993,434.7487793,12.47755432,0.344877332,7,75.5,0.984768093,-0.333745152,3,4.65794808433966
-305285,1833795,152.6096954,652.6915283,2,0.319999993,590.331665,11.43117332,0.507089376,6,78.99796295,1.761110783,0.501672208,1,7.39149303989417
-565285,1973795,143.156601,1266.792847,2,0.239999995,438.7487793,9.557886124,0.414028913,7,59.29999924,1.139596105,0.063460052,3,4.65836352631131
-575285,1733795,134.3124542,1244.610352,2,0.21479167,383.9300537,11.1760416,0.368902564,5,47.14270782,0.89741993,1.130687237,2,4.1232848083794
-745285,1783795,184.2220154,1817.549683,2,0.273012042,403.5753784,9.502349854,0.356991529,6,58.75180817,2.06784749,-0.836637616,1,4.60158021351697
-935285,1463795,163.6826019,2414.147705,3,0.101899996,566.0645752,8.373049736,0.625589132,4,60.22499847,17.995327,-1.701341391,4,8.67192328073987
-1075285,1843795,143.3298645,1740.949097,3,0.267171711,270.6233215,10.6086359,0.236910298,5,34.68383789,10.08551788,-1.249159932,2,1.50441671132957
-1145285,2443795,198.1966095,2551.667969,5,0.333711326,1086.070557,0.8825773,0.589426875,5,44.84329987,14.18941689,8.901797295,2,9.7227992129524
-895285,1513795,165.8111267,1956.328125,3,0.238800004,297.059906,9.899700165,0.200646698,5,29.83399963,4.479086876,-2.764033556,2,2.70140298783871
-945285,1743795,197.0503998,3088.054443,3,0.077263162,467.6076355,2.294315815,0.640632391,4,50.60210419,9.174056053,3.863800287,4,7.78439463380291
-845285,1713795,226.2400208,2812.984863,3,0.164591834,528.6499634,3.115765333,0.443424106,4,36.83061218,17.14027214,-6.356953144,4,6.44856255274685
-185285,1593795,182.1896667,472.9762268,2,0.200000003,780.5839844,13.91076565,0.461937368,7,39.76020432,1.370800495,1.273215413,3,3.55597260355782
-965285,2453795,116.4292221,1255.776611,133,0.355204076,194.2905121,7.40596962,0.172358885,6,53.52653122,2.33155179,-1.828891516,1,2.73064276022186
-715285,1173795,137.5597382,1335.066772,2,0.200000003,405.7789917,14.31843472,0.273025244,6,56.21818161,1.083153129,0.610957801,1,2.47790268980762
44715,1723795,171.2378082,318.2788086,2,0.340309292,966.9195557,12.66510296,0.740954995,6,80.32267761,2.476875305,-0.335977942,1,10.6658230775584
-655285,1913795,130.8913116,1401.435791,2,0.297916681,382.9607849,9.565416336,0.378366947,7,57.58646011,1.417156816,-0.491667777,3,4.46539779670395
-645285,1413795,162.1451263,1267.289307,2,0.150000006,428.0581055,13.43111134,0.314641178,5,25.29999924,1.505410433,0.863709807,2,1.44599536734885
-735285,2133795,140.0510254,1591.800781,2,0.320531905,390.930603,8.160212517,0.374000967,6,32.38936234,3.330019236,1.479860544,1,8.86702189751061
-1015285,2423795,141.9191284,1760.638062,4,0.319999993,308.0791016,6.591060638,0.29289785,5,49.90100861,6.187078953,6.4399786,2,5.11792000149861
-835285,2063795,171.9350891,2543.898193,3,0.167216495,406.9913635,2.849123716,0.499969453,5,37.2536087,9.109367371,9.598276138,2,8.35295032429911
-725285,1413795,156.992157,1325.284424,2,0.32949999,386.6108093,13.9623003,0.25453186,6,43.27500153,2.897548914,-0.122672923,1,2.50932840686274
-665285,1823795,115.9031677,1728.077271,2,0.210520834,396.6525269,8.675000191,0.383883357,6,38.83333206,1.502910852,0.707592309,1,4.60422352759024
-655285,1733795,162.6569366,1404.961182,2,0.340408176,322.5392151,10.96520424,0.244817272,6,69.97755432,1.054368258,0.893518448,1,6.20178219719774
-755285,1573795,164.2336731,2260.411133,3,0.158571422,504.7556458,8.207857132,0.609778345,4,35.30306244,13.16609478,1.673113227,4,6.54769618310957
-1085285,2513795,138.987854,2587.996094,3,0.100510202,828.4373169,0.618571401,0.490897655,5,55.68367386,21.70151329,7.74294138,2,10.5512321368351
-875285,1273795,147.140976,2007.321899,1,0.100000001,413.7960815,10.35015106,0.30580613,5,57.20000076,4.071855068,1.289976239,2,3.73278720704879
-765285,1463795,148.5299683,1832.090942,2,0.422800004,444.1012878,10.52705002,0.299162984,6,70.13600159,3.312988997,-4.335068703,1,5.78317059074134
-1065285,1233795,197.2529602,2049.897461,3,0.111717172,357.7231445,11.05328274,0.254638851,5,44.09090805,7.008685589,-6.135128975,2,2.67861745759697
-1175285,2273795,145.440094,2636.172119,4,0.144536078,771.1407471,1.311701059,0.62072593,5,47.82164764,11.57751751,1.080793023,2,10.7280096898916
-935285,2083795,171.7677155,2369.083984,4,0.261595756,632.4176025,4.598510742,0.513236761,5,45.01808548,4.693891048,-4.233530045,2,6.821226993773
-965285,1103795,177.1018524,1228.534912,2,0.378775507,253.7037964,16.79112244,0.167815953,5,55.51122284,0.840408862,-0.1567543,2,0.725381747084926
-1025285,1353795,209.1345367,2017.546387,131,0.184599996,342.3179016,10.91940022,0.205824435,5,51.68999863,4.818496704,-1.189485788,2,2.48072865782976
-875285,1923795,138.4364777,2602.433594,3,0.180638298,394.6705017,3.166808605,0.558181643,4,53.31702042,11.38863754,-11.65337181,4,14.0624222484728
-985285,2303795,172.4979706,1500.68396,4,0.345657885,180.3256531,6.992565632,0.348360509,5,42.91315842,2.985173702,0.658349454,2,3.29983445660595
94715,1773795,170.5033112,283.6554871,2,0.293287665,991.1446533,12.73698616,0.733040392,7,76.59863281,2.847285032,0.059107862,3,10.16250943116
-1025285,1083795,167.8222198,1351.189575,2,0.244845361,269.0303345,16.22979355,0.191444427,5,35.04742432,1.115284562,0.044083871,2,1.43492798707187
-15285,1563795,182.4447479,285.2525635,1,0.346966296,1025.472046,14.1466856,0.721031249,6,63.61685562,3.227627754,0.232641026,1,9.55340874814374
-165285,1573795,156.166626,401.4436951,2,0.441515148,799.3352661,14.55606079,0.396749288,7,77.24949646,0.993607581,0.003297308,3,4.94851666457384
-785285,2133795,179.1213837,2158.435547,4,0.289333344,378.3523254,5.150555611,0.335310251,5,36.03222275,2.361348867,1.74753201,2,3.71584824095647
-335285,1623795,169.7250366,766.223938,2,0.313061237,598.6568604,12.79413223,0.48179853,7,71.60510254,1.543144703,-0.113788508,3,5.81493421453389
-15285,1823795,165.2397308,362.7344055,2,0.332886606,894.5066528,12.10010338,0.702528059,6,82.48350525,3.147557497,-0.948894918,1,12.0134016054872
14715,1763795,162.6531525,344.7931519,2,0.360543489,925.3648682,12.48646736,0.730465531,6,84.19565582,2.266876221,-0.045436468,1,11.7388866136419
-995285,1553795,168.954895,2140.467041,3,0.29704082,354.888092,7.853010178,0.323048323,5,65.80918121,8.021858215,-0.674719393,2,5.26061998019395
-265285,1733795,159.5594788,613.0471191,2,0.319999993,627.4274292,12.55095768,0.451636404,7,81.16382599,1.07139802,0.093177155,3,6.11714754429264
-675285,1363795,167.5598907,1232.049194,2,0.307900012,436.0357971,14.4406004,0.223153487,5,44.34899902,1.834290147,-1.169955969,2,1.65180369556068
-1055285,1503795,154.7727509,1965.687622,4,0.207499996,245.2081757,9.716650009,0.158485994,5,50.42300034,5.58722496,2.747354269,2,2.19012024522753
-715285,2443795,187.8797455,1265.068604,2,0.318367332,418.1782837,7.005408287,0.464685708,6,48.50408173,3.772574663,-2.145663261,1,8.62546068550823
-705285,2043795,124.4029694,1721.932739,2,0.176631585,382.9986877,8.021473885,0.40458551,6,44.34000015,1.40678966,-0.187695175,1,4.27630371402595
-685285,1533795,144.8491516,1912.314209,2,0.430000007,434.5329895,9.918950081,0.360085756,6,69.30000305,1.671679258,0.147813067,1,7.43918551935139
-865285,1073795,153.6769409,1401.266113,2,0.160999998,325.4006042,15.12994957,0.190233767,5,71.02899933,6.567654133,0.284417689,2,5.96863167378517
24715,1823795,154.1556549,338.063324,2,0.358510643,942.8395996,12.2553196,0.728392005,7,76.64361572,2.036650419,-0.995212257,3,11.1025714796508
44715,1653795,145.9304504,301.7580261,2,0.375862062,1062.867676,13.51620674,0.676910818,7,82.2494278,1.074967504,-0.066866755,3,11.5143010584591
-165285,1773795,147.5127716,419.8490906,2,0.328333348,784.7468262,12.77338886,0.564382732,6,76.64555359,1.478922725,-0.401530564,1,9.03955558102203
-1055285,1523795,202.8996277,1970.157715,4,0.340909094,247.37323,9.662676811,0.153097853,5,43.82020187,2.354853392,-0.108235329,2,1.31320942791297
-145285,1663795,163.02948,445.2359924,2,0.255393267,804.6795654,13.36870766,0.548899353,7,50.84831619,0.811828852,-0.135348558,3,4.74112459413713
-1045285,2473795,121.0769043,2073.660645,4,0.25232324,426.6296997,5.26828289,0.514663994,5,57.15555573,14.22020531,9.480453491,2,8.30717076281638
-1055285,2353795,146.9088593,2297.131592,4,0.344285727,364.8800354,4.09250021,0.24751997,5,59.58367157,8.854183197,-0.338298351,2,5.20381510258401
-1045285,2163795,132.5028992,2115.388672,4,0.319999993,228.5043945,4.752850056,0.193462476,5,34.67200089,2.150320053,1.466058254,2,3.69657366745695
-705285,2163795,150.5120087,1362.346924,2,0.330309272,353.0946655,8.590154648,0.38366437,6,34.39690781,2.988378763,1.613792896,1,6.76855777808025
-1015285,1753795,156.2979279,2244.625732,3,0.318541676,407.6315002,6.770364761,0.485659897,4,54.3125,10.93822765,-7.719318867,4,7.81398708436104
-1145285,1543795,98.39193726,2223.566895,1,0.130400002,361.6795959,8.852749825,0.389054924,4,41.54800034,8.205795288,1.42737031,4,5.82440183126922
-835285,1963795,154.7839508,3021.846436,4,0.128645837,764.3773804,0.693749964,0.658494949,4,39.85833359,13.28275108,-1.313841462,4,9.402026727769
-1035285,1373795,139.3285675,1815.318115,5,0.345454544,283.3329468,11.63116169,0.177947089,5,58.65454483,2.24707818,-0.622049689,2,2.62633225392133
-515285,1893795,167.510376,1097.590942,2,0.354795933,470.0505371,10.5707655,0.415333956,6,68.40203857,3.075220823,-1.36673665,1,6.99582150457851
-455285,1623795,156.2531738,925.0628662,2,0.290322572,457.134491,12.60860252,0.38364315,7,66.45269012,1.235172153,0.33514905,3,4.38264398770763
-735285,1163795,197.2822418,1187.093994,2,0.200000003,382.3016052,15.03645039,0.285485506,5,18.29999924,0.940052032,0.088153958,2,1.09935071830059
-655285,1273795,162.6478882,1261.498779,2,0.172244892,452.6441956,13.99341869,0.452881664,7,20.45102119,0.981586695,0.214424163,3,3.34324133634719
-1115285,1333795,185.2443542,2269.877686,3,0.259499997,355.0859985,8.368800163,0.268582582,5,39.24499893,3.546582937,0.554268897,2,3.24255297113348
-975285,1573795,193.3504791,2252.873779,3,0.430000007,413.0541077,6.738571644,0.404922098,5,73.01734924,4.558063507,-1.279446721,2,7.01576089307745
-1045285,1383795,179.0244751,1944.256348,3,0.280000001,301.5007019,10.5614996,0.188252106,5,40.4679985,3.906856298,-1.412461638,2,2.39798591173411
104715,1723795,177.4650269,294.7846069,2,0.363368422,1027.637939,12.81973648,0.734321058,7,83.56105042,2.461198092,-0.7490623,3,10.8775583690179
64715,1633795,163.4320831,307.1594849,2,0.360412359,1090.719727,13.59242249,0.719529808,7,77.29793549,1.313048482,-0.578461289,3,11.5283331523082
-405285,1683795,168.0232544,876.3660278,2,0.319999993,507.9638367,12.07073689,0.43278873,7,75.6252594,1.691929817,0.487987518,3,4.90441733427887
-725285,2453795,200.6366119,1212.851563,2,0.319999993,418.4132996,7.145100117,0.46685949,5,56.0929985,5.296097755,-1.760797024,2,8.42591445720468
-935285,1383795,201.5856934,2170.996338,1,0.156774193,520.9160767,9.798817635,0.451491356,4,49.43548203,9.960981369,-1.671729803,4,4.67275490498876
-805285,1933795,141.0623627,2936.193848,3,0.057303369,748.7092285,2.271685362,0.653906882,4,38.69326019,11.4745636,-3.751810074,4,14.0927752685367
-875285,1833795,216.0823364,3315.557129,3,0.173854172,569.8345337,0.00953126,0.46163407,6,36.74479294,14.13585472,6.396626472,1,7.69478939575905
-1115285,2333795,171.2371521,2953.077393,5,0.07272727,700.1627197,-0.222626179,0.441031814,6,45.54444504,24.18862534,0.220934585,1,14.3163107360943
-605285,1693795,165.7904663,1192.674316,2,0.248732388,346.87323,11.93500042,0.349139392,6,52.05492783,1.312138438,-0.117070228,1,2.35380805517874
-1075285,1433795,184.98703,2121.274414,3,0.212121218,285.0478821,9.238131523,0.204173908,5,42.53737259,3.760452986,-1.304996371,2,2.6568093080788
-1015285,2213795,160.2838135,2203.771973,4,0.271224499,324.4440002,3.629898071,0.221383244,5,47.98979568,2.864988804,1.167173743,2,3.81996912943849
-655285,1503795,133.1417389,1588.082397,2,0.265454531,417.1788025,11.34888935,0.32687366,6,39.96767807,2.153761864,-0.470142514,1,3.82279591470956
-275285,1863795,155.4252014,573.2306519,2,0.319999993,608.62677,11.29698944,0.50422132,7,82.67742157,1.377903938,-0.652455151,3,7.22457958434425
54715,1673795,171.8940277,326.5367737,2,0.427446812,1033.859741,13.10345745,0.693831742,7,79.25957489,1.286233187,0.347859025,3,11.5239233811527
-525285,1713795,163.6005402,1169.94104,2,0.356666654,424.7711182,11.17505074,0.328620255,7,83.16666412,0.894785702,-0.050121475,3,4.65435788483321
-655285,2313795,144.9751282,1161.02356,2,0.319999993,384.3324585,8.259222031,0.308871984,6,71.30000305,1.817604065,0.532807469,1,7.22499049412708
-895285,2093795,170.745697,2153.378174,4,0.282526314,256.1741333,5.460894585,0.332543671,5,42.36210632,2.847347498,1.534878373,2,2.44016085029243
-1055285,2183795,157.9559784,2215.59082,4,0.302300006,321.9953003,3.693449974,0.195199192,5,49.07500076,4.766355991,0.682386696,2,4.52666508685062
-555285,1993795,134.5137024,1218.536621,2,0.168041244,449.3222961,9.684793472,0.460596561,7,16.7608242,1.133794546,0.692772031,3,4.74961325103626
-785285,2373795,175.973053,1471.457886,2,0.319999993,377.0144958,7.02244997,0.359908074,6,56.28499985,2.860530615,0.040703099,1,6.37632892458061
-5285,1663795,191.9275055,329.815094,2,0.34443298,953.8928223,13.23365974,0.702453315,6,82.73402405,2.111518145,0.674425185,1,9.82168363705689
-1125285,2503795,187.0883179,2554.695068,5,0.194897965,759.4696655,0.776275456,0.594813168,4,55.11428452,11.08794022,-3.210751295,4,10.3579754065463
-685285,1223795,161.0164948,1337.480103,2,0.267800003,418.7720947,14.24530029,0.319876313,6,46.86299896,0.962208211,0.012289297,1,1.65830117189982
-465285,1793795,150.3614349,999.8225098,2,0.415408164,491.0004272,11.20545959,0.39581278,6,78.87653351,2.072668314,-0.549439549,1,5.67288243815076
-1005285,2163795,158.9735413,2027.064697,133,0.272500008,194.2971039,5.320549965,0.163233534,5,39.18999863,1.397518992,-0.298400432,2,2.09454958057882
-375285,1813795,148.9349823,826.8065186,2,0.319999993,549.0643311,11.41934299,0.481884569,6,84.60707092,1.699107766,0.426503181,1,5.40640175269724
-855285,1733795,207.3394012,2620.716064,3,0.141428575,329.9515076,4.919489861,0.386822402,6,53.7857132,5.428175449,-10.73035431,1,5.07989163898403
114715,1623795,150.3701935,276.6815796,2,0.188823536,1133.491699,13.64588261,0.74633646,7,80.75411987,1.640776515,0.363405854,3,8.5621017289487
-455285,1653795,148.9089355,928.4959106,2,0.100000001,469.6791992,12.27025223,0.591327608,7,9.600000381,1.043827176,-0.47645241,3,4.52384065828236
-1195285,1073795,186.9090271,1401.74292,133,0.193800002,311.2467041,15.47719955,0.167181194,5,45.72999954,1.709104419,-1.300698876,2,1.41555289808232
-815285,1593795,185.0623932,3255.870361,3,0.176363632,691.0807495,1.703333259,0.608353913,4,40.37272644,17.13290787,5.959031582,4,15.2653373621257
-345285,1893795,147.9524078,736.2398071,2,0.319999993,579.4561157,10.78999996,0.540946186,7,83.93214417,2.135520935,-0.130885497,3,7.82860205302794
-715285,2063795,134.9694061,1793.588013,2,0.181313127,409.0930481,7.721464634,0.395494908,6,44.72121048,1.516138792,0.060860828,1,4.65971228220745
-355285,1753795,174.4048309,747.8056641,2,0.305684209,558.9367676,11.97389507,0.45411098,6,78.45368195,2.087206841,-0.39818877,1,5.52498635232492
-85285,1843795,164.3968201,423.2229919,2,0.370000005,797.2719116,11.89585018,0.62731725,6,75.28399658,1.652055025,0.427825183,1,7.88437436107359
-985285,1373795,196.7681885,1664.297607,2,0.231099993,261.9107971,12.59195042,0.171480224,6,40.34500122,1.980639219,1.455126762,1,2.07993271938856
-725285,1273795,165.004715,1345.932007,2,0.183400005,397.1109924,14.14455032,0.285746694,6,20.45000076,1.945480824,0.567762613,1,2.23878379062329
-75285,1733795,162.1755219,443.719696,2,0.322551012,871.2114868,12.58418369,0.627029955,6,83.49694061,1.22118783,0.438228637,1,10.6204120017498
-195285,1713795,167.8805084,530.8156128,2,0.320520848,720.1183472,13.02901077,0.471866518,7,80.83125305,0.762996495,0.167598531,3,6.21916720016863
-735285,2383795,168.1975861,1380.966431,2,0.360909104,378.7524414,7.028131485,0.365644127,6,52.68787766,3.695291758,0.030124897,1,6.58487476817685
-695285,1113795,153.3689575,1217.554077,2,0.201717168,398.3043518,15.25318146,0.258519828,6,57.00807953,1.231712461,-0.181112722,1,3.39511188011743
-1035285,2213795,153.6688538,2252.05957,4,0.334646463,389.8468933,3.099090815,0.202946991,5,45.81212234,4.178389549,4.857278347,2,5.03775117540452
-65285,1733795,194.6515045,447.3588257,2,0.340329677,868.9846802,12.36670303,0.672893941,6,83.48131561,1.507605314,0.703253686,1,11.7183852750961
-515285,1753795,126.0655975,1179.055908,2,0.369896919,443.8970337,11.02010345,0.364343107,7,83.46495056,0.86778599,-0.051144794,3,5.95794952232328
-1125285,2193795,188.6330719,1987.42395,4,0.327499986,202.8652039,3.998250008,0.156718045,5,40.02000046,1.563198566,-0.484542608,2,2.07496845023093
-635285,1573795,157.9501648,1500.694702,2,0.278333336,406.6260681,11.51260376,0.347805291,6,51.22083282,8.343076706,2.952353954,1,4.8621516695609
-985285,1413795,199.4183197,1739.094604,3,0.205670103,259.1542053,12.11845398,0.170435816,5,38.32061768,2.897314787,-2.280329227,2,1.73980196966925
-385285,1603795,144.4161987,817.7904053,2,0.360624999,543.7457886,12.90135384,0.61121732,7,79.33750153,1.012748599,0.35142073,3,5.57032981436439
-1105285,1093795,157.4897156,1353.856812,2,0.362291664,269.1202393,15.55000019,0.188554928,5,60.66353989,1.525131226,0.764825761,2,2.40926497138529
-1105285,1303795,172.704834,2318.284424,1,0.211700007,397.3862,8.446299553,0.304850668,5,49.41999817,5.498706818,-3.211064339,2,3.83853211001212
-1095285,1253795,174.6174316,2348.203857,1,0.182999998,431.7806091,8.848400116,0.240954995,5,46.33399963,4.732188225,-1.935560346,2,3.49289972008809
-1015285,1333795,159.1832733,1798.517578,2,0.202700004,304.9283142,12.01869965,0.176448643,5,49.12900162,5.705723763,2.577511072,2,2.87834821284225
-305285,1593795,166.2927856,634.4971313,2,0.226060599,643.2310181,13.54853535,0.469262034,6,50.15050507,1.614478827,-0.81436348,1,3.83981895404738
-505285,1653795,166.9897766,1038.993896,2,0.365959585,435.4337463,12.3293438,0.378094524,7,75.56464386,1.311900854,0.042221736,3,4.74672852017977
-385285,1683795,153.8108368,824.4013062,2,0.325102031,513.3268433,12.33224487,0.402634293,7,74.56530762,1.299422741,0.258806765,3,4.43874186880352
-455285,1853795,145.5896301,1019.44989,2,0.319999993,505.7456665,10.72595978,0.449679911,7,85.22525024,1.963778496,-0.671443939,3,6.67972736790926
-755285,1313795,176.5066833,1315.346436,2,0.265050501,374.7561646,14.3665657,0.267036498,6,29.32525253,2.021422148,0.5640589,1,1.0544329368171
-1095285,1803795,214.9508667,2416.624023,3,0.288585871,579.1848755,7.262777805,0.635681629,4,55.57171631,15.08748436,2.230153799,4,11.2571931483366
-895285,2263795,163.2731781,1843.973755,4,0.319999993,306.9155884,6.800250053,0.236397967,6,27.29999924,2.352138996,-0.56416136,1,2.6610199133
-905285,2203795,168.2492828,1923.851196,4,0.280000001,281.7420349,6.483131409,0.251813978,5,29.29999924,3.405065536,-0.346375018,2,1.87540129979687
-835285,2413795,169.9172974,1386.804077,2,0.319999993,340.61203,7.313282967,0.312230557,6,56.76666641,4.563566685,1.412993193,1,6.48131550830499
-895285,1773795,191.5787506,3324.687744,3,0.202828288,666.8192139,-0.07828287,0.529539645,4,37.78384018,19.65779877,-5.616635799,4,9.31270463834923
74715,1843795,155.3617554,285.4667053,133,0.314430386,950.8685303,12.14797497,0.76453954,7,84.51012421,3.257245541,-1.150118113,3,9.60139558331402
-815285,1403795,178.5092621,1757.225708,3,0.147200003,427.9953918,11.12574959,0.346383244,5,40.28699875,8.563872337,1.437600493,2,3.92030891187657
-455285,1563795,131.1937103,919.1641846,2,0.216545448,475.0228271,13.20127296,0.489545375,7,38.19636536,0.814473927,-0.026385074,3,5.07386610245613
-1015285,1983795,196.3576355,2223.949463,3,0.212371141,541.8676758,6.207628727,0.579223275,4,48.29587555,13.88572025,3.172439098,4,6.79373363822036
114715,1713795,158.0921173,298.1105652,2,0.370000005,1039.46936,12.88595772,0.743996859,7,83.19999695,1.9734056,0.206077918,3,10.8766690673045
-835285,1983795,215.3969574,3188.794922,5,0.093076922,852.1526489,0.241758332,0.630737007,4,42.88791275,14.93244743,-10.84670925,4,15.0046268363824
-1035285,2153795,126.3509903,2118.759033,4,0.319999993,200.7758942,5.054749966,0.207405403,5,36.40000153,2.136123657,0.890940487,2,3.71277730750441
-1095285,1603795,171.2423706,1671.746582,4,0.050000001,237.7641144,11.0877037,0.147720098,5,57.70408249,3.773584127,-0.299522191,2,4.48573498361239
-1095285,1643795,188.5740509,2125.401855,3,0.284141421,460.4906311,9.137171745,0.385963887,4,51.48283005,16.49471092,-0.106256649,4,4.12753300844955
-685285,2313795,198.7910461,1244.145752,2,0.293877542,333.3092957,7.974183559,0.328429461,6,39.10102081,2.265693665,0.855859518,1,3.23600818403688
-895285,1853795,176.7137451,3500.773438,4,0.129374996,831.7752075,-0.632187486,0.54327023,4,37.51666641,18.48230934,-5.739072323,4,12.8834852821608
-875285,1343795,184.7430725,1999.022339,2,0.370000005,423.3353882,10.13459969,0.250034422,6,53.09999847,1.827848911,0.756765246,1,3.95606732041389
-765285,1473795,161.8990784,1903.33667,2,0.394343436,471.9499207,9.781970024,0.394964397,6,66.72525024,6.006841183,4.309752464,1,7.2342191548216
-5285,1653795,139.19487,318.4682922,2,0.346938789,957.9997559,13.37413311,0.70882839,6,81.62245178,2.222770929,-0.524234653,1,9.71535833969584
-865285,1213795,180.9849243,2205.900391,1,0.197699994,567.5718994,8.588700294,0.511229217,4,51.84199905,17.02016449,19.3655529,4,5.07515810096542
-855285,2133795,153.7572479,2182.726807,4,0.319999993,326.0672913,5.082099915,0.280336827,5,50.30400085,5.496650219,1.419764876,2,6.07012059605604
-995285,1463795,181.2630615,1948.446899,4,0.245199993,280.5049133,10.05795002,0.167449743,6,41.69800186,4.166149139,-1.415786862,1,2.73915098392633
-305285,1883795,167.4822693,672.8046265,2,0.319999993,600.9831543,10.95354176,0.587751746,7,85.22499847,2.072198391,0.30366993,3,9.2232127077049
-845285,2023795,210.0515289,2754.645996,4,0.213195875,641.3314209,1.440412283,0.544271231,4,36.48453522,10.18639851,-7.075964928,4,8.67954484824568
104715,1703795,172.9464874,266.4414368,133,0.315121949,1040.686035,13.18658543,0.729965746,7,86.12805176,2.005636692,-0.947682559,3,10.2218217597658
-1105285,2373795,150.0296326,2463.380615,4,0.177916661,410.4284668,2.074843645,0.449726969,5,56.54999924,8.197361946,-6.382602692,2,10.1486178608778
-775285,2243795,162.5928192,1542.715332,2,0.319999993,330.1486816,7.754742146,0.349003762,6,46.39793777,2.956882715,1.072107673,1,3.69445090405727
-625285,1483795,142.174881,1391.328735,2,0.226285711,397.4141541,12.35285759,0.444337159,7,29.57999992,1.087214589,-1.017698765,3,4.34305955763348
-925285,1673795,198.6701965,2950.950684,3,0.098297872,546.1580811,2.774893522,0.570926189,4,50.99468231,14.17315292,7.498136044,4,8.78446252292137
-585285,1733795,151.7295532,1262.133179,2,0.259583324,386.6185913,11.11885452,0.33062911,6,61.57083511,1.062559724,0.302206725,1,2.78253351382175
-135285,1653795,160.3575745,430.7624207,2,0.221030921,815.3057251,13.43092823,0.615531921,7,39.98865891,0.703112483,0.23275052,3,6.13233709546374
-765285,2383795,144.8747253,1460.476196,2,0.319999993,397.7829895,6.953649998,0.37210077,6,58.32899857,2.72768116,0.569817901,1,8.56980869256371
-945285,2293795,178.5216522,1716.329956,4,0.33145833,201.5090637,6.360833168,0.221505895,5,32.27500153,1.585144639,-0.390785903,2,0.820773033142814
-955285,2193795,209.7593536,2290.044678,4,0.258399993,323.756012,4.329249859,0.244155481,5,32.81200027,4.05853796,4.767762661,2,2.58467557801249
-1005285,2123795,175.1144257,2150.772705,4,0.323000014,210.9329071,5.367450237,0.197595596,5,50.95999908,2.089521646,3.07186842,2,2.85849334053783
-1145285,1253795,160.6580048,2442.439941,1,0.288399994,501.9352112,8.458250046,0.436463118,4,60.62799835,7.148234844,-4.545163155,4,5.29480401850605
-1145285,2463795,174.890625,2436.793945,5,0.142682925,819.4905396,0.653719425,0.595130086,5,52.51341629,5.618534088,8.12196064,2,10.5369895952318
-1165285,2113795,145.7593994,2114.288086,4,0.319999993,233.3936462,5.532649994,0.182620898,5,37.58399963,2.777879953,-1.455518961,2,2.47737038681213
-1055285,1443795,168.9444427,2246.647949,3,0.214000002,307.9769897,8.544650078,0.234140098,5,54.02299881,8.785900116,2.396104336,2,3.69512176765111
-915285,2353795,192.4636383,1631.555298,4,0.3389,378.262207,6.826449871,0.298177838,5,61.61800003,6.854818344,1.969016433,2,10.9684326774044
-685285,2073795,123.6861725,1656.864624,2,0.280000001,430.0008545,8.122422218,0.392249733,6,50.60309219,1.046359658,0.974882364,1,4.21907349744466
-55285,1803795,158.6774902,364.5296021,2,0.34857142,854.1341553,12.26428604,0.713411629,6,79.49143219,4.07233429,0.879219532,1,12.4789840136251
-735285,2413795,153.0752411,1315.034912,2,0.3495,391.7698059,7.163949966,0.396353394,6,53.36199951,3.410968542,-2.887144327,1,6.75910545036741
-525285,1813795,119.3605881,1240.475586,2,0.322340429,439.8485718,10.52122307,0.49558872,7,84.53829956,0.928609848,0.305075169,3,6.65616295453647
-1035285,1113795,154.5991364,1459.339111,3,0.111900002,311.8254089,16.71005058,0.199651867,5,56.08499908,9.895547867,-0.066783242,2,3.08892298487018
-525285,1783795,143.5032654,1215.990112,2,0.291958749,434.061676,10.63515472,0.442204922,6,69.74330139,1.484816074,-0.268597543,1,6.21347419495123
-645285,1303795,150.0278473,1318.22998,2,0.314999998,447.1428528,13.94322872,0.375647664,7,61.58750153,0.992598057,0.138130322,3,4.52355398560771
-675285,1273795,189.1175842,1264.326782,2,0.186700001,442.1871948,14.18330002,0.324040055,6,22.54800034,1.148480415,-0.193897724,1,2.11031589976049
-705285,1963795,184.9641876,1424.831543,2,0.100000001,347.5109863,9.457812309,0.375914335,6,8.800000191,1.351582885,0.237766147,1,2.65243450661304
-1055285,1483795,164.2413177,2048.793945,3,0.179700002,257.6660156,9.587800026,0.166366071,6,36.36399841,2.041537046,-0.15865311,1,2.15609504815905
-325285,1803795,148.7861328,713.0457153,2,0.319999993,566.1384888,11.57547855,0.485447794,7,79.3234024,1.565322995,1.333152294,3,4.60047536868466
-1015285,1233795,137.5911865,1413.018311,5,0.174459457,244.6752167,14.70925713,0.171246141,5,38.06351471,2.01846838,0.492385,2,2.14723617679769
-1095285,1973795,179.1707458,1720.393677,4,0.18924731,259.5897522,8.867204666,0.195733845,5,49.9473114,6.809066296,2.91802907,2,2.85927419015619
-1055285,2393795,175.8426208,2965.453125,5,0.096500002,640.9987793,-0.288350046,0.356443256,4,55.65800095,27.41557312,-4.988996029,4,11.0791214090727
-585285,1953795,167.2899323,1331.614624,2,0.407777786,432.2033386,9.517576218,0.391571879,7,71.59899139,1.410779119,-0.16193679,3,5.90514799419592
-1055285,2293795,129.775177,2292.140625,4,0.185252532,430.3924255,4.10611105,0.406436145,5,56.00302887,14.8460989,-7.746008396,2,7.9255167048598
-165285,1833795,176.4828796,464.3791809,2,0.341649473,720.2233276,11.81556702,0.476268858,7,80.27629089,1.470546007,0.30314073,3,7.081227770409
-895285,1563795,159.84552,2769.29248,3,0.265816331,563.0407104,3.852040768,0.612713993,4,59.17040634,10.34941864,0.839664221,4,7.58709700259684
-765285,1623795,172.5683594,2202.993408,3,0.148124993,502.6311951,8.631875038,0.53099829,4,46.23958206,8.115506172,-2.43646884,4,4.87853019098623
-155285,1623795,143.728775,427.45224,2,0.261511624,797.2096558,13.90250015,0.51249814,7,46.94535065,1.019554377,-0.932792544,3,4.91489898527434
-685285,1623795,168.6773834,1566.85376,2,0.370000005,342.2143555,11.36888885,0.293861419,6,57.36666489,6.435935974,3.484764814,1,6.07481569850955
-805285,1053795,152.0323334,1433.704468,2,0.159400001,422.0187988,15.39474964,0.292695403,5,59.29899979,7.795815945,-0.131831899,2,5.59423844862301
-995285,1613795,181.2475586,2160.816406,3,0.196354166,453.3806763,8.421771049,0.483068585,4,57.34687424,13.63455486,14.1001482,4,2.95994406630842
-1135285,2333795,144.3607025,2645.337402,5,0.063814431,677.1630859,0.614845276,0.636512935,4,44.7680397,11.52879047,11.36533928,4,14.8859857677512
-1085285,2393795,176.755661,2986.768311,5,0.198500007,849.9324951,-0.591950059,0.383011252,4,43.59000015,24.78780556,2.469328403,4,10.1721155189923
-335285,1863795,142.7729797,733.3277588,2,0.319999993,590.1453857,11.02928543,0.497301728,6,87.02198029,2.412413836,0.93834877,1,6.61258183096518
-195285,1753795,175.9068451,509.550293,2,0.287157893,729.4434814,12.71063137,0.516103029,6,68.97368622,1.529156685,-0.406063765,1,6.71850791342789
-305285,1573795,181.6897278,563.9401855,2,0.287525773,646.1325073,14.04273224,0.427920043,6,55.53814316,1.204037428,-0.150302559,1,2.89612892307306
-905285,1603795,141.8587646,2923.588623,3,0.1127,703.7435303,2.74574995,0.615179718,4,50.92300034,9.874854088,-4.744800568,4,11.7160784967594
-655285,1253795,133.657196,1212.727417,2,0.187835053,436.4472351,13.97402096,0.42810899,7,27.41134071,0.867000997,-0.482823282,3,5.18501740957587
-45285,1813795,179.7047729,398.7331848,2,0.370000005,878.7034302,11.98530293,0.714896142,6,81.17272949,3.036158323,0.837887228,1,11.787043018036
-335285,1673795,154.1614532,725.3140869,2,0.298901111,582.885498,12.76087952,0.437465429,7,75.69230652,1.608783007,-0.482330352,3,6.09788168162737
-865285,1793795,171.6655273,2551.669922,3,0.107812501,275.4164429,5.653281212,0.390542448,6,35.08020782,6.923152924,-7.789224625,1,4.93264379581305
-925285,2063795,202.1263275,2505.223877,3,0.181632653,779.6868286,3.650561333,0.737842739,4,40.9224472,10.4540205,-2.142000675,4,10.9505790851224
-835285,2303795,202.1450348,1590.244629,2,0.343899995,323.0350037,7.498650074,0.278666466,5,59.22999954,4.602077484,-0.974382043,2,3.8426726391396
-435285,1623795,135.0792389,913.6374512,2,0.319999993,486.6282349,12.60220432,0.462534636,7,75.5,0.794546366,0.098277718,3,6.32042509037834
-775285,1983795,148.1784821,1934.826904,3,0.17136842,474.2285767,7.863947392,0.512811661,4,41.66421127,13.84474754,0.133327141,4,5.97111545060204
-935285,1433795,145.1069031,1656.402466,5,0.147319585,283.7504883,12.30860806,0.225750521,5,48.20412445,3.591222763,-2.175167561,2,2.67683255989333
-725285,1183795,210.4859161,1257.01001,2,0.200000003,395.3079834,14.59212112,0.302844226,6,18.29999924,1.032054663,-0.268605471,1,1.23465825345126
-925285,2453795,224.3383026,1828.92041,4,0.250105262,421.0331116,6.914315701,0.29879275,5,56.42420959,14.17445374,-9.39448452,2,3.78705592156302
-925285,1893795,182.7086792,2469.630127,3,0.194489792,398.1877747,5.242601871,0.544807494,5,43.40000153,13.60386562,11.23299408,2,4.44549234511499
-875285,1693795,117.7428818,2315.661377,3,0.150000006,192.7635956,5.455898762,0.445168853,5,34.79999924,0.720175326,-0.040096793,2,5.03543727494202
-785285,2113795,193.4537964,2246.256104,4,0.25737375,390.6188965,5.166161537,0.339754611,5,37.61009979,6.206077099,-0.333363414,2,3.22851664267617
-795285,1423795,165.8485107,1936.024902,2,0.360399991,464.3111877,10.02134991,0.37375772,6,61.39899826,5.747486591,-0.038194869,1,8.14602851328759
-315285,1633795,133.8931122,714.2360229,2,0.260322571,607.9765015,12.83650494,0.450149536,7,47.5526886,0.90270716,0.235822782,3,3.39841567523277
-25285,1823795,158.6392212,402.7949524,2,0.370000005,894.3800659,11.79036427,0.678338706,6,79.8125,2.650388718,1.481899381,1,11.5178614206075
-825285,2373795,179.8667603,1390.629761,2,0.319999993,341.9110107,7.311749935,0.297351629,6,57.19800186,2.549525261,0.914403617,1,5.78526362587177
-335285,1883795,159.7528229,735.1879272,2,0.319999993,599.0542603,10.72015476,0.486152112,6,88.77422333,1.952349782,0.550231278,1,6.78409670462
-1015285,2453795,140.4281464,1598.326782,4,0.319999993,254.7940674,6.897315979,0.207734182,6,49.59999847,2.030277729,-1.182611465,1,3.27273994700377
-155285,1673795,145.0410309,463.0815735,2,0.203043476,788.6119995,13.36092377,0.651432335,6,31.60326004,1.296328425,0.079913303,1,5.76431160137433
-1005285,1223795,192.6791534,1452.507935,131,0.112999998,265.6553955,14.58034992,0.174143165,3,46.71500015,1.209835529,0.734236479,,1.80787589544291
-775285,1113795,155.5154266,1026.207642,2,0.358554214,331.3193665,15.78957844,0.376978397,5,63.22289276,1.300504923,1.13338542,2,4.92875971953329
-785285,1603795,164.5847473,2380.919434,3,0.138541669,494.0101318,7.936979294,0.550926089,4,41.60208511,13.94995117,7.874351025,4,3.32106079468755
-925285,1183795,253.6387024,1514.616211,3,0.279700011,336.9013062,14.46934986,0.184529617,5,49.61299896,3.153022051,-3.080090046,2,2.30354991264789
-1115285,2133795,189.3523865,2006.423706,4,0.323448271,216.8528748,6.047298908,0.191768795,5,40.18390656,6.716344357,6.523602962,2,2.63936614811817
-135285,1793795,186.5762177,418.8719177,2,0.369479179,782.9036255,12.73932266,0.581634164,6,77.29374695,1.76723516,-0.070267402,1,5.85427608358187
-1165285,1323795,171.2611542,2161.998535,3,0.286000013,314.7709045,8.849949837,0.224708736,5,49.50099945,4.294888973,-2.39220047,2,7.43130197768769
-85285,1663795,175.9019775,431.588562,2,0.319999993,869.9450684,13.19709682,0.658939421,6,84.05806732,1.156640768,-0.16890274,1,9.38876368467059
-1115285,2443795,206.5928497,2781.528564,5,0.055851065,1007.383301,0.313776612,0.471669316,5,45.31702042,15.30630875,-1.290096164,2,12.9728948337728
-365285,1773795,162.9852142,780.8320313,2,0.319999993,554.1964722,11.64959145,0.460409284,6,81.17550659,2.053455114,-1.211358547,1,6.38224883831335
-1055285,1693795,178.4644775,3032.48999,3,0.0656,866.1943359,1.980449915,0.677483857,4,24.65500069,19.14186668,15.77242661,4,23.7461036947114
-965285,2283795,169.7043304,1656.352661,4,0.370000005,208.3646393,6.647113323,0.213395834,5,48.71237183,1.647442341,-0.52573967,2,1.90250632028293
-575285,1873795,157.9876709,1326.947266,2,0.209090903,443.7326355,10.07313156,0.433712691,6,27.15757561,1.106243253,-0.170281753,1,3.36549869215145
-665285,1253795,129.368103,1232.530396,2,0.250309289,438.7138367,14.16639137,0.360489845,7,47.31855774,1.080887079,-0.55049175,3,4.5816861356934
-345285,1623795,152.6449432,783.4716187,2,0.314166665,580.1882935,12.69718742,0.500635922,7,72.32707977,1.289869905,-0.066494621,3,5.82472702054336
-665285,2413795,151.3916626,1578.437866,2,0.387142867,635.9971313,5.683775425,0.652436435,6,64.88571167,8.894674301,5.462730885,1,12.4285107393328
-1065285,1853795,168.7969055,1519.045166,133,0.343333334,236.1681671,11.42175961,0.35748291,5,67.66481781,2.741272211,-4.426465988,2,3.78932770483289
-785285,1273795,160.644104,1343.608887,2,0.472499996,351.6736145,14.40904999,0.222362056,6,56.61500168,1.703711033,-1.017278433,1,1.93678070422928
-1095285,1593795,191.0687714,1620.03064,3,0.146746993,212.7515717,11.42963886,0.245733306,5,50.01927567,3.256350756,-1.734076858,2,2.32478477181802
-1105285,2383795,185.3056793,2658.578369,5,0.260860205,596.3162842,1.329301119,0.588147461,4,57.08386993,11.16273022,-10.98646069,4,11.533344445248
-955285,1763795,193.9253998,2571.253174,3,0.239999995,302.295105,4.001049995,0.313479304,5,53,8.694936752,-1.287878752,2,3.4542410920733
-245285,1663795,130.861969,595.6442871,2,0.197065219,668.4659424,13.33527184,0.557627678,7,41.49238968,0.808482826,0.052936751,3,4.55263770571999
-795285,1913795,154.2582703,2612.588135,3,0.14948979,599.4275513,4.958214283,0.614983439,4,41.40306091,13.50706577,5.512892723,4,10.2730067544256
-995285,1513795,197.6071167,2191.164307,4,0.2597,350.9664001,7.939499855,0.233367875,5,44.17300034,2.392720222,0.392573386,2,3.19377728814406
-275285,1793795,170.815567,607.2144775,2,0.319999993,617.8952637,11.79453087,0.525593936,6,75.59999847,3.049695253,-0.62138772,1,10.1725666211105
-1235285,2133795,197.8396606,2187.500732,4,0.369489789,357.187561,4.731938839,0.399046659,5,61.58979416,8.548752785,3.835144997,2,8.82572798122616
-1115285,1043795,170.1130066,1319.884277,2,0.312142849,277.4351196,16.12586784,0.188340336,5,58.3928566,1.287201047,-1.001512527,2,1.63547836699929
-395285,1573795,153.8921204,792.3217773,2,0.239090905,538.9342651,13.35267639,0.453669488,6,42.93939209,1.509762764,-0.370537728,1,3.37301494364477
-245285,1853795,167.8870239,516.7348633,2,0.319999993,629.6472168,11.45968437,0.533718646,7,83.05578613,1.550321698,-0.00573345,3,7.92880368897875
-1135285,1453795,191.2539215,2178.106445,3,0.236363634,353.136261,9.062726974,0.271788061,5,39.70000076,6.331950188,1.54221797,2,2.52660080391455
-815285,1483795,169.5690613,2314.258545,2,0.359292924,516.631958,7.427020073,0.397345126,6,66.34848785,4.059056759,-0.175593317,1,7.74999729963852
-775285,1563795,189.2132416,2254.803955,3,0.150000006,493.1955872,8.021949768,0.477551788,4,34.09999847,8.387931824,2.004232407,4,4.50948325648267
-665285,2263795,179.2178802,1289.713501,2,0.364845365,413.1054993,7.846340179,0.35816282,6,77.16494751,3.034150124,0.794958889,1,7.69918223576965
-965285,1853795,160.3656006,2748.262451,3,0.27642858,914.8703613,3.632346869,0.720684528,4,59.93775558,19.73745918,15.74172401,4,13.0121970247143
-855285,1203795,155.6329346,2056.614014,3,0.227400005,475.59729,10.8586998,0.368849635,5,60.15999985,7.489329338,-8.939040184,2,4.96097944224245
-1015285,1833795,203.1277771,2432.599854,3,0.234999999,504.1210632,6.271197796,0.634813309,4,62.50416565,10.18329525,-4.211794853,4,6.51848580672112
-915285,2093795,154.8348541,2382.149414,4,0.237634405,477.6795044,4.379032135,0.388156921,5,48.36989212,5.345459938,-2.125145912,2,6.41633278435069
-975285,2493795,131.1523285,1215.791504,133,0.356363624,170.4902344,7.339886189,0.384982854,7,53.3022728,1.688803554,-0.854034662,3,5.51064308886556
-955285,1293795,178.3815765,1857.068359,3,0.247600004,396.8854065,11.61439991,0.215647534,5,42.84000015,3.182240725,-0.341549426,2,2.27658035863735
-955285,2103795,213.3295746,2210.449463,4,0.236699998,466.1115112,5.200749874,0.380728543,5,36.34600067,6.127781868,1.276519418,2,5.21735758124881
-815285,1433795,195.9801636,2053.25,2,0.410606056,464.663147,9.331515312,0.329850852,6,68.76464844,2.376451492,0.908282161,1,6.86737483641586
-935285,2433795,206.1222534,1363.01123,4,0.323300004,268.5368042,7.761300087,0.165672466,5,54.07699966,3.277311563,-0.406575978,2,1.56778443070351
-775285,1173795,112.5755768,1074.358521,2,0.423258424,366.8821411,15.3523035,0.431768477,5,62.36741638,0.826674938,-1.351152778,2,4.79210360030352
-275285,1883795,167.798584,647.701416,2,0.319999993,616.1889038,10.83973694,0.54113251,6,83.69999695,2.382465124,0.572961092,1,10.1572945782617
-415285,1753795,147.7054901,870.3811646,2,0.319999993,496.6125793,11.78954124,0.444935024,7,83.49897766,2.29637599,1.791196108,3,5.158928749033
104715,1753795,162.883606,322.5126648,5,0.347499996,1020.182739,12.57781219,0.703576386,7,80.05874634,1.705112457,0.263537824,3,10.4101220143606
-395285,1753795,163.2257843,811.1734009,2,0.310303032,515.2161865,11.98101044,0.449989587,6,79.58181763,1.372458577,-1.626108289,1,6.23605049925302
-575285,1673795,143.2382355,1193.536987,2,0.331919193,387.1807251,11.90964603,0.308679581,6,76.99797821,1.324330926,-1.259265661,1,6.68265400219646
-965285,2313795,195.8993073,1572.348389,133,0.366739124,198.1773987,6.909673691,0.163115084,6,41.23913193,2.77434063,3.958804607,1,3.13289886182287
-565285,1773795,205.9914246,1349.443115,2,0.349090904,408.4904175,10.3465147,0.339551598,6,73.68989563,1.257994652,0.755665362,1,5.4757605017068
-595285,1833795,141.3395081,1452.730347,2,0.292173922,430.9630127,9.704782486,0.417157084,6,59.72174072,1.964871168,1.621355653,1,5.08037801667812
-1005285,1293795,156.375412,1739.645874,3,0.166500002,300.9700012,12.41740036,0.199861079,5,45.57300186,7.372504711,9.989813805,2,2.50292332951977
-725285,1873795,156.6574097,1822.165527,2,0.280947357,470.237854,9.39621067,0.396961272,6,51.07263184,2.714053154,1.245930195,1,4.31051880725886
84715,1603795,159.032135,282.5030212,5,0.240515471,1136.658325,13.81005192,0.680893421,7,80.04020691,0.939499497,-0.123011045,3,9.34152128920609
-1065285,2103795,162.785675,2152.179932,4,0.331224501,264.2246399,5.610459328,0.186410576,5,41.91020584,2.741014481,-3.362128735,2,2.31084427980797
-45285,1773795,190.5457916,426.0887756,2,0.349999994,902.0755615,12.17536831,0.709075928,6,83.51999664,2.803016186,1.194249511,1,11.9577780596794
-835285,1453795,149.5121307,2307.796875,3,0.201616168,526.6448364,7.746060371,0.578845739,4,62.24949646,7.035083294,-1.176680565,4,6.77730519653921
-745285,1533795,211.7031403,1908.641846,2,0.430000007,422.2155151,9.545550346,0.307952374,6,72.33499908,2.075408459,-0.229373351,1,4.37672199765804
-765285,2153795,167.7195892,1951.249023,4,0.119000003,411.2181091,6.179500103,0.468500614,5,32.95000076,13.10521889,6.339017391,2,6.14888901771368
-225285,1633795,159.1554108,559.9907837,2,0.212244898,691.5817261,13.46959209,0.52577889,6,42.15714264,1.317123771,0.204008982,1,3.96323103746401
-635285,2473795,167.1594849,983.958252,2,0.370000005,379.0710144,7.297200203,0.348168135,6,77.19999695,1.738823771,0.547543228,1,7.55943184160139
-965285,2303795,172.2196045,1588.76062,4,0.368969083,195.3243256,6.778298855,0.184347615,5,42.73402023,2.628668785,-0.324686825,2,1.7168118176847
-815285,1443795,168.7881775,2055.706787,2,0.430000007,462.4872437,9.258556366,0.309070528,6,71.90000153,1.651077628,-0.239479914,1,4.90511396609708
-1165285,1173795,189.275177,1445.300415,1,0.218865976,392.8375549,14.22994804,0.275502056,5,52.1876297,4.425952435,-5.779382229,2,2.54286720615266
-845285,1833795,149.189682,2837.570313,3,0.100000001,346.124176,2.518988848,0.343785286,6,50.39213562,4.387755871,-2.548096657,1,5.04767718575665
-715285,1553795,156.6908569,2149.996826,2,0.430000007,437.4219971,8.702577591,0.398576409,6,69.42680359,2.839158058,-1.505037785,1,6.95310988871055
-945285,2303795,176.1031952,1667.1698,4,0.370000005,196.7737732,6.401428699,0.167800769,5,39.66632843,3.560315609,2.25407052,2,2.18420482760995
-845285,1433795,154.5579071,2269.723633,3,0.205799997,504.6388855,8.599550247,0.554167092,4,53.0870018,7.546815872,-3.382056713,4,6.87986901472819
-1025285,1643795,192.8465729,2244.830078,3,0.287448972,597.3110352,6.964643002,0.523702085,4,54.36020279,6.690244675,-3.62303853,4,7.05900689298727
-725285,2323795,135.4533234,1388.21936,2,0.317499995,331.1205139,7.275899887,0.321839303,6,43.29700089,3.881898403,1.141074777,1,5.07700042026673
-855285,1873795,132.2242432,3231.438721,4,0.107790701,661.3143311,0.680406988,0.559361339,4,42.1279068,16.12727547,15.07779217,4,14.0065971864099
-725285,2283795,147.0863647,1401.500366,2,0.319999993,351.7677917,7.641499996,0.281873405,6,44.23600006,3.020362139,-0.723658323,1,4.11557114356898
-65285,1623795,195.8964691,429.8790894,2,0.366195649,912.925415,13.42701054,0.686302602,6,83.48152161,1.712193251,1.117080212,1,11.9796254930346
-625285,1723795,169.2638702,1299.87854,2,0.233061224,363.0664368,11.36948967,0.273634404,6,56.16632843,1.047953963,-0.224940181,1,2.28152664764065
-675285,1413795,197.5012512,1271.566162,2,0.214226797,418.4223022,13.85453606,0.300488919,5,27.21443367,1.593185306,-0.896710455,2,1.81854846771595
-505285,1793795,147.7062225,1144.259155,2,0.430000007,462.9083862,10.95750046,0.388087839,6,81.40000153,2.507450581,-0.84359616,1,7.35160651804176
-825285,2103795,148.8304901,2243.068604,4,0.319999993,339.3930664,4.881875038,0.311568707,5,43.35625076,2.582189322,-1.568690419,2,5.57747662534433
-295285,1833795,145.6423035,621.0747681,2,0.319999993,598.7449341,11.43654251,0.512485325,7,79.52659607,1.50430882,0.286216497,3,6.89795389293244
-175285,1673795,163.456665,484.822052,2,0.269340664,771.2590942,13.33049488,0.552526891,7,50.52967072,1.024705768,-0.067896917,3,6.56619474289048
-1205285,2293795,207.2414551,2351.755859,4,0.080300003,729.1580811,3.0552001,0.670522273,4,59.30099869,20.87793922,-5.033875465,4,19.7658807029205
-725285,1093795,187.8467407,1092.730713,2,0.166999996,366.7809143,16.24065018,0.256675541,5,12.78499985,0.877877176,0.375777692,2,1.52153450342638
-1055285,1353795,178.9524078,2211.214355,3,0.217199996,416.1448059,9.343999863,0.236908302,5,38.61600113,4.5927701,-2.922561169,2,3.76519832796769
-1025285,1333795,165.4954071,1904.584229,3,0.179700002,344.1433105,11.30150032,0.193186104,5,51.20600128,5.244530678,2.513277054,2,2.72313802496
-1095285,1913795,208.0220184,2278.760986,3,0.216428578,464.3525696,6.84250021,0.609746277,4,48.70408249,21.45059586,-2.857868195,4,8.94086388666932
-1165285,1083795,173.5610504,1343.447388,2,0.359800011,299.1539917,15.61384964,0.191264644,5,60.95899963,1.185046077,-0.607095957,2,1.38694059548881
-1145285,1333795,164.7862396,2154.255371,3,0.216700003,300.2997131,9.166899681,0.247011915,5,58.45100021,6.299345493,-0.660998702,2,3.79522410834972
-775285,1873795,144.8773499,1839.439453,3,0.231355935,480.0561218,9.147033691,0.546909809,5,44.18983078,10.40554237,2.561664104,2,5.95325031679556
-295285,1723795,162.7787933,646.4364624,2,0.319999993,598.7317505,12.55622482,0.480743378,7,81.68877411,1.326081157,0.210591242,3,6.59612193450093
-735285,2283795,173.6913757,1437.370361,2,0.319999993,340.6951904,7.567649841,0.303311884,6,43.99300003,2.284302473,-1.614881277,1,3.48191277669316
-275285,1723795,157.0106506,624.3397827,2,0.319999993,622.9301147,12.62173939,0.520722747,7,81.76630402,1.386662364,-0.990053892,3,8.51250147272655
-675285,1773795,156.9147034,1619.942749,2,0.21758242,361.5163574,9.567637444,0.333769858,6,39.3604393,1.765247226,0.439489514,1,2.74501966901023
-805285,2213795,159.2276764,2389.770752,4,0.200000003,611.7106934,3.173333406,0.610834897,4,43.08787918,13.87090683,3.66655302,4,9.23267376623546
-505285,1963795,145.678894,1089.46936,2,0.274782598,446.3159485,10.06956482,0.580133915,7,56.33043289,0.810082555,-0.273762316,3,4.81649467792651
-905285,1353795,157.690567,1865.429565,5,0.370000005,371.0607605,10.5622921,0.271704137,6,54.90000153,0.915553212,-0.197916523,1,3.99118185656361
-1175285,2483795,158.9347534,2362.540039,5,0.163368419,857.916687,1.093052626,0.537511528,5,53.82842255,5.597448349,1.437289238,2,8.91250548134306
-955285,1103795,147.7266998,1214.403198,5,0.210299999,260.0487061,16.69919968,0.171168745,5,30.45599937,0.743701518,0.000329262,2,0.916847795028045
-655285,1183795,159.0995331,1208.923584,2,0.210206181,432.1730347,14.55819607,0.337976784,5,24.48556709,1.153247714,-0.080400042,2,2.02060695662358
-825285,2403795,180.1072235,1377.939453,2,0.319999993,346.8176575,7.289374828,0.305083394,6,56.19374847,4.761859894,0.239098623,1,6.20440540217207
-975285,1883795,168.3462677,2456.414551,3,0.280000001,622.9171753,5.820300102,0.785518467,4,61.70000076,14.48623943,5.620634556,4,10.4171654309211
-1045285,1283795,167.4247284,2176.219482,3,0.2629897,369.7948914,9.601288795,0.226087272,5,50.07525635,3.595250607,-0.353974253,2,3.56588542173044
-1035285,2133795,163.6913605,2102.189941,4,0.327499986,165.517395,5.31799984,0.177749977,5,40.18000031,1.999947667,-1.417941451,2,2.40275558503138
-45285,1593795,156.5510712,411.3734131,2,0.338556707,940.3757324,13.67865944,0.691728652,6,83.01133728,2.714483261,-0.655653715,1,12.9179219277902
-1005285,1833795,211.8886261,2762.016357,4,0.24616161,738.2796021,3.549949408,0.774176598,4,60.64949417,9.337398529,1.384807587,4,11.8259998858714
114715,1783795,162.3336029,279.4378052,5,0.307999998,976.2230225,12.62349987,0.746439517,4,85.68000031,2.934465885,3.17573905,4,11.4957305594951
-1055285,2013795,175.7605591,2039.507568,3,0.203232318,361.5323181,7.273383617,0.355424136,4,38.77171707,11.10526848,7.289042473,4,4.63162776836819
-865285,2303795,154.5095978,1644.657715,2,0.344000012,313.0246887,7.17745018,0.238135353,6,51.16799927,3.516256332,-3.74279952,1,3.47978831966075
-1015285,2083795,159.0505066,2028.797974,4,0.280000001,252.9609528,5.937699795,0.135384172,5,39.5,2.611908913,0.208872363,2,1.78020773650904
-885285,2063795,162.715332,2488.811768,4,0.21760869,525.8450928,3.553478241,0.557341576,5,39.43478394,9.252007484,-8.772920609,2,8.9848957803576
-215285,1643795,149.6687012,549.0560913,2,0.188369572,708.4732666,13.4670105,0.527560711,7,32.95978165,1.440259576,0.205906436,3,4.48347263701478
-855285,1083795,192.4006348,1492.118652,2,0.193499997,382.1477051,14.68085003,0.204258844,5,64.64800262,8.17280674,-5.507569313,2,5.47152657535403
-985285,1103795,214.5363007,1659.758911,133,0.086000003,410.5100098,15.33285046,0.243604854,5,37.65000153,11.13465309,2.859195471,2,3.78732003455139
-1055285,2123795,168.939621,2143.647461,4,0.328999996,220.4774017,5.404250145,0.200385228,5,38.48799896,4.0103755,1.279960752,2,2.3479650715474
-755285,1923795,134.5928192,1562.123657,2,0.319999993,354.4461365,10.01563263,0.434038162,7,63.51494217,1.428166866,0.430683732,3,6.65244459303466
-945285,2153795,170.1901855,2038.76123,4,0.2764,251.4981842,5.702950001,0.175139606,5,38.29199982,1.703123808,-1.879317284,2,1.64025816351217
-695285,1963795,164.5146027,1414.187988,2,0.102727272,350.6599121,9.513586044,0.366635084,6,9.253535271,1.438867331,0.391737998,1,0.754044466432204
-665285,1213795,143.1269989,1262.107544,2,0.248300001,429.0819092,14.30095005,0.351813555,5,46.93700027,0.999525309,-0.215014592,2,2.71795424119054
64715,1793795,160.1761627,328.6885376,2,0.312903225,972.7398071,12.44370937,0.743021667,7,74.45698547,2.770028114,-0.609960198,3,11.6861832484903
-835285,1163795,152.3730621,1567.481567,2,0.105999999,389.9075928,13.50984955,0.256539792,5,62.06399918,6.239065647,-0.282230109,2,4.49049372836606
-605285,1783795,153.6200714,1414.147339,2,0.331473678,396.0879517,10.05578995,0.339343369,7,72.42105103,0.947196126,0.165272534,3,4.6948442051292
-25285,1623795,164.6861725,356.1160583,2,0.335151523,955.0983887,13.49580765,0.703665435,7,82.58181763,1.789271116,-0.271041811,3,11.4674881124281
-525285,1803795,134.5116577,1241.382935,2,0.341010094,439.2378845,10.43590927,0.451179415,7,83.41717529,0.947679102,-0.02792643,3,6.64721031858252
-1015285,2043795,179.6124115,1898.905884,4,0.390399992,306.0596924,6.681399822,0.192779109,5,39.52000046,5.184137344,-2.341529131,2,3.35706378446389
-1125285,1353795,168.2042542,2241.52832,3,0.161599994,372.1437073,8.380800247,0.307045788,4,40.27600098,4.139796257,2.482592344,4,3.68454813353912
-895285,2193795,165.7689514,1876.869263,4,0.2955814,272.2558594,6.906104565,0.255469292,5,44.28604507,4.490485668,-1.034842253,2,0.499160996253108
-775285,2113795,149.506012,2173.731689,2,0.200000003,448.8078003,5.663080692,0.389711231,5,37,5.659591198,4.658076286,2,5.76722222852363
-875285,1523795,141.1395874,2160.642578,4,0.210800007,351.6896057,8.297650337,0.272553474,5,46.63999939,2.434583664,3.603049755,2,2.73953663833917
-1125285,1253795,197.2414703,2276.776367,3,0.202399999,384.0660095,9.318200111,0.27894181,6,58.95500183,7.972038746,-1.63413322,1,3.13777716737465
-1175285,1413795,154.5845642,1970.139771,4,0.239999995,338.3771667,10.01908302,0.23598142,6,39.29999924,2.355420351,-0.296674848,1,2.45791175284244
-255285,1733795,149.6643372,607.0592041,2,0.319999993,641.7561035,12.57377625,0.478830099,7,80.80850983,1.300341249,-0.592073739,3,6.76256828077595
-1135285,1343795,168.3022614,2130.157227,3,0.238399997,302.2518005,9.141400337,0.215833217,5,45.97700119,3.121354818,0.718197763,2,2.75427005827391
-1225285,2123795,196.3434601,2254.849854,4,0.370000005,386.4513245,4.533684254,0.405630231,5,61.5,9.100574493,6.971507072,2,9.64535148899948
-825285,1633795,202.5805664,2458.521973,4,0.13967742,277.592926,5.519623756,0.446760267,5,53.17311859,2.656317711,-0.560081601,2,3.92064151612818
-455285,1583795,139.1059418,922.5170288,2,0.207659572,473.0707092,13.0684576,0.56571734,7,33.11063766,0.972614408,-0.00096616,3,5.0048322295312
-525285,1883795,159.5103149,1147.401489,2,0.337422669,467.7497253,10.44587612,0.403650373,6,73.02062225,3.069168329,-0.150141016,1,6.44704764932748
-995285,1083795,255.8335266,1433.825073,3,0.149787232,314.1949463,16.30372429,0.201729313,5,37.85425568,4.24418354,-3.743143559,2,2.45462104943502
-275285,1643795,158.9022827,650.0863037,2,0.190309271,659.0728149,13.04103088,0.621265292,7,30.82577324,0.803849518,-0.292779505,3,5.10197179520164
-635285,1763795,143.5354462,1469.945801,2,0.370000005,363.2648621,10.18149471,0.300168067,6,74.14536285,1.208733559,1.366003752,1,8.78949150631532
-1075285,2063795,174.9264069,2402.945801,4,0.313939393,455.1495056,4.064696789,0.440950364,5,41.78384018,8.826049805,6.315193176,2,8.51487645887139
-1105285,2513795,204.7928925,2495.733887,4,0.103030302,651.2592163,1.137828231,0.543211997,5,48.24848557,20.31998825,-7.61093235,2,7.57870614049667
-845285,1273795,138.1925354,1730.696411,2,0.354699999,374.000885,12.40690041,0.250764668,6,57.375,1.972683787,-1.281118035,1,3.59835241301377
-915285,1153795,234.4721375,1871.776123,1,0.231800005,501.7051086,12.5291996,0.330905557,4,53.05899811,10.28947163,-4.173924446,4,3.45913760588535
-1035285,2113795,144.2093201,2170.293457,4,0.319999993,203.0107117,5.594141483,0.169409573,5,43.57575607,3.981230736,-1.296658754,2,2.8037919501057
-945285,2193795,114.2639084,2154.882813,4,0.273131311,305.2046509,5.486413956,0.215076953,5,38.94242477,3.656751871,-3.176632643,2,3.23778021330649
-935285,1083795,189.3784637,1271.51709,2,0.486000001,283.7149963,16.6753006,0.193778485,5,76.06500244,1.145416617,-1.45605588,2,3.57153985234554
-705285,1273795,148.2444763,1314.96106,2,0.254200011,411.7846985,14.19705009,0.301504344,6,35.93999863,1.677713156,-0.252206922,1,3.13260942671078
-1045285,2403795,142.2449188,2410.17627,4,0.13555555,533.4290161,3.152575731,0.558073163,4,57.55757523,15.88486767,-0.090658084,4,11.3773613612833
-1135285,1433795,180.4082794,2177.972168,1,0.2403,368.8381958,8.907250404,0.312246382,4,39.9090004,4.336868286,-2.137498856,4,3.91310076887171
-1085285,1523795,181.4207916,1817.212769,5,0.126800001,223.217804,10.60044956,0.131552577,5,54.01699829,3.388841867,-0.904581606,2,2.03162757442678
-875285,2243795,150.9659271,1818.478394,4,0.173899993,296.9320068,6.738500118,0.272943467,5,40.4659996,3.24879837,-0.146964714,2,2.65407660835998
-1135285,2463795,217.3328094,2384.575928,5,0.152500004,781.602356,0.731249988,0.652492404,4,53.13750076,7.990705967,25.5030117,4,11.8587634329022
-1045285,1793795,132.5643768,1872.101318,3,0.314900011,240.9319458,9.943200111,0.239734471,5,47.19800186,8.516234398,0.169959173,2,3.39423154714791
-795285,2123795,172.9539795,2158.439941,4,0.319999993,356.0533447,4.737988949,0.322663337,5,38.62934875,2.522760868,0.645416796,2,3.81915490095929
-1155285,2483795,187.3138428,2504.366211,5,0.234166667,879.3673706,0.413437515,0.60862577,4,58.32916641,5.707904816,2.897521734,4,9.60572648522493
-965285,1093795,178.3351746,1224.421509,2,0.295599997,257.3958435,16.84275055,0.168274567,5,38.34500122,0.974262536,0.031119062,2,0.8262611119961
-855285,2193795,166.8792877,2196.872314,4,0.324499995,461.3967896,4.742549896,0.298878998,5,51.63800049,3.953838825,2.158349514,2,4.97148929745109
-1105285,2283795,200.8679199,2366.278809,4,0.154069766,361.5709839,1.951162815,0.45000416,5,48.8837204,7.897657394,0.25043276,2,6.99289743986971
-835285,1393795,156.023468,1768.386108,2,0.169300005,417.0469971,11.44935036,0.292274803,5,42.72299957,4.056218624,0.474361658,2,2.80049864599315
-905285,1313795,133.3824158,1949.228882,2,0.275599986,387.3151855,10.60124969,0.264447033,6,53.99300003,3.097293615,1.656086683,1,3.21634439144732
-1075285,2283795,161.2997894,3271.867676,5,0.050000001,914.6704712,-1.646391749,0.242834046,6,57.09999847,20.27964973,12.55044746,1,12.528541266123
-765285,2073795,134.0355988,2174.267578,2,0.339175254,431.0949707,6.158144474,0.402918667,6,48.33195877,5.522729874,-2.630189657,1,6.98018779260062
-885285,2103795,207.2452545,2169.635986,4,0.280000001,300.6999207,5.451030731,0.302136689,5,41.79999924,2.766154051,-3.647747278,2,3.1560734016367
-445285,1653795,157.3974609,916.3774414,2,0.100000001,477.0669861,12.24654961,0.579553664,7,9.600000381,1.08447814,-0.051402222,3,4.86672087354259
-765285,1103795,186.9192963,1073.892212,2,0.350199997,342.6513977,15.88525009,0.229682684,5,50.45000076,1.040545344,0.633281887,2,1.26122931659208
-1045285,1963795,154.4507141,1952.885254,3,0.200000003,370.0845947,7.687200069,0.291047305,4,50.76200104,8.749810219,-1.936329126,4,3.50467852213348
-25285,1673795,150.6707916,403.3683777,2,0.333917528,920.6278687,12.80474186,0.691281676,6,82.07216644,2.616928577,-0.484398812,1,11.784184845584
-205285,1873795,161.8012085,553.3436279,2,0.319999993,690.0649414,11.05838585,0.555157185,6,87.3666687,2.007211685,0.543852806,1,14.712832398044
-265285,1863795,155.4578094,560.8790283,2,0.319999993,621.425415,11.13634014,0.49338004,7,82.83505249,1.331664085,0.369891673,3,6.81340069815698
-935285,1733795,167.0821228,3016.583984,1,0.178686872,428.4254761,1.974696994,0.501336217,6,50.53232193,7.759093285,-0.575611174,1,6.8076600723925
-345285,1653795,139.825943,766.1532593,2,0.319999993,572.1759644,12.69964314,0.409806281,7,77.97959137,1.624896407,0.098010786,3,5.37918029908107
-795285,1323795,132.8985443,1516.879517,2,0.322899997,356.0728149,13.53709984,0.243380964,6,40.19800186,1.672281861,1.417846084,1,4.56112590929044
-425285,1573795,163.7294922,844.8201904,2,0.206105262,497.5953064,13.35826302,0.470203638,7,29.47473717,1.476758242,0.289463282,3,3.80788367742559
-155285,1823795,174.5525055,449.9682312,2,0.338421047,739.5385742,11.99510479,0.561984599,6,81.34841919,2.240428209,0.47153312,1,9.45846681048422
-595285,1913795,146.133728,1366.52063,2,0.254687488,426.4175415,9.630781174,0.382386029,7,44.96250153,1.522852778,-0.467776924,3,5.17690355975197
-725285,1803795,133.4771423,2013.871826,2,0.153440863,474.0179138,7.995645046,0.376648813,6,32.27849579,1.234841466,0.243266851,1,6.01399338205668
-935285,1133795,182.9458618,1241.80542,2,0.426590919,247.5319366,16.18517113,0.160680115,5,53.90000153,0.882933736,-0.161763862,2,0.96770369014054
-965285,2403795,147.4441986,1335.578857,4,0.370000005,226.9422913,7.46694994,0.153970808,5,52.10400009,1.911538005,-1.985988736,2,1.7122198075594
-165285,1563795,152.8561401,390.4240723,2,0.378541678,803.1265259,14.69369793,0.455108374,7,73.59583282,0.963369906,-0.389440268,3,4.46881092262822
-865285,1773795,180.7497864,2360.196777,3,0.115222223,252.6493378,6.69705534,0.394720167,7,35.63000107,8.15553093,-2.79906559,3,4.15444310655585
-915285,1363795,133.5114594,1934.66394,2,0.18225807,399.2631836,10.06709671,0.26997292,6,57.22688293,1.876620889,0.229875505,1,3.55847554380199
-765285,1513795,138.5051117,1815.012817,2,0.430000007,423.8379211,10.22204304,0.320715278,6,72.5774231,2.007217646,0.703942955,1,7.18003452313937
-795285,1873795,139.0362549,2593.596191,3,0.157499999,618.6434937,4.66833353,0.613017619,4,40.92499924,13.01566601,-3.733922958,4,9.88684496807151
-705285,2103795,139.1670837,1604.785034,2,0.310638309,396.1272888,8.374946594,0.363892227,6,35.79468155,3.063443422,0.406252712,1,5.97738263818537
-1095285,1403795,171.8673553,2466.263916,1,0.262100011,430.7544861,7.465099812,0.488446832,4,55.06200027,6.269641876,5.246702194,4,7.21033259278264
-665285,1643795,166.0065155,1424.493408,2,0.370000005,361.6643677,11.75952625,0.306755871,5,57.40000153,7.903730392,-0.064137787,2,3.98726927029901
-995285,1703795,180.9358673,3630.309082,4,0.094946235,1146.985474,-1.303709626,0.436214596,6,46.70752716,19.92129898,19.57992554,1,11.2654493378908
-1045285,1893795,177.1598663,1969.504272,3,0.328799993,418.993988,8.225250244,0.381553173,4,53.47600174,16.999897,-11.09253311,4,5.26501858660049
-485285,1873795,162.545105,1052.215698,2,0.251063824,475.618042,10.79521275,0.422950298,7,60.80212784,1.691992879,1.539378166,3,3.19252429072366
44715,1763795,159.512085,306.6233215,2,0.357727259,957.788208,12.57369328,0.741681099,6,82.73636627,2.986407518,0.663031936,1,12.1654040156269
-1055285,2033795,186.2450714,1995.180054,4,0.262400001,308.8330994,7.421899796,0.271362782,5,26.4260006,5.744819641,-4.033685684,2,3.15061467704339
-685285,2383795,193.8115997,1342.836548,2,0.284500003,396.4126892,6.776549816,0.418157458,6,70.70500183,2.374588251,0.554175436,1,6.42021737127716
-905285,1203795,223.7297211,2458.672852,1,0.305099994,681.7355957,9.16740036,0.656833291,4,61.36999893,19.72594833,7.014199734,4,12.0351376248231
-1075285,2373795,189.2020569,2588.740723,4,0.322020203,474.6119385,1.951212049,0.45543623,5,55.21414185,12.98538017,-0.577454388,2,4.92131445665262
-1085285,2373795,170.8961487,2493.119873,4,0.320499986,470.6085815,2.385299921,0.454587251,5,56.36700058,13.42732334,2.799771309,2,7.35043395306971
-235285,1693795,155.6322937,573.9386597,2,0.170000002,674.8074951,13.2756815,0.570369244,7,27.85795403,0.993470192,0.101907074,3,6.09996296348429
-1095285,1673795,207.6134949,2081.235596,3,0.289999992,444.7000427,8.077758789,0.441502303,5,54.22528839,4.651622772,4.673933506,2,4.57952635836979
-45285,1883795,178.0710449,407.7598267,2,0.370000005,828.8195801,11.31439781,0.65921104,7,77.8337326,1.8156811,-0.747674167,3,8.48549984730036
-935285,2493795,202.304306,2566.60083,4,0.184646457,749.4740601,1.593636394,0.61903888,4,54.29798126,14.95478058,13.25467777,4,13.0874830071138
-935285,1373795,202.4553223,2208.56543,1,0.196938783,578.397583,8.970918655,0.535599828,4,54.88877487,7.497567177,6.585864067,4,6.88275505777901
-555285,1973795,113.8800507,1231.562622,2,0.234947369,447.2406921,9.695053101,0.451131105,7,54.39894867,0.948227108,-0.623839796,3,6.22183001732576
-1035285,1853795,185.2808075,2374.551758,3,0.266907215,520.2272949,7.268505096,0.625683725,4,58.90206146,8.793172836,-11.74365711,4,7.55765654055145
-635285,2013795,122.9060287,1404.015381,2,0.29463917,399.8548889,8.753298759,0.413117826,6,56.23917389,1.994033575,0.299296975,1,5.07129775888264
-185285,1563795,164.9907074,414.6341248,2,0.353369564,809.1932983,14.59913063,0.449849814,7,84.07065582,1.271191478,0.477106392,3,3.98110428523261
-1195285,2413795,213.9065552,2279.324951,5,0.153684214,1044.519897,2.605368376,0.708488524,4,62.97894669,12.29524422,2.10167551,4,13.3917954768332
-735285,1543795,197.1086578,2067.269287,2,0.407000005,444.6170044,9.121100426,0.342420369,6,70.8730011,4.904580593,1.725779772,1,7.22347233744772
-1005285,1513795,187.110672,2122.665283,4,0.286020398,307.840332,8.354387283,0.199423835,6,43.1622467,2.11464262,-1.726322055,1,4.50334967040134
-665285,1513795,149.421875,1695.271484,2,0.345699996,421.3670044,10.90715027,0.351410508,6,57.45399857,2.601773739,-0.469544858,1,4.20108867228511
-785285,1543795,159.5388794,2140.420166,3,0.150000006,469.2190857,8.65320015,0.493124366,4,34.09999847,11.84006596,7.509531975,4,4.16960186768955
-265285,1563795,163.8548126,525.2062378,2,0.31408602,667.6903687,14.01220417,0.499210864,6,55.53978348,2.202913761,0.855957627,1,4.54710445735923
-1105285,2223795,152.4909668,2067.945801,4,0.361326545,214.4774475,3.036377668,0.16969505,5,71.96326447,1.366854429,-1.233030915,2,4.87353385257435
-845285,1523795,224.0648804,2507.180908,3,0.312553197,451.87146,6.755638123,0.555189371,4,58.36170197,15.66007137,3.566934347,4,7.01167586204173
-845285,1373795,142.4446106,1878.970581,2,0.308800012,440.6452942,10.79920006,0.277571529,6,44.97900009,2.146201134,2.648257971,1,4.39540998015923
-825285,1733795,168.0340881,2392.713623,3,0.135656565,350.9524231,6.788333416,0.444739372,6,37.78686905,6.076100826,-0.109066851,1,6.09467981377645
-1075285,1053795,186.8388519,1223.515137,2,0.428499997,250.134491,16.84609985,0.146382123,5,62.84500122,0.94195056,-0.156252369,2,1.83736644318933
-295285,1663795,139.0852051,671.2504883,2,0.279268295,650.7619019,12.87713432,0.454840988,7,59.69755936,1.008828044,-0.529365778,3,3.93225543481509
-655285,1133795,155.4462433,1146.397339,2,0.186981127,433.9927673,15.25065994,0.373393774,7,39.94528198,1.082992196,-0.490611315,3,4.23914801159169
-895285,1293795,163.7433014,2100.995605,1,0.299600005,426.3725891,10.02569962,0.343740642,4,46.68799973,4.437342644,0.28825599,4,4.26645937238183
-885285,1783795,176.4703217,3570.973145,131,0.133894742,645.2380371,-1.868999958,0.316434056,3,44.22526169,23.8377552,40.17849731,,9.63462970008818
-445285,1853795,142.4485016,997.2344971,2,0.319999993,518.385437,10.71161461,0.430510283,7,87.8989563,1.179381371,0.510286748,3,8.18553939393021
-795285,1443795,138.8044434,2000.237549,2,0.370000005,471.3797913,9.374500275,0.303716034,6,62.20000076,2.322947025,0.845393181,1,6.59866264213956
-885285,1263795,191.1072235,1987.248047,2,0.283800006,396.0978088,10.57279968,0.299753457,6,58.51300049,3.607585907,1.125518084,1,3.20471078147423
-1135285,2433795,189.3520355,2676.425049,5,0.192978725,1081.52356,0.406595677,0.571037591,5,46.40638351,10.44511127,-0.243130922,2,8.95329068265308
-645285,2363795,194.0956879,1692.893188,1,0.248378381,570.1538696,5.002635002,0.58050102,4,62.87026978,8.57733345,0.762132525,4,8.37471065030544
-365285,1593795,154.0990753,760.2952271,2,0.320101023,547.8892212,13.2304039,0.400745511,6,66.94545746,1.414375901,0.664515197,1,4.89668253294344
-615285,1963795,176.3654633,1250.83728,2,0.248607591,409.4035645,9.713734627,0.543223023,7,41.86202621,1.004966259,-1.188591242,3,4.06232032433635
-625285,1843795,136.2402191,1590.336304,2,0.239999995,419.7236328,9.03118515,0.379549235,7,43.90000153,1.163475633,0.022860069,3,5.69352833986488
-765285,2133795,153.2400513,1844.980103,4,0.172244892,389.0235901,7.397857189,0.365189642,5,34.14081573,7.670758247,-6.284656048,2,5.89734053181507
-985285,1233795,152.545578,1450.278442,5,0.170000002,258.6001282,14.43449974,0.172675803,6,22.70000076,0.891745567,0.04452996,1,1.98194231964195
-745285,2313795,162.4435577,1443.675293,2,0.265454531,329.3126221,7.337171555,0.289209455,6,47.85454559,4.504668713,0.768984675,1,3.10650822523251
-895285,1753795,197.4037323,3022.261719,3,0.150000006,493.474884,2.331907272,0.638941228,4,48.70103073,15.52736759,-5.93273735,4,7.48662583673144
-915285,1953795,208.4864655,2657.052979,4,0.216421053,657.8667603,2.835052729,0.669907272,5,56.6042099,9.676605225,2.225923538,2,11.5216720678389
-745285,1613795,128.117981,1878.068848,2,0.253695667,399.5347595,10.26271725,0.358773857,6,73.20217133,5.25991106,-2.547470808,1,9.0645666956391
-955285,1623795,203.9962158,2452.093262,3,0.275000006,587.9259033,5.663802147,0.691535234,4,60.02812576,11.95966434,0.57413727,4,14.9566489820716
-1105285,2173795,194.7770081,2049.562012,4,0.317999989,215.2794952,4.484899998,0.190672889,5,34.37900162,1.50177002,0.326309264,2,2.50087690840684
-655285,1843795,138.8167725,1708.467163,2,0.309787244,415.9188843,8.757712364,0.41430065,6,61.04042435,2.008661509,0.35601005,1,4.53579949867545
-565285,1913795,132.4975128,1256.650146,2,0.233263165,437.112793,10.17831612,0.516384482,7,34.77789307,0.949146807,0.000968849,3,4.89001166056718
-105285,1733795,174.499588,424.4266968,2,0.312173903,847.0608521,12.85168457,0.607950985,6,79.59564972,1.849105597,0.688587785,1,9.91028561373834
-355285,1593795,174.1729126,750.3631592,2,0.284210533,565.6543579,13.0861578,0.435223013,6,63.38000107,1.920883775,0.195210993,1,3.41134555322679
-1125285,1113795,139.3271027,1489.140991,2,0.207499996,337.1523132,14.74810028,0.199927375,5,36.34799957,1.556981087,-0.058668546,2,1.80910396646722
-235285,1753795,167.567337,555.5963745,2,0.319999993,665.7454834,12.4430685,0.537963748,6,80.85227203,1.948886156,0.370444298,1,9.48007539984086
-735285,1333795,158.6430817,1542.623779,2,0.311326534,440.674408,13.45448971,0.273240894,6,56.17652893,2.180246353,4.009121895,1,2.80349616363577
-855285,2433795,123.2547302,1534.837646,2,0.312771082,371.0309143,7.035662651,0.477914542,5,51.06626511,4.352577686,-1.742442131,2,10.4071253724948
74715,1563795,147.0003967,260.1496582,133,0.363936156,1121.212524,14.12127686,0.699569821,7,82.07659912,1.212810993,-0.003029979,3,10.3664164868451
-765285,1293795,170.723175,1354.399658,2,0.279199988,374.4938049,14.21164989,0.266350836,6,25.77000046,1.196338296,-0.175834045,1,1.49842230252697
-1005285,1913795,158.2142334,2310.669922,3,0.231111109,520.6099243,5.973787785,0.58254838,4,45.87575912,19.06084251,6.023584843,4,8.50533351962399
-1075285,2033795,140.0970764,2065.870361,3,0.243838385,324.9822693,7.135757446,0.352446854,5,33.68989944,14.44421196,2.793409824,2,5.0845127232589
44715,1783795,175.7540283,295.892395,2,0.317261904,953.5023804,12.4811306,0.760393798,7,79.10356903,2.017140865,2.823508024,3,10.0703381567738
-775285,2023795,161.1704254,2022.088989,3,0.324623644,439.6083679,6.627043247,0.383837074,6,44.04085922,6.362163067,-0.268751085,1,7.85862764907905
54715,1773795,166.2468262,284.5464172,2,0.354137927,969.6100464,12.58304596,0.740065575,7,80.57126617,2.908856153,1.466616988,3,11.839331454808
-805285,1963795,172.5816498,2862.842773,3,0.065217391,629.557312,3.385815144,0.57759881,4,38.77934647,16.1271534,6.273091793,4,16.3838123681349
-1175285,2523795,165.1140747,2461.856445,5,0.193877548,1156.553467,0.940816402,0.523265719,5,58.19183731,13.92871284,1.956408381,2,7.28976458047294
34715,1853795,187.594574,339.5785217,2,0.362800002,933.0418701,12.09755039,0.739587903,7,78.74500275,1.886277437,-0.203367412,3,9.22944799453348
-835285,2293795,175.9499664,1645.57312,2,0.300612241,321.2532959,7.307193756,0.31179592,5,53.22959137,4.552769661,-2.354944944,2,4.48694520854519
94715,1623795,174.4850922,300.8513184,2,0.314042538,1136.031006,13.77446842,0.694784105,7,80.46489716,0.949231267,-0.151110306,3,10.3732144400475
-865285,2143795,181.594101,2152.378418,4,0.319999993,307.9478455,5.26231575,0.279545218,5,50.1684227,3.992982388,-0.053438641,2,4.29213011962451
-945285,1843795,167.6943359,3453.724609,131,0.131368428,1155.284302,-0.686105251,0.384223491,6,37.53894806,27.96988297,-14.69903851,1,10.3999600549476
-985285,1943795,182.7195129,2363.338867,3,0.272653073,542.1204224,5.344132423,0.65532285,4,53.00918198,12.79537487,0.640447319,4,7.06659552547566
-795285,1353795,138.7134247,1524.674072,2,0.333737373,388.4126282,13.5466671,0.26104933,6,48.27272797,2.491998911,1.163207412,1,4.14021544176101
-565285,1823795,137.4011841,1353.69397,2,0.302978724,455.6482544,10.29329777,0.401462734,7,72.03936005,1.358556747,0.325799346,3,5.0878590758114
-755285,2043795,131.5549469,2085.804443,2,0.150000006,416.4127502,6.429677486,0.402953267,6,39.90000153,3.192171574,0.86917752,1,6.33465178195282
84715,1763795,191.8441925,286.7149048,2,0.377575755,990.175415,12.81681824,0.732883573,7,79.63787842,1.958871722,0.120831288,3,10.2241882551696
-785285,2093795,196.4877319,2393.305908,4,0.226300001,386.9223022,4.388549805,0.377692223,5,35.28099823,5.225553513,3.042712212,2,5.4723861083576
-1125285,1603795,169.3932648,1544.918579,132,0.36153847,192.8390045,11.86692333,0.155477554,5,50.35165024,2.362394571,1.046385646,2,2.19030238465557
-5285,1733795,179.2102356,367.8946228,2,0.430000007,929.1826172,12.51931572,0.72401911,6,82.19999695,1.681255698,-0.051460631,1,11.2758241135806
-805285,1613795,180.6340942,3412.700195,4,0.158947363,852.3916626,0.472789526,0.561472833,4,41.9526329,24.24436569,1.448467374,4,11.8616152285211
-525285,1953795,152.6040955,1137.731201,2,0.160505056,462.7415161,10.04868698,0.510386407,6,12.39393902,2.132375002,0.419201732,1,3.53394404272525
-125285,1703795,166.8694305,474.5341797,2,0.370000005,829.7069702,13.07566643,0.497745335,7,82,1.1806283,-0.133369356,3,6.37880679340419
-1185285,1293795,151.2887726,2495.332031,1,0.184699997,582.7050781,6.83409977,0.506535649,4,34.0890007,9.622335434,8.409276962,4,10.0646875499548
-695285,1713795,173.462326,1387.10437,2,0.165934071,290.6203308,11.34543991,0.285190701,6,30.22857094,1.600796819,0.714719117,1,2.2472784230235
-415285,1823795,150.7785492,935.5449219,2,0.319999993,514.1939697,10.95381451,0.502524197,7,88.46392059,0.998642564,0.367307007,3,7.5271551124155
-1015285,2333795,144.2145081,1709.800903,4,0.31697917,233.811554,6.496822834,0.186397314,6,39.08437347,2.147837877,-0.056484334,1,2.69728206903745
-1065285,2363795,208.8959045,2667.212402,4,0.199599996,479.5563049,1.822149992,0.386476874,5,59.47200012,13.14055061,5.874077797,2,5.91112408821451
-1135285,2373795,186.5246582,2577.029053,4,0.370000005,750.3479614,0.773263037,0.573608637,5,47.09999847,14.79898453,-4.022220135,2,11.3466718731366
-85285,1583795,193.2606049,371.0424805,2,0.353146076,915.5177612,14.27162933,0.644559145,6,83.44381714,1.614709973,0.252669632,1,8.14206454146678
-285285,1743795,141.558075,617.703064,2,0.319999993,606.8742065,12.42069149,0.453216642,7,81.60319519,1.475538731,-0.607817531,3,6.71119546483607
-945285,1353795,213.5565796,2171.191162,3,0.151818186,547.8637695,8.710303307,0.524398744,5,41.30101013,15.5646677,8.794694901,2,5.1365160856928
-945285,1673795,156.5342255,3286.459229,4,0.056249999,1074.554077,0.609166682,0.63202697,4,49.3125,17.61890984,18.5954628,4,21.0450042066899
-645285,1553795,150.5957794,1614.50293,2,0.25,416.7240906,11.01815033,0.35024491,6,47.93199921,2.083029509,1.80710113,1,3.00352710988893
-315285,1793795,172.534729,688.8616333,2,0.305000007,579.6673584,11.71682262,0.50864464,6,74.17708588,2.245163679,-0.883732677,1,7.94930789768953
-995285,1383795,155.8234253,1644.701904,3,0.275656551,242.8936462,12.54813099,0.165404722,6,32.29090881,2.256547213,0.242575884,1,1.85910036427513
-485285,1563795,142.8655701,1001.285645,2,0.195238099,462.2263794,12.98535728,0.544672012,7,29.74523735,0.979848981,0.505437911,3,4.2343535121004
-735285,1073795,181.575592,1015.846008,2,0.162599996,342.2543945,17.20434952,0.253076941,5,17.09199905,1.642276764,-1.72431469,2,1.70219341691384
-875285,1413795,192.971817,2143.682861,3,0.1778,417.4628906,9.417849541,0.34344545,6,42.58100128,4.81849575,-0.631351948,1,3.0584994230226
-825285,2383795,156.0028534,1397.748535,2,0.319999993,340.7712097,7.237649918,0.286109895,6,56.68799973,3.538572073,-1.086538672,1,5.31343805794595
-705285,2223795,191.4859772,1655.193726,2,0.144848481,401.0633545,7.01343441,0.397427648,6,35.9030304,3.236644983,0.060171455,1,5.71228848317886
-855285,2463795,140.898407,1275.164551,2,0.328947365,472.3121643,6.921789646,0.506717205,5,55.57473755,8.125435829,-0.383460432,2,11.690420020828
-1095285,1283795,155.3993988,2152.237793,5,0.172099993,329.3742981,9.026000023,0.203960285,6,14.65400028,1.276157141,-0.674150169,1,3.13355671915768
-745285,1823795,177.7469635,2224.419189,2,0.100000001,532.8913574,6.996881485,0.492245644,6,41.20000076,3.94675231,2.015228271,1,8.13751017198452
-1085285,2313795,173.4639282,3197.260254,5,0.050000001,728.4264526,-0.981473684,0.364500374,4,57.09999847,17.24124718,26.26515961,4,15.8651786854777
-1025285,1833795,171.8416901,2318.42627,3,0.197938144,467.1688232,7.332835197,0.575019419,4,60.54226685,9.982102394,-7.091430664,4,6.74715723179706
-5285,1703795,153.8755035,345.1752625,133,0.350105256,948.1896973,12.83315754,0.686776221,7,85.45894623,1.209387541,-0.141753867,3,10.2421134009504
-1225285,1063795,135.67099,1278.200928,3,0.100000001,308.0234375,16.49077797,0.189823687,6,59.59999847,1.156537414,-1.945119262,1,1.98939511041582
-1065285,2293795,160.3455048,2851.826904,5,0.050000001,636.3356323,0.926530659,0.48795861,4,57.09999847,15.01576805,7.7799263,4,12.4993155371849
-395285,1593795,139.9531555,834.2495117,2,0.360104173,539.074707,12.96484375,0.528386831,7,76.98020935,0.975894451,-0.585613132,3,6.73271602907684
-795285,2263795,174.4058228,1701.543945,2,0.319999993,293.5472107,7.015799999,0.277295083,6,43.06000137,3.315718889,1.079041123,1,3.42279224134231
-955285,1973795,173.4880981,2445.937256,3,0.252799988,643.3771362,4.69934988,0.741814971,4,58.65599823,10.4044342,0.08235769,4,11.5025286327594
-1025285,1513795,226.3648682,2111.353271,4,0.247474745,281.5922241,8.680757523,0.186063007,5,35.79191971,2.390940905,-0.325446993,2,3.08332570130624
-755285,2313795,163.6318817,1457.732788,2,0.317600012,333.1910095,7.386000156,0.281871498,6,46.10200119,2.624876738,-1.177818179,1,3.3895606116696
-1055285,1293795,204.0163879,2181.472412,5,0.202000007,340.5130005,9.057649612,0.235885605,6,18.43199921,2.310443401,0.160515264,1,3.03101458509328
-905285,1753795,175.1113129,2949.592773,3,0.155154645,455.8503418,3.05845356,0.580833554,4,43.69381332,14.68157291,-2.480026245,4,6.74188338404133
-975285,1343795,199.108017,1489.378296,5,0.232253522,242.5686951,13.34556293,0.292524785,5,32.62676239,1.379808068,-1.968442082,2,1.75836836008462
-1125285,1373795,181.0910187,2243.620361,3,0.232929289,379.5051575,8.391060829,0.257362723,5,44.19898987,1.581102729,-0.874807358,2,3.19582184314708
-755285,2213795,168.1746826,1564.489868,2,0.351999998,363.2991943,7.418849945,0.349443167,6,55.87400055,3.683320761,1.460032344,1,6.07047974708162
-795285,2073795,206.7278595,2211.661865,4,0.293125004,307.6524353,5.067109585,0.361234426,5,38.72343826,1.52120316,-1.226320148,2,5.08350685671261
-965285,2503795,149.5662842,1211.365356,4,0.340588242,179.1314087,7.57447052,0.181486636,6,59.5611763,7.096194744,2.13299942,1,3.94920535507215
-685285,1043795,155.9454803,1030.224243,2,0.170000002,325.3905945,16.75819969,0.271743029,5,12.56400013,1.029211283,-0.266062647,2,1.58071820317073
-945285,1233795,148.1598511,1832.514648,3,0.107699998,413.1947937,12.55449963,0.291316777,5,49.79499817,8.817386627,-1.043769836,2,3.72026721555163
-675285,1353795,167.6904297,1317.665405,2,0.34830001,454.4743958,13.9449501,0.296937317,6,51.94400024,2.596360207,-0.938383222,1,2.97637556619762
-875285,2223795,148.4068298,1801.845093,4,0.27761364,260.0231934,7.31011343,0.228556171,5,51.71022797,6.702591896,1.046144247,2,2.88635359150634
-905285,1823795,187.0531769,3452.169434,131,0.118709676,752.6386108,-1.881935477,0.424662471,6,41.76236725,22.53022957,9.379897118,1,10.9731330836416
-1175285,2263795,141.4398499,2561.632568,4,0.169247314,672.7653198,1.544623613,0.540851593,5,48.11720276,10.28141022,7.602482796,2,10.1845383537267
-865285,1923795,169.6154633,2725.675049,3,0.186494842,485.8044739,2.462577343,0.624424219,5,46.55773163,14.43468571,7.514647484,2,10.3745471730798
-55285,1753795,179.9658966,436.4000854,2,0.33382979,884.0839844,12.23425579,0.662706196,6,83.45532227,1.557323456,-0.063165002,1,10.4342195682965
-695285,2333795,169.2785797,1300.380493,2,0.307878792,323.0090027,7.574848652,0.349836349,6,40.43939209,2.1634655,-0.922350168,1,3.93805925974541
-825285,1233795,167.6450043,1484.032104,2,0.370000005,346.8352966,14.19719982,0.220163032,6,59.5,2.932372093,0.743283749,1,2.48080001994085
-875285,1293795,155.9395905,2000.670044,2,0.293599993,427.9713135,10.55525017,0.313058257,5,49.9980011,3.010357141,0.999525189,2,3.93450508328695
-175285,1763795,153.3065033,476.1192627,2,0.319999993,755.6216431,12.67394733,0.574131787,6,71.60631561,2.643972635,1.633133888,1,9.62737417421757
-735285,1743795,179.5660858,1554.442627,2,0.296969712,349.5530396,10.87863636,0.223143905,6,71.80808258,2.153286219,1.574033618,1,6.62441665586657
-1045285,2313795,122.0612335,1811.748413,4,0.329574466,267.2986145,6.392127514,0.254386991,5,50.21489334,3.609965563,2.341110229,2,3.46583451897396
-895285,2323795,158.0047607,2317.332764,4,0.273699999,513.3618774,3.420150042,0.379211426,6,57.3219986,9.412520409,3.938224554,1,6.74088147491061
-535285,1673795,155.3083649,1082.448975,2,0.231546387,426.7873535,11.93979359,0.368390322,7,46.68453598,1.142202497,-0.529740036,3,3.97045796378083
-1025285,2323795,138.7152557,1717.691895,4,0.323617011,236.2280731,6.446595669,0.234692812,6,41.9148941,2.593834639,0.613928318,1,2.99867682720655
-675285,2463795,181.0353394,1170.179443,2,0.296326518,435.3383789,6.923877716,0.532656968,5,57.99795914,3.655851126,0.860874653,2,7.19595781554016
-665285,1303795,142.4529266,1366.514404,2,0.286315799,444.601532,13.93805218,0.305012822,7,56.62105179,1.258449316,-0.626396179,3,3.36363002714618
-185285,1663795,152.7009125,497.0933838,2,0.206086963,763.7822266,13.32717419,0.489227504,7,43.53478241,1.007456899,0.097711779,3,4.33498094607562
-575285,1713795,160.6103363,1190.883179,2,0.338823527,383.401001,11.48664665,0.355982542,6,77.05294037,1.299599767,0.94482094,1,4.97589373442952
-745285,2393795,164.1459045,1399.508057,2,0.325208336,415.70578,7.039114475,0.411680967,6,40.77083206,2.574029446,0.572528243,1,7.1993493296168
-1065285,2393795,182.5977631,3270.182617,5,0.109399997,749.4484253,-2.232150078,0.269258976,5,40.52799988,24.664711,3.554941893,2,9.68969818441905
-375285,1583795,142.9903717,760.3631592,2,0.340999991,552.8707886,13.45664978,0.372445792,6,69.60600281,1.447000027,1.329397917,1,6.85632380918124
-885285,1143795,171.4106445,2310.95166,1,0.261212111,626.4458618,8.928131104,0.579401731,4,59.97373581,12.22064018,1.400769711,4,7.73598175883469
-945285,1523795,168.7879181,2283.149658,3,0.287959188,460.2681885,8.585152626,0.437707603,4,57.21734619,14.59696674,10.28363037,4,4.46154670726353
-1035285,1813795,192.0231934,1598.899414,3,0.242207795,217.9270935,10.64707756,0.375290036,5,74.91947937,2.206110716,-0.711566865,2,4.98199668937828
-1085285,1423795,130.0991669,2275.47168,3,0.204895839,324.7177429,8.367395401,0.342629135,4,51.21354294,6.353962898,3.606719494,4,4.82028210999901
-315285,1863795,174.5358582,685.8858032,2,0.319999993,575.2541504,11.13231945,0.51531899,6,88.18865967,2.526906013,1.612082601,1,7.90231858763962
44715,1733795,183.3388519,309.7342834,2,0.326836735,960.5840454,12.70872402,0.72113502,6,80.93265533,1.859941244,0.001515194,1,9.48524986214325
-765285,1663795,158.2054138,1856.967529,2,0.341938764,432.3351135,10.43346977,0.291808277,6,66.68265533,2.502116442,0.25062713,1,3.74757721943295
44715,1643795,179.4801331,294.9359131,2,0.366170228,1075.964233,13.64712811,0.697793663,7,82.88085175,1.34362483,-0.52923584,3,11.1426125197789
-795285,2313795,176.33461,1628.21582,2,0.319999993,356.1556091,6.487010479,0.360061675,6,38.87113571,3.023918629,-0.341104627,1,5.71226274237371
-535285,1663795,141.6005859,1116.658081,2,0.280306131,426.051239,11.98770428,0.334858775,7,57.75918198,1.158368587,-0.256276041,3,3.81860733001307
-905285,1503795,174.1529999,1863.507813,3,0.221208796,291.0828552,10.27846146,0.225348741,5,47.69340515,5.656932831,0.315769851,2,2.10479981270894
74715,1733795,175.4727783,292.0386658,2,0.376666665,996.880127,12.91072178,0.708056092,7,82.49222565,1.620404005,-0.427015454,3,11.5137719095123
-615285,1673795,165.2704926,1249.79895,2,0.370000005,351.1321106,11.97124958,0.286546975,6,65.86599731,2.014103651,-0.843001723,1,4.6403927492796
-955285,2403795,140.6264954,1284.291016,4,0.370000005,215.0566254,7.493112087,0.219016209,5,48.23265457,2.515102148,1.898449063,2,2.55635355491993
-925285,1383795,142.4781647,2119.050537,2,0.207674414,494.400177,9.73866272,0.374739528,4,50.60581207,4.952606678,3.055880785,4,5.46024055881569
-1175285,2253795,140.9011078,2598.257324,4,0.170309275,682.1540527,1.617628932,0.534549117,5,47.27319717,13.02073383,2.591306925,2,9.82417522602679
-535285,1743795,146.8488922,1240.226318,2,0.319999993,414.4659424,10.87132645,0.321192265,7,81.09999847,1.102909565,0.063614838,3,4.33972032207886
-235285,1673795,149.5710907,577.8787842,2,0.184838712,666.2884521,13.38000011,0.591250896,7,34.03010941,0.975933731,0.405455023,3,5.65552831617262
-1015285,1953795,179.0976105,2026.77063,3,0.275918365,431.5749207,6.807499886,0.490512341,4,59.72245026,8.92043972,-1.375840783,4,6.03107966803806
-1035285,1963795,191.6535797,1895.467773,3,0.227200001,357.8251953,7.255350113,0.32870844,4,48.72600174,10.50685883,0.205245778,4,3.95204734379324
-785285,1093795,142.4665985,1033.46582,2,0.352183908,336.0870361,16.16494179,0.239935279,5,64.7505722,1.228465676,0.404878736,2,3.78263346836748
-905285,1923795,182.1117706,2427.61084,3,0.173367351,353.2239075,4.796938896,0.438573062,5,49.96632767,12.78445721,0.11764694,2,5.16256137420712
-1065285,1033795,174.7985077,1256.94165,5,0.149189189,252.8014221,16.84952736,0.168229401,5,30.2513504,1.88695097,-0.498473436,2,1.33634487906168
-195285,1803795,142.2425232,470.4271545,2,0.319999993,708.3682861,12.16969109,0.500754118,7,80.80721283,1.563145995,-0.086696327,3,7.81434127983997
-545285,1603795,143.3110352,1174.906982,2,0.306199998,434.5755005,12.24925041,0.430893213,7,62.57300186,0.899481833,0.164111122,3,3.3249796450504
-525285,1863795,164.0968475,1155.148193,2,0.345348835,472.3395691,10.38587189,0.461100429,6,72.30116272,2.397753,1.968997598,1,5.78191971730896
-1095285,2493795,175.8290558,2777.048584,5,0.052000001,893.3528442,-0.188950032,0.398182869,4,33.67599869,19.85623169,-1.136923075,4,13.8133704020728
-1205285,1093795,153.7012482,1286.528687,2,0.413199991,287.1347046,15.99744987,0.178082153,5,60.90800095,1.021984458,-1.06100738,2,1.64201575326299
-805285,1443795,180.3220062,2045.619385,2,0.393400013,472.0187988,9.2333498,0.313680321,6,65.98300171,2.327100277,0.14522782,1,4.21278584738666
-985285,1673795,163.8805847,3151.933594,3,0.199175254,795.5636597,1.727886677,0.625425041,4,43.6216507,21.64554977,6.300561905,4,14.4672478399835
-715285,1443795,182.8221893,1647.366943,2,0.219600007,416.3092957,11.57750034,0.318463326,6,52.40100098,2.736963272,-0.23743844,1,2.61725601011935
-465285,1613795,149.5045013,928.6728516,2,0.272000015,451.5509033,12.70536804,0.419750243,7,64.86210632,1.23170042,-0.266714871,3,4.34880013828278
-975285,1873795,149.7957611,2782.046387,4,0.280000001,814.0435791,3.691950083,0.781474531,4,62.86199951,11.6151619,-6.018841743,4,8.90112214675657
-915285,1163795,238.5304718,1883.409912,3,0.247099996,515.9833984,12.54249954,0.333570719,4,49.58399963,9.009944916,-4.483697414,4,3.53927377012043
-1035285,1303795,187.5936279,2161.525879,3,0.1866,374.6138916,10.33985043,0.250809193,5,37.2120018,4.539829254,3.976024866,2,2.3594521343901
-965285,1163795,143.6671295,1206.222534,2,0.423400015,246.7478943,16.39744949,0.142622858,6,54.97000122,0.82855165,0.251484424,1,1.51403655039613
-735285,2123795,165.0513306,1676.878174,2,0.325670093,404.7478638,7.924845219,0.394181728,6,33.25257874,3.605551243,0.072432086,1,6.85132023680369
-935285,1453795,157.7848053,2031.286133,3,0.128080815,432.5441589,10.39050484,0.383568376,5,52.8767662,10.66277599,-1.281781673,2,3.81203551718886
-765285,2203795,175.401886,1757.470825,2,0.176170215,421.0795288,7.013829708,0.451575041,5,38.65106201,6.177435875,1.495708823,2,6.07093720470059
-825285,1583795,210.5442963,3163.844482,3,0.178399995,660.8394165,2.13470006,0.532700539,4,42.87900162,16.20770073,18.0946331,4,11.5422331330878
-675285,1923795,161.4837952,1436.766113,2,0.217872337,373.297821,9.577446938,0.412007004,6,40.24361801,1.018586755,0.451654166,1,2.78329567401649
-225285,1663795,137.5796661,564.3309326,2,0.350851059,684.5776367,13.38728714,0.467205226,7,65.48403931,1.255467296,-0.322902799,3,5.75361157151584
-1035285,2383795,165.396698,2420.225098,3,0.104400001,488.4710999,3.26425004,0.522920132,4,57.74399948,14.81903172,1.526424527,4,7.31633036490229
4715,1703795,174.2158661,341.2200623,2,0.399263144,958.4038696,12.78294754,0.686731696,6,82.63262939,1.189665079,-0.127292991,1,11.2494215439191
-825285,2393795,169.5456696,1390.049316,2,0.319999993,343.5657959,7.262149811,0.294464231,6,57.29999924,3.417273521,1.79611218,1,6.93341869591112
-1175285,1213795,197.4674377,2325.280273,1,0.217500001,732.9204102,9.064100266,0.626712024,4,48.55599976,27.3319664,2.586374998,4,11.5566939702403
-1135285,2183795,162.6179047,1934.883911,4,0.310329676,199.3864899,4.464450359,0.158102244,5,41.41648483,1.037531376,0.084439352,2,2.28161100390989
-605285,1823795,148.8359985,1516.563232,2,0.311515152,424.990509,9.48767662,0.39270851,6,61.94848633,1.754969358,-1.002576113,1,5.52691351469689
-1105285,2313795,192.5793304,3206.051758,5,0.050520834,948.0155029,-0.827083409,0.261725932,5,56.85625076,16.149086,12.76728821,2,13.2176799246962
-975285,2453795,119.1945877,1331.391357,133,0.342826098,205.1320648,7.308097839,0.29957813,7,55.40000153,1.935778499,2.924810648,3,4.6806942585721
-795285,2243795,170.8732605,1631.202026,2,0.319999993,324.3010559,7.895170689,0.339439869,6,41.86136246,3.190012217,-0.991787732,1,3.57284169188695
-1025285,1283795,197.3762665,2276.890625,3,0.147346944,395.1230774,10.33295918,0.391836673,4,38.72449112,14.98867321,7.663034916,4,5.3831335169079
-1095285,1273795,158.1496735,2137.32251,3,0.170900002,333.5450134,9.169199944,0.211277291,6,25.15800095,2.023884773,-1.519333959,1,2.92885520675706
-755285,1893795,195.197998,1632.119751,2,0.230000004,402.5815125,10.44250011,0.296482742,6,48.97499847,2.197424889,-1.207000017,1,2.41400732207523
-815285,2173795,186.2969666,2143.273926,4,0.307999998,317.9927979,4.32765007,0.256294727,5,45.52500153,1.715651274,-1.360059261,2,3.54805712607336
-1015285,1673795,194.9286499,3425.783203,4,0.050000001,1041.522705,0.078762747,0.499593675,4,19.04536057,19.09286499,10.49251652,4,16.2255494286299
-1085285,1703795,185.2106628,2480.614746,3,0.246000007,602.2053223,5.857850075,0.626783669,4,62.50500107,11.2287941,2.240461111,4,9.33603360195034
-725285,1813795,158.7032776,2093.795898,2,0.132421046,493.1105652,7.680420876,0.422886938,6,36.56842041,3.296839476,3.205544472,1,6.4760017260906
-835285,1913795,185.1216888,3257.422363,4,0.07808511,728.8526001,0.902659535,0.626240432,4,37.64468002,19.83123779,-15.86285114,4,21.7301078409968
-1065285,1603795,189.640686,1804.959839,4,0.430000007,299.9890137,10.12320042,0.193614915,5,55.40000153,3.437402725,0.985839427,2,2.8049449315021
-185285,1573795,145.5649261,421.2504272,2,0.290312499,806.6115112,14.47442722,0.44973442,7,70.18437195,1.045964122,-0.163562626,3,3.77315562932985
-345285,1833795,162.3248901,761.8638306,2,0.319999993,559.5903931,11.44361687,0.5049389,7,85.20212555,1.475682378,0.392995864,3,4.33964860835655
-985285,2123795,174.3869934,2064.161133,4,0.325100005,192.8101044,5.439949989,0.171211675,5,54.89199829,1.444592953,0.254632533,2,2.42960307007106
-1195285,1173795,172.7406158,1759.298096,3,0.150000006,458.916687,13.0340004,0.292391688,5,59.59999847,9.435817719,-4.188965797,2,4.06838504789384
-705285,1083795,182.1652832,1131.271606,2,0.170000002,373.617981,16.03707123,0.279114962,5,11.16363621,0.947496057,-0.825213313,2,2.20066213898091
-535285,1903795,155.5467224,1173.673462,2,0.320526302,460.8354187,10.46236801,0.457727075,7,73.68947601,1.591489911,0.000703781,3,4.54032718742493
-225285,1883795,162.0473785,598.574707,2,0.319999993,661.524292,11.03677464,0.583163798,6,87.42795563,2.069401264,-0.536091745,1,12.8109110103743
-885285,2473795,120.1058197,1600.356567,1,0.300795466,505.8341064,5.962613583,0.593687534,4,62.83750153,11.58975506,-4.907426357,4,10.1708357506592
-705285,1263795,165.3479156,1338.160645,2,0.294,414.5076904,14.11435032,0.29940331,6,37.0530014,1.940179348,0.37144956,1,3.16312952989836
-135285,1753795,169.2944031,387.7676086,2,0.334210515,808.2227173,12.92728043,0.532044172,7,81.26667023,1.951220155,0.402826816,3,7.91102338734851
-555285,1923795,144.295517,1213.99939,2,0.180103093,440.3513794,10.23747444,0.56778425,7,16.41855621,1.029287696,0.008704294,3,4.71591701555824
-1045285,1223795,138.3395844,1963.032349,1,0.297100008,376.302002,11.89904976,0.280409217,5,49.68700027,12.13111591,5.044138908,2,3.94106861231633
-1065285,2523795,185.4763794,2947.003906,5,0.050000001,1046.51001,-1.85147059,0.295517713,5,37.63529587,12.50465488,16.23618126,2,10.3428270751007
-545285,1823795,146.7864838,1294.149292,2,0.326105267,437.460144,10.42657852,0.434862614,7,78.8126297,0.981063545,0.501318455,3,5.10160802187557
-1085285,1713795,193.468338,2418.789551,3,0.29370001,507.9501953,6.755149841,0.529741287,4,67.91799927,11.97645855,-9.887338638,4,6.65307577306679
-85285,1643795,177.9248657,413.8948975,2,0.354222208,891.8017578,13.45305538,0.659790158,6,83.05110931,1.440579891,0.071669057,1,8.84946640457285
-745285,1023795,179.3790588,910.3170166,2,0.168965518,308.3626099,17.87913704,0.216672108,5,33.04137802,1.7821697,-0.694851518,2,1.4559441840984
-675285,1543795,145.625061,1822.547363,2,0.286666662,426.6931458,10.38414097,0.356491625,6,48.77272797,2.355656862,-0.753819346,1,4.37241723825011
-765285,1703795,171.0747223,1745.587646,2,0.319099993,391.8992004,10.39700031,0.348660856,6,67.1190033,4.269618511,0.1031323,1,4.81140335565572
74715,1783795,163.6070709,287.1873474,2,0.335632175,977.2190552,12.66741371,0.75963223,7,81.79540253,3.110714436,-1.356518149,3,11.0062618991259
-285285,1773795,167.2558594,650.848999,2,0.345257729,596.9615479,11.9723196,0.465771079,6,72.97628784,1.660513401,1.115060091,1,6.79895599579898
-1175285,1153795,193.9348755,1518.164551,3,0.367799997,380.5429993,14.21695042,0.273848832,5,64.01899719,12.6157856,0.264378637,2,2.85069276173476
-635285,2443795,120.0437393,1030.411255,2,0.30399999,443.3832397,7.694250107,0.500123858,5,64.46499634,2.721333742,-5.881767273,2,8.37427332455376
-1155285,1523795,224.2199707,2387.484375,1,0.277979791,401.0242615,7.86520195,0.37372306,4,21.32424164,6.055800438,-2.262473583,4,5.04839635516833
-635285,1393795,163.6348877,1146.25415,2,0.246923074,433.7529907,13.79699993,0.292871505,5,36.95384598,2.596901655,1.033146381,2,1.93738589923507
-975285,1843795,184.3221893,2434.38501,3,0.240421057,513.0430908,5.773894787,0.710327804,4,62.6894722,10.35822105,-7.011289597,4,9.90174580757958
-635285,2003795,135.9280853,1361.664551,2,0.281979173,395.3582764,9.016458511,0.396262258,6,54.53541565,1.459205985,0.22729817,1,3.88580477553991
-1075285,1403795,104.2959061,2160.00415,3,0.215353534,312.3223267,9.319646835,0.329833329,4,50.96161652,6.067395687,-3.11160183,4,4.43724952726738
-1105285,1633795,173.4340515,1881.518433,3,0.232857138,332.5316467,10.27530575,0.251256883,5,55.44693756,12.60336494,8.420455933,2,2.28470011856796
-665285,1313795,142.1795197,1385.371948,2,0.304489791,446.5942078,13.80362225,0.329760432,7,60.90000153,1.350935102,-0.1905839,3,4.61146748185882
-735285,1893795,157.2279968,1684.416016,2,0.266947359,435.4252014,9.972789764,0.314884752,7,54.79684067,1.486050487,0.216661051,3,3.21681140222731
-885285,1823795,166.0995178,3350.259521,4,0.132708326,580.6549072,-0.522656202,0.517892122,4,37.63854218,22.07608032,23.43129539,4,11.7666799227995
-165285,1843795,147.3478088,453.7799072,2,0.319999993,722.8548584,11.85369778,0.515340686,7,80.8833313,1.847921014,-0.040025353,3,8.25805676513888
-835285,1353795,157.7934875,1760.623901,2,0.307900012,389.1286011,11.78695011,0.28093493,5,47.45800018,3.292275429,-2.001047373,2,3.25517372417312
74715,1773795,157.1861725,266.5212708,2,0.283372104,978.0778809,12.94098854,0.735680759,7,71.34185791,1.927452564,0.467315227,3,9.2044638135092
-545285,1703795,157.3899689,1133.253906,2,0.370000005,406.8082581,11.53052616,0.289130867,6,82.30000305,0.922097266,-0.642732441,1,5.14531877226015
-1025285,2163795,138.3115387,2033.801758,4,0.344500005,188.5895996,5.395699978,0.158214778,5,56.84199905,1.148609281,-0.324609131,2,2.9864043739284
-1135285,1513795,110.784668,2199.453125,1,0.104999997,357.7000427,8.84414959,0.317252547,4,32.25799942,6.59551096,0.211392373,4,4.09390611671586
-905285,1243795,216.9824677,1729.752808,2,0.371212125,376.9769897,12.80934334,0.216526642,6,62.47878647,1.988911867,-2.668085098,1,3.2432340895344
-335285,1893795,188.8956604,730.2998657,2,0.319999993,587.9984131,10.83355808,0.523207545,6,86.40769196,2.541433811,0.15473555,1,7.64734651825392
-995285,1203795,178.2612915,1540.110962,3,0.243100002,271.8876038,14.32999992,0.170785397,5,44.58399963,1.370783567,-0.479057759,2,1.72298804066144
-815285,1883795,145.0052338,3350.891602,4,0.067708336,719.6643677,-0.257447839,0.55014497,4,37.05833435,19.03298187,6.359692097,4,16.0845544520229
-785285,1813795,165.557312,2695.899658,3,0.150000006,544.4755859,4.76838541,0.582101941,4,33.33229065,6.061695576,4.870435715,4,7.99019657382218
-675285,1233795,168.1482849,1311.828125,2,0.312000006,429.8572083,14.2168951,0.289589465,6,57.77999878,1.121485233,-0.109318309,1,2.42455554957611
-1035285,2263795,147.4915924,2008.527466,4,0.295252532,450.5395203,5.394191742,0.437557071,5,57.79393768,11.74878788,-0.081010111,2,9.17385438657956
-125285,1673795,175.4474792,444.9570923,2,0.370000005,820.7279053,13.35204315,0.526600182,7,82,0.961186349,0.029897794,3,6.60151032483593
-915285,1113795,210.1591034,1845.494263,3,0.193000004,485.0736084,13.64120007,0.299834251,5,40.63199997,14.37323666,-2.168693304,2,3.98859173015248
-1165285,1113795,170.7340393,1725.686768,3,0.223299995,407.4318848,12.7472496,0.246331766,5,56.66699982,5.683146,6.142730236,2,1.99920652518689
-495285,1633795,120.9892654,990.5099487,2,0.319999993,424.0830078,12.63947392,0.517027199,7,75.5,0.66794765,0.219966114,3,5.80348808053577
-145285,1763795,151.4514618,391.007019,2,0.349999994,796.1403198,12.83938885,0.520411372,6,80.62000275,1.381893992,0.056696344,1,8.29099908126284
-725285,2213795,189.3379669,1484.625366,2,0.302365601,364.4150085,7.800913811,0.340062886,6,36.95376205,2.852895021,-0.937786698,1,4.65977681319986
-445285,1763795,160.7963867,944.7682495,2,0.319999993,487.1195984,11.54642868,0.40415135,6,81.50816345,2.009872913,-0.408901751,1,5.12729084526882
-535285,1973795,147.4121857,1164.256958,2,0.319999993,465.0525513,9.915103912,0.398264199,7,63.29999924,0.867829382,-0.073475003,3,4.986453785196
-855285,2413795,113.8470764,1709.991821,1,0.295757562,376.3385925,6.602070808,0.434779257,4,54.41616058,9.057265282,0.747653067,4,8.04045763818513
-1185285,2243795,193.3739014,2604.852539,5,0.078500003,685.2525024,1.597550035,0.560690641,4,50.21699905,12.20861435,1.167877316,4,15.3865791550144
-155285,1803795,143.7601471,412.8850708,2,0.330555558,755.914978,12.48355579,0.569554746,6,82.00666809,1.946911931,0.68051672,1,8.73212474827693
-295285,1793795,170.6552887,644.7351685,2,0.319999993,600.6009521,11.74096584,0.497978032,6,76.7556839,2.357522249,-0.377087384,1,8.48558399005206
-1125285,1423795,194.7835999,2218.93335,1,0.239999995,400.7304993,8.283599854,0.405747682,4,40.62400055,6.031358242,-1.358550549,4,4.56823276801043
-975285,1123795,103.0708618,1325.29541,133,0.198799998,306.6546936,16.09399986,0.216316208,5,41.24499893,5.141809464,-12.40344906,2,3.00268396522328
-1155285,1023795,114.5449905,1378.231079,2,0.273571432,293.5712585,15.90086746,0.194695666,5,41.86122513,3.062991381,-4.201569557,2,2.46751549986092
-945285,1253795,242.2750244,1815.050171,3,0.213333338,340.6264648,12.37777805,0.216873482,5,45.66363525,3.499431133,0.169216067,2,2.02191989641375
-345285,1673795,134.5369873,751.5733643,2,0.302857131,577.4544067,12.70653057,0.44334048,7,76.87754822,1.83579731,-0.306608826,3,7.01361499142739
-555285,1913795,138.3468628,1222.253662,2,0.162499994,442.6954651,10.25822926,0.541799366,6,12.47500038,1.217239976,-0.084335521,1,3.64219557060069
-285285,1893795,153.9477997,650.9108276,2,0.319999993,608.9450073,10.98700047,0.562835813,6,83.40000153,1.891009092,-2.640431404,1,11.1434832972101
-1045285,2043795,153.0391083,2025.604614,4,0.319999993,329.6845093,6.869649887,0.195400074,5,36.40000153,3.969206095,-3.501518726,2,3.3903048184146
-795285,2483795,171.5449677,1191.349365,2,0.319999993,391.882019,7.655561924,0.368286937,5,62.75730515,6.117369652,0.052005246,2,10.9012673345514
-905285,1683795,163.447464,2558.058838,3,0.101020411,334.0452271,4.286224365,0.254978448,5,58.03061295,5.687121868,-0.606557608,2,5.62282537106816
-1085285,2133795,146.2571259,2056.719238,4,0.319999993,241.1390686,6.070309162,0.178904727,5,36.40000153,4.030728817,1.922483087,2,2.62279732492407
-65285,1633795,153.5350952,428.4878235,2,0.403666675,910.4177856,13.32855511,0.68175894,6,81.79888916,1.415045977,-0.049959127,1,11.7027180252451
-935285,1483795,171.6752014,2810.039307,3,0.30399999,705.6907959,4.701650143,0.614467978,4,47.49399948,10.59823227,-0.967126787,4,10.3008223626968
-855285,2373795,135.6362762,1590.823608,2,0.319999993,352.2539368,7.276947498,0.379308969,5,57.68105316,3.555972338,-1.752843499,2,7.1934031023985
-1095285,1193795,183.6384735,2585.949951,1,0.165399998,590.2001953,9.355500221,0.575589836,4,48.34999847,21.72891998,-2.728218079,4,11.1543477809077
-895285,1493795,239.1265717,1822.696411,3,0.234090909,294.8319397,10.25261402,0.244268969,6,35.125,3.690896273,-1.628991604,1,2.43438383545736
-885285,2113795,187.7428436,2141.247314,4,0.284399986,286.915802,5.530650139,0.358321786,5,42.77899933,2.088098049,-0.132986262,2,3.18664172186676
-665285,1453795,163.3299103,1496.097412,2,0.3495,420.2338867,12.10219955,0.287194401,6,54.82899857,1.829587221,-0.174580917,1,2.7530532788741
-185285,1733795,168.6062927,502.6731567,2,0.319999993,730.1282349,12.82844067,0.595671773,6,65.69999695,2.064268351,-0.614790082,1,9.08503253986637
-425285,1683795,175.0285645,880.1567993,2,0.298085093,496.690918,12.0490427,0.573195577,7,74.62340546,0.894557476,-0.926182985,3,5.86395553655865
-95285,1753795,168.7645569,393.4188538,2,0.319999993,861.5091553,12.81829834,0.542269051,7,83.02872467,1.583354592,0.336533487,3,9.10979827952422
-1055285,2173795,132.4556274,2143.359375,4,0.25150001,247.0302734,4.164549828,0.187557235,5,28.80200005,1.77139461,-0.75734818,2,3.38674380755784
-655285,1953795,151.5408478,1362.549072,2,0.237187505,358.7590942,9.576302528,0.434799254,7,42.01250076,2.170838833,-0.010714948,3,4.54234156477826
-295285,1863795,148.3752441,624.8272095,2,0.319999993,590.0106812,11.30821037,0.512782753,6,84.67789459,2.07262063,0.392651647,1,9.08372937096604
-825285,1483795,168.2366943,2346.899902,3,0.237777784,532.4290771,7.23161602,0.524768531,4,59.27575684,11.74600983,-5.345346451,4,4.9275812636606
-1155285,2093795,140.0629578,2210.540771,4,0.272083342,295.9089966,5.524895668,0.250658423,5,39.48541641,4.969588757,0.544199049,2,3.81710444247419
-685285,1943795,132.9814453,1387.180298,2,0.161707312,363.0126648,9.599817276,0.473412335,6,25.82560921,1.252686739,0.613122046,1,4.48211366157021
-695285,1043795,117.2919388,1035.592041,2,0.170000002,308.8327942,16.67824936,0.262355685,5,17.39800072,1.058097124,0.558457077,2,1.64391868551161
-935285,1053795,203.5190735,1493.539429,2,0.165000007,302.7520142,16.23760033,0.197485477,5,64.89900208,3.304840803,-0.347743124,2,3.07122880409484
-745285,1663795,201.1175385,1849.684692,2,0.356224477,420.999115,10.29637718,0.284281224,6,62.88877487,2.298235178,0.822735906,1,5.1495591512566
-525285,1703795,185.2335052,1143.624146,2,0.393131316,425.8458557,11.35924244,0.366169333,6,85.15656281,1.293681264,0.810693562,1,6.11719270605495
-1085285,1383795,136.9227295,2212.741699,1,0.196999997,315.1560974,8.456100464,0.356965184,4,57.91999817,1.939597845,-0.058992155,4,5.17572911643746
-1035285,2183795,145.5137634,2081.479004,4,0.351999998,241.7859802,4.539899826,0.163277864,5,54.9980011,1.471724272,-0.47546798,2,3.17085596283374
-755285,1703795,156.7387238,1634.334106,2,0.308888882,366.170105,10.79368687,0.298225194,6,76.72525024,3.507340431,-2.804299831,1,5.71138284263441
-135285,1853795,183.7603302,435.9994812,2,0.333854169,753.4851074,11.8008337,0.599439025,7,72.65833282,1.750746608,-0.399897605,3,7.79867221417392
-705285,2433795,164.0845184,1273.883667,2,0.292551011,390.9147034,6.963265419,0.439140618,6,61.21530533,2.766810417,-0.993068397,1,12.8292877446629
-935285,1693795,182.0510559,3259.272217,4,0.105591401,683.7602539,1.202526927,0.549257874,4,50.20645142,14.57472038,0.581250846,4,11.5325859515211
-1185285,2533795,258.8978882,2314.256592,5,0.200000003,990.0264282,2.192777872,0.632993877,5,66.1333313,9.425281525,1.095321059,2,10.797084277794
-675285,1583795,151.5995636,1813.10144,2,0.255600005,422.9872131,10.33065033,0.372520626,6,55.15599823,4.760296822,-2.492996454,1,5.96178921588085
-1105285,1803795,205.043335,1946.767822,3,0.280900002,387.3380127,9.592300415,0.317605257,4,58.55599976,10.50392914,1.213365436,4,3.07033442036519
-955285,2443795,151.6203156,1221.493652,133,0.346966296,186.6776428,7.470561981,0.286981672,5,51.21910095,3.149416447,-2.428129435,2,3.19870864131639
-1175285,1453795,76.51107788,2001.5,3,0.239999995,303.7690125,9.975000381,0.248373404,5,39.29999924,3.717231989,2.655627966,2,3.34702422176299
-1105285,1593795,196.52005,1594.097168,4,0.133012041,203.1120453,11.55295181,0.189753205,5,47.1867485,3.045742512,0.298806906,2,1.89420639970749
-25285,1863795,156.3262787,390.3713684,2,0.365054935,860.8563232,11.60307693,0.693065047,7,74.08791351,2.168658495,0.783696949,3,10.6971796750759
-1035285,1513795,183.3294067,2047.329468,4,0.283600003,263.1217041,9.074399948,0.174834475,6,31.86800003,1.803031445,-0.44119823,1,2.06287147643793
-975285,1413795,154.7623291,1839.969604,5,0.27352941,298.6840515,11.63447094,0.188869432,5,30.28235245,2.804924011,2.19843173,2,2.15517919836047
-1165285,2243795,145.1878052,2347.259766,4,0.344999999,387.564209,2.326822996,0.25058043,5,52.26458359,8.034579277,-1.308597684,2,6.340352178574
-535285,1983795,150.8150177,1172.46167,2,0.25387755,460.6775818,9.871530533,0.440378726,7,39.71632767,0.725139678,0.126001507,3,4.84548583751819
-975285,1813795,173.7965088,2686.695313,3,0.156868681,718.517395,3.835959673,0.685083687,4,55.3292923,19.63183975,5.285730362,4,16.1046768354598
-875285,1863795,186.7529602,3351.795654,4,0.13175258,609.9545898,-0.335618645,0.597614586,4,37.25773239,15.46030521,-0.81110543,4,15.5363486990516
-1195285,2173795,170.3305359,2146.878174,4,0.319101125,269.1375122,4.171741486,0.243640572,5,59.83258438,4.43444109,4.300134659,2,3.69347330885694
-1075285,1903795,198.3745728,2305.670898,3,0.227777779,507.0897217,6.835202217,0.64157021,4,55.5979805,20.59319496,4.288831711,4,9.29675680964644
-1105285,2233795,176.1590576,2120.101074,4,0.329699993,236.3552704,2.461999893,0.181480885,5,46.92300034,1.754717469,-0.540558159,2,3.14376577577499
-885285,2303795,147.1925812,1799.593506,2,0.347499996,314.6185913,6.506450176,0.226499736,6,53.06499863,3.1523664,-0.646830499,1,3.57526082545058
-655285,1723795,197.3236084,1359.515747,2,0.350100011,315.368988,11.25660038,0.244008571,6,63.00999832,1.150449276,0.831711948,1,3.37015092424557
-985285,1903795,167.4965668,2001.643677,3,0.25333333,431.5986023,7.683232307,0.476849318,5,49.09191895,16.25524521,0.001484919,2,5.5312991993736
-895285,1103795,170.6011963,2094.213379,3,0.199300006,635.6367798,10.78999996,0.355798602,5,61.18299866,10.98523617,-4.983294964,2,5.59959743345033
-755285,2093795,164.9373627,2040.524536,2,0.411818177,414.3068848,7.064040184,0.38162604,6,56.4272728,3.964875698,2.730322599,1,10.4691461760402
-1195285,1083795,229.3489227,1432.228394,3,0.225099996,321.5916138,15.11305046,0.171772584,5,55.17399979,4.527099133,3.150705338,2,1.46359480784238
-1065285,1913795,158.585083,2448.51001,3,0.213699996,574.3118896,5.531149864,0.61598146,4,56.08300018,19.93017006,-1.567172647,4,10.2082140645875
-785285,2383795,178.0499573,1430.085083,2,0.319999993,364.3059082,7.064750195,0.351708084,6,56.96900177,3.726007462,0.737469792,1,6.15132129426262
-1135285,2163795,144.4381409,1948.868286,4,0.310309291,207.3473206,5.20644331,0.166742161,5,43.65051651,1.958598137,0.422515124,2,2.36635770056325
-455285,1883795,151.0798187,1016.219299,2,0.321122438,532.0751343,10.69367313,0.413576365,7,88.11837006,0.969005466,0.280969173,3,7.28030745476889
-985285,2343795,163.5072174,1830.015869,4,0.334500015,352.5621033,6.860350132,0.387336999,5,56.10100174,7.751177311,5.857424736,2,8.06155119507434
-755285,2203795,142.9792633,1654.228882,2,0.368969083,408.820343,7.088969231,0.411183268,5,48.39690781,3.776844025,2.103886366,2,6.876664292121
104715,1763795,167.8404846,315.6682739,2,0.324848473,1011.153625,12.67318153,0.645492435,7,81.67575836,2.082330942,0.068198755,3,9.96208536255553
-1125285,2113795,179.1149292,1899.772217,4,0.329302311,214.2715149,6.675116062,0.161325023,5,41.08837128,3.661985874,3.546267986,2,2.06097637915028
-335285,1793795,136.4463501,729.7001953,2,0.310833335,573.119812,11.63395786,0.475635082,7,77.1020813,1.818162322,-0.245638609,3,6.25976674047434
-885285,1623795,90.02470398,2419.86084,3,0.131458327,249.2795715,5.359218597,0.233828261,5,53.12812424,1.565220594,-0.391387463,2,5.43197785764279
-1115285,1283795,168.4934845,2266.630859,3,0.327199996,399.1914063,9.047249794,0.306507319,4,48.82500076,7.962402821,-1.500273824,4,3.80990143392894
-605285,1863795,141.0089874,1463.63147,2,0.32336843,431.4288025,9.489684105,0.354812384,7,68.43894958,1.320028663,-0.080701992,3,7.34639949702551
-675285,1213795,126.5137787,1291.997681,2,0.268888891,422.462738,14.30464649,0.352200061,5,55.81312943,0.907504976,-0.077440642,2,3.00059233104511
-795285,1923795,151.1588135,2458.497559,3,0.107608698,536.0402222,6.479836941,0.607325196,4,34.70869446,13.1798563,0.533201933,4,7.68993436163894
-1015285,1133795,152.5337524,1341.424927,5,0.291500002,283.4198914,15.51669979,0.180990085,5,44.31800079,1.742406011,0.424139559,2,1.82877045447164
-155285,1813795,155.8956451,422.6709595,2,0.335555553,746.5414429,12.45988846,0.55171895,7,84.36222076,1.208549976,-0.86825645,3,8.99505615887209
-725285,1343795,152.1166382,1511.43103,2,0.287525773,442.9619751,13.29520607,0.291826546,6,53.90927887,3.23933506,1.225867271,1,3.28366075222435
-1095285,2393795,181.509491,3099.936768,5,0.166099995,998.7698364,-1.072550058,0.361029029,4,40.41799927,24.83569527,-0.565586209,4,10.530310982947
-735285,1833795,156.7271118,2113.452637,2,0.14378947,502.5975342,7.479000092,0.429851025,6,43.27894592,2.375933409,2.042062044,1,6.12868192018677
-345285,1603795,162.6466217,781.2197266,2,0.319999993,583.2867432,12.81785679,0.390396565,7,79.66020203,1.241594434,0.083130717,3,5.94944063295362
-1185285,2363795,188.6504822,2039.931396,4,0.231756762,546.9092407,3.471216202,0.631851375,4,45.8756752,16.10835648,0.80587703,4,11.4820447170946
-955285,1703795,143.3017883,3230.48877,4,0.096145831,641.6467896,1.231666684,0.53503859,4,50.32187653,16.56839371,-1.567881942,4,11.7144415230281
-875285,2303795,168.7536926,1738.100464,2,0.322600007,320.969696,6.775350094,0.238051355,6,49.83499908,4.695855618,-0.00721451,1,4.13262333658367
-875285,2043795,178.0433044,2647.209961,4,0.189052626,619.8736572,1.769578934,0.592411995,4,38.7347374,9.664268494,11.85632229,4,9.78007672718849
-975285,2253795,183.7361908,2055.322998,4,0.279591829,312.4459534,5.673163414,0.299226999,5,40.6295929,3.951877117,0.815290034,2,3.37153144151721
-35285,1703795,157.3466492,384.9558716,2,0.345555544,913.8197021,12.78469658,0.695317984,7,83.94343567,1.900642872,-0.204810843,3,11.4241359450078
-715285,2453795,142.1342773,1227.96228,2,0.328877538,442.8686829,6.982347012,0.473410726,6,52.01938629,3.493792295,1.820569754,1,9.03405545219202
-795285,1693795,200.7353821,2912.97168,3,0.054499999,583.5569458,3.191299915,0.628048241,4,36.42300034,12.70610905,-1.128246903,4,14.461326003633
-1065285,2073795,129.8551788,2225.014893,4,0.319999993,330.2990112,5.889050007,0.192487642,5,37.73199844,5.205556393,-1.967633367,2,4.23267844892844
-1025285,2243795,138.4711609,2150.609375,4,0.24350515,407.4514771,4.799536228,0.430239767,5,57.63917542,7.422095299,-0.2447211,2,8.93790658846627
-85285,1693795,159.556366,416.6014099,2,0.341368407,847.4054565,13.05978966,0.637548029,6,84.9547348,1.6984514,0.061518569,1,10.1692977418011
-655285,2443795,139.6369629,1219.577393,2,0.324545443,523.3134155,6.821767807,0.679135084,5,50.05454636,7.611678123,-2.789287567,2,12.2673976146134
-295285,1753795,161.6238251,638.0311279,2,0.319999993,590.1393433,12.16399956,0.43996045,7,79.17157745,1.220411062,-0.290156543,3,7.00709178697547
-905285,1743795,183.6791382,3029.397461,3,0.053800002,570.5263062,2.17689991,0.590200484,4,49.68799973,12.05853176,-2.102348566,4,8.30239375552235
-745285,2063795,124.5391693,1993.291626,2,0.430000007,392.0715332,6.76040411,0.392480373,6,54.90000153,1.900965691,1.340890527,1,7.37468862030562
64715,1823795,173.1270752,326.4789734,2,0.281011224,955.4573364,12.29983139,0.748158574,7,71.56741333,2.364119053,0.291080415,3,8.57656773415063
-495285,1813795,135.1042175,1140.189819,2,0.319999993,481.3088989,10.7236557,0.46886903,7,88.25268555,1.516445279,0.363090605,3,6.45883198691407
-135285,1573795,158.4168854,372.3840027,2,0.366808504,825.8970337,14.3502655,0.474931151,7,62.26595688,0.955487251,0.058374677,3,4.31598298242519
-485285,1793795,158.653656,1074.194458,2,0.430000007,482.0270996,11.14303207,0.433611453,6,84.16170502,2.393900156,1.371655464,1,6.32740712390857
-945285,1553795,152.6008148,2182.505371,4,0.408787876,378.4065857,7.20606041,0.273240447,5,67.82424164,5.011689186,-3.77434659,2,6.83789552157985
-915285,1433795,201.0534973,1790.782837,3,0.326122463,320.3265381,11.42214298,0.193185776,6,48.90306091,5.294050217,-1.851533055,1,3.06552764690097
-255285,1673795,147.6544495,611.5958252,2,0.195625007,654.8673096,13.17343712,0.566547394,7,32.99583435,0.85575074,0.139616624,3,5.04742466434218
-1015285,1863795,200.7181244,2291.612549,3,0.280000001,449.075531,7.00578928,0.643317103,4,58.62947464,10.36820793,-8.8714571,4,6.15118909499403
-775285,1603795,150.7076416,2221.542725,3,0.119893618,486.3988953,8.556329727,0.435319453,4,55.04574585,9.199751854,-12.53925896,4,4.68139442739741
-1115285,2173795,177.8440857,2019.777954,4,0.300000012,214.0738983,4.718699932,0.164724976,5,37.95000076,2.198444843,0.664834797,2,1.96723238516022
-1135285,2083795,165.342514,1946.91333,4,0.276666671,262.0907898,6.99901247,0.207192853,5,36.82839584,5.726556778,-0.686433673,2,1.72799347921248
-625285,1983795,153.4568634,1318.512939,2,0.27010417,402.3783875,9.315833092,0.397911429,6,50.75312424,1.960432172,-0.515606582,1,3.557312446521
-285285,1673795,159.3663025,648.69104,2,0.282795697,632.895752,12.91887093,0.489083648,6,63.33118439,0.932194591,0.409747899,1,4.37170085169731
-825285,2493795,170.5933838,1178.419922,2,0.319999993,389.9621887,7.355454445,0.388737917,6,55.59999847,4.525696278,-3.049651623,1,8.55880440695842
-1055285,1933795,189.1591034,2260.229004,3,0.208399996,472.5278015,6.68569994,0.429212064,5,53.0719986,11.97329903,-5.466317654,2,4.43307800713854
-1005285,1553795,189.4657745,2050.26709,3,0.188299999,324.1444092,8.481149673,0.229352817,5,55.16500092,7.872570038,3.589518309,2,2.00177373215855
-1185285,1023795,116.9204559,1452.514038,2,0.29519999,353.3916931,15.29734993,0.224049374,5,59.04399872,3.671347618,-7.357147217,2,3.01209906756714
-1085285,2213795,182.241333,2086.42749,4,0.327199996,226.6920013,3.087599993,0.214727417,5,39.92200089,1.340441823,-0.010545004,2,2.63221224872784
-965285,1183795,154.5624847,1326.528442,133,0.313600004,263.4450378,15.73289967,0.164485067,5,51.18500137,1.878167272,-4.557134628,2,1.64901378855006
-675285,1323795,156.3626251,1413.04541,2,0.297551006,458.3878784,13.48785686,0.308742166,6,59.15204239,1.4125458,0.072442971,1,3.22455026775974
-875285,2373795,139.4004059,2303.607178,4,0.056499999,480.8233032,3.094549894,0.525888085,4,56.74200058,12.63896561,7.469349861,4,10.0431788379484
-365285,1783795,139.0230865,804.1981201,2,0.319999993,575.8286133,11.47293854,0.484983712,7,81.84020996,1.168042302,0.279171407,3,6.43577264008902
-695285,1933795,126.5107422,1444.429199,2,0.164199993,367.6119995,9.574500084,0.364611596,6,26.95800018,1.130937457,0.138840094,1,3.65568895686872
-465285,1903795,174.4329834,963.9938965,2,0.298999995,496.1845093,10.54024982,0.444555938,6,55.94499969,2.882579327,-1.868465543,1,4.78230333412234
-845285,2033795,157.5205078,2850.740967,4,0.140400007,718.2631836,1.051750064,0.647724628,4,35.5019989,9.355882645,11.37133026,4,9.38550371842849
-1155285,1193795,181.5415192,2017.644653,3,0.159400001,611.7559814,11.36530018,0.468005478,4,40.27399826,24.07755661,-0.530367374,4,8.29996495215345
-1205285,1003795,182.1646881,1670.990723,3,0.165000007,453.6485901,14.28479958,0.28830409,5,57.45500183,7.232217789,0.626614392,2,3.04230734705371
-245285,1553795,179.4023438,486.9801331,2,0.370000005,692.6841431,14.32999992,0.482497633,6,71.00256348,1.854894161,1.463081717,1,5.22236757586692
-185285,1683795,165.3216095,496.5065308,2,0.244137928,750.25177,13.27637959,0.571925759,7,45.91034317,1.012739658,-0.139787748,3,5.35500963834747
-655285,1893795,135.7338867,1453.735229,2,0.319999993,390.6286926,9.449736595,0.34292528,7,61.68315887,1.449429989,-0.146790087,3,5.67575793238299
-745285,1883795,158.2945709,1725.148071,2,0.343214273,487.9943542,9.86446476,0.376422584,6,59.74642944,2.094968319,0.567679644,1,5.16821127497031
-945285,1653795,190.9089203,3015.125244,3,0.207010314,1014.666138,2.299175262,0.679006457,4,55.08041382,17.6489048,-1.877585173,4,17.186353203742
-435285,1663795,150.0731659,895.3314819,2,0.100000001,488.9621887,12.14624977,0.571225226,6,9.600000381,1.215193629,0.338674277,1,4.72621760426647
-985285,2073795,198.1595764,2011.603271,4,0.239999995,309.8519897,5.981299877,0.203977212,5,36.79999924,4.349758148,0.105275109,2,2.51564522007733
-1165285,1143795,180.6893463,1820.657471,3,0.315800011,431.3051147,12.56309986,0.368650496,5,54.11500168,8.811258316,5.447669983,2,3.08224113291368
-645285,1593795,180.6006165,1716.606079,2,0.25,409.9961853,10.29282856,0.353161126,6,51.18989944,3.649235725,2.187943459,1,3.27950135292885
-705285,1193795,154.4293671,1337.747681,2,0.160101011,411.7734375,14.2621212,0.335867614,6,26.76464653,0.940568924,0.297065765,1,1.67137228519042
-1155285,1213795,148.4827423,2488.295654,1,0.100000001,594.3892212,9.209549904,0.596797109,4,47.02000046,14.14287376,-0.067860402,4,9.27782425731642
-855285,1513795,170.1810455,2425.342529,3,0.223030299,472.4602966,6.748434544,0.547314882,4,56.32727432,14.4764452,2.503866911,4,6.35182639060768
-855285,1433795,198.2284546,2509.249023,3,0.287400007,559.7518921,7.93419981,0.630632877,4,56.13199997,13.11228943,-2.482068062,4,5.43790423256205
-1095285,1203795,172.8015289,2520.285889,1,0.132400006,592.7385864,9.843600273,0.560637295,4,42.88700104,15.88799191,6.598899364,4,10.286380566624
-1055285,2403795,169.4302521,2906.835205,5,0.088500001,676.079895,-0.996900022,0.327224314,6,50.76200104,27.13401413,-0.049213029,1,11.0688948483764
-1075285,1683795,221.2271576,2567.580322,1,0.102200001,629.2979126,5.554699898,0.721307576,4,48.43500137,12.5006094,-0.628385663,4,13.9207232979812
-795285,1753795,163.6139374,1783.785889,2,0.186562493,386.3497925,10.54906273,0.343264401,5,52.22499847,6.189508915,-13.0802927,2,3.39599688137837
-685285,1313795,156.6203461,1403.361694,2,0.298181832,446.7715149,13.59944439,0.290578574,6,56.67373657,1.169291735,0.232917309,1,3.09859248298984
-755285,1393795,153.1694336,1379.378296,2,0.305099994,385.1065063,13.8906498,0.263749629,5,42.31399918,3.887939215,-1.894884109,2,2.65972849043007
-725285,1233795,184.509903,1330.837402,2,0.175999999,397.2898865,14.20610046,0.298855156,5,22.07799911,1.903964281,1.485896826,2,1.41875696465114
-315285,1823795,148.5034027,651.343689,2,0.319999993,588.7692261,11.49016476,0.513110697,6,76.80329895,1.728684664,-0.245476007,1,8.26791298812764
-905285,2243795,157.3252869,2078.175293,4,0.194000006,309.1158142,5.61534977,0.344861746,5,43.40800095,6.213302135,3.682772875,2,3.2477676117705
-1005285,1983795,195.0072021,2213.774658,3,0.211999997,520.7749023,6.343200207,0.517907977,5,44.75999832,12.78880405,-2.225919008,2,6.02686762678245
-975285,1303795,201.0632172,1639.808594,3,0.243100002,267.348114,13.22245026,0.179816291,5,34.74499893,2.555686474,-0.129379824,2,1.50480813209235
-755285,1803795,194.4580078,2049.090088,2,0.145652175,494.8096619,8.273913383,0.444519132,6,35.13478088,4.397823334,-0.971242547,1,6.53793826506462
-505285,1693795,155.5531616,1092.449707,2,0.388749987,437.362854,11.63447952,0.345800579,7,82.875,1.207085967,0.193628639,3,5.21017164132843
-1005285,2153795,153.7038269,2024.15686,4,0.3037,189.1786957,5.42745018,0.149976894,5,54.89599991,0.928388536,-0.341528863,2,2.45573115177847
-145285,1863795,176.7387238,465.240509,2,0.347692311,747.7088623,11.51208782,0.607685208,7,80.73406219,1.244027138,-0.181011811,3,7.95159218221962
-995285,1583795,203.3777618,2168.982178,3,0.360101014,382.2835388,8.051969528,0.474069446,4,58.42424393,9.766798019,7.126577377,4,3.08257898055789
-765285,2293795,164.9997711,1498.981689,2,0.319999993,305,7.265200138,0.321560293,6,45.18999863,2.334537506,1.336066723,1,4.36322904123663
-835285,1573795,168.2029572,3109.428955,3,0.197979793,670.3977051,2.75616169,0.630889833,4,43.02929306,19.02382088,22.38321304,4,13.4614349536111
-1015285,2293795,140.5728302,1597.993286,4,0.361954033,226.2670135,6.643850803,0.265671551,5,44.7298851,2.766284943,2.325858355,2,3.34198182436866
-1045285,2203795,134.1910553,2215.730469,4,0.338999987,359.9374084,3.420049906,0.180034429,5,45.31499863,2.346243382,-2.252543211,2,4.94670933616861
-795285,2373795,182.7035522,1413.647339,2,0.319999993,350.938385,7.136799812,0.311573893,6,58.07600021,3.227346182,-0.894051015,1,5.32573138781273
-355285,1713795,140.1519623,760.486145,2,0.319999993,559.1854858,12.25924206,0.426643789,6,84.5343399,2.046468735,0.451402426,1,6.60628800165418
-1115285,1643795,187.8798981,1781.107788,3,0.342886597,297.4923096,10.46907234,0.17940402,5,61.66701126,5.000247002,-10.45009995,2,3.65450144053775
-1035285,2513795,134.2299042,1454.308716,4,0.179333329,299.9090576,7.495999813,0.216890991,5,55.61999893,6.048732281,0.787580371,2,2.48654751150126
-665285,1903795,157.2569427,1486.837402,2,0.337010324,389.3800354,9.471959114,0.369329214,6,58.91237259,2.352679968,0.332313031,1,5.62088869898241
-925285,1883795,166.0807037,2936.205078,3,0.168599993,585.5692749,3.510449886,0.681810379,4,43.18999863,16.25367355,-16.01044655,4,11.8421256102368
-1215285,1033795,138.1921234,1596.253662,2,0.135000005,443.4341125,14.25244999,0.233968258,5,58.44499969,4.08904171,-1.288319707,2,4.1109026154305
-695285,1373795,162.3600616,1256.001953,2,0.32082352,423.1579285,14.37229443,0.333820552,6,59.70352936,2.325599194,1.33975029,1,3.06125036359573
-865285,1153795,153.3521729,1941.898804,1,0.098499998,487.0646057,11.00914955,0.364670902,4,60.77000046,11.248703,-0.623980284,4,5.83596935933819
-815285,2013795,188.5818024,2946.405029,4,0.148969069,702.1511841,0.505309343,0.633346677,4,36.67525864,11.68394661,9.173611641,4,11.4813937185298
-475285,1783795,154.2161865,1006.545776,2,0.426526308,484.276062,11.37184238,0.376150876,6,85.29473877,1.486434698,0.101421885,1,5.29175684057459
-755285,2193795,149.772934,1703.566528,2,0.349791676,411.8874512,7.207291603,0.426548928,5,46.83750153,5.918632507,-3.660559177,2,7.39969468857631
-975285,1363795,117.0860519,1546.73938,5,0.227500007,258.1312256,12.88755417,0.199562907,5,35.32282639,2.365786314,2.779076338,2,3.02702652665149
-1185285,1063795,138.1160278,1349.521362,2,0.312446803,302.9950562,15.76361656,0.160360813,5,54.84893799,1.428499579,-1.440309405,2,1.16474782257253
-355285,1563795,139.1911469,631.309021,2,0.238041237,577.6740723,14.10170078,0.410162061,6,34.50515366,1.23915267,-0.547405779,1,3.59857633247634
-1215285,2263795,174.1832428,2309.481934,4,0.054791667,710.4772339,3.114270926,0.677935123,4,56.48958206,15.5418539,2.129861832,4,18.7622850656749
-535285,1683795,166.1626587,1058.868774,2,0.225222215,428.1256714,11.88577747,0.484275967,6,40.49000168,1.125317812,-0.650965333,1,4.0000104702828
-845285,1493795,151.7994843,3000.170898,3,0.200000003,780.6134033,4.410850048,0.712200522,4,58.24000168,16.74374008,-13.91132736,4,8.70261365912523
-585285,1943795,133.0402527,1320.782837,2,0.319999993,422.4894104,9.654278755,0.359362394,7,63.14535904,0.914633274,0.481110424,3,5.40061208730453
-945285,1893795,176.1061859,2461.044434,3,0.266363651,587.805542,5.99141407,0.675489783,4,59.95252609,13.67583656,3.480099678,4,9.72635683199131
-1125285,2263795,161.5952759,2149.722168,4,0.33684212,252.2882996,2.186578989,0.25510329,5,48.52000046,2.341781139,-0.133604467,2,3.43625323186376
-625285,1643795,179.2506561,1398.137817,2,0.370000005,377.3734131,11.76334953,0.301532567,6,57.40000153,3.193775177,1.050934553,1,3.83975312006556
-1015285,2163795,178.2970581,2015.319214,4,0.355699986,191.7501068,5.467000008,0.133902282,5,72.39600372,0.787870646,-0.656677365,2,4.0287230070163
-755285,1123795,164.1485596,1102.569336,2,0.218199998,361.6517944,15.67665005,0.226036027,5,36.36199951,1.384924412,-0.638351381,2,1.81431687765983
-725285,2423795,204.4774017,1269.09436,2,0.319999993,387.1390991,7.075605869,0.414133906,5,57.54646301,4.370114803,-1.67479682,2,7.64669356652558
-755285,1133795,166.4060974,1098.402832,2,0.255400002,363.4407043,15.59755039,0.222243935,5,39.09799957,1.244622111,0.056025989,2,1.30602798514313
-1075285,1883795,192.3630524,1910.117554,3,0.256399989,365.987793,9.086299896,0.358314484,4,51.26800156,15.16509628,0.236858815,4,2.63873019289123
34715,1773795,158.4936371,306.3769531,2,0.368800014,938.824646,12.47766685,0.707190931,7,81.92933655,1.813082099,0.25166285,3,10.3486968937482
-535285,1733795,154.3678894,1230.040771,2,0.321546406,408.2901306,10.89768028,0.317930102,7,81.13711548,0.93591243,0.132286057,3,3.78581010337893
-295285,1813795,163.0444489,631.2835693,2,0.319999993,604.7512817,11.55849457,0.472500145,7,80.20429993,1.326002121,-0.758680463,3,6.87852696510368
-945285,2113795,199.1159973,2346.756348,4,0.26060605,565.1207275,4.449494839,0.427837402,5,50.30908966,9.126067162,1.699191809,2,7.07130333383711
-725285,1373795,168.4807129,1398.234619,2,0.274444431,410.8534546,13.77050495,0.275557607,6,42.8777771,3.207126379,1.298538089,1,2.64227764496182
-925285,2393795,177.364975,1421.152222,4,0.359499991,294.7922058,7.677499771,0.196722195,5,56.57799911,3.916396141,0.850596249,2,2.40321203636798
-1155285,2313795,137.1624603,2355.816162,4,0.298160911,445.6971741,1.576034427,0.634992182,5,57.04942703,4.29927206,2.342131138,2,9.48018125487623
-1185285,1173795,160.3365479,1810.170776,3,0.150000006,451.5403137,13.17774963,0.287541032,5,59.59999847,9.345064163,-4.70802021,2,4.59536674999127
-235285,1603795,164.2257233,558.6937256,2,0.209247306,715.1825562,13.58951569,0.538158,6,44.58172226,2.386721849,-1.431339383,1,4.86334177653255
-1105285,2293795,221.9674988,2665.2854,5,0.118085109,614.8867798,1.164361715,0.508859813,5,40.5,11.24577713,0.707253218,2,9.62965509773768
-1035285,2043795,164.2776642,1996.418091,133,0.319999993,328.2337952,6.79610014,0.169587865,5,36.40000153,2.820800066,-0.196561038,2,2.53276683539318
-1225285,2133795,190.5492096,2266.137939,4,0.370000005,395.7315063,4.471300125,0.452620029,6,61.5,7.720946312,2.269315004,1,10.25091517961
-1065285,2123795,175.148819,2150.498047,4,0.335500002,233.0621643,5.495600224,0.192466125,5,43.42399979,5.359388351,-2.816375494,2,3.64507072264559
-1105285,1563795,203.275528,1675.001953,132,0.178000003,215.3692932,11.26554966,0.117224425,5,38.20000076,1.74942708,-0.375443578,2,1.77163465493323
-745285,2483795,150.8802338,1147.898315,2,0.370000005,383.0385132,7.41833353,0.420021683,6,69.61428833,4.728811264,-3.765486002,1,10.2139205082367
-885285,1733795,209.9918518,2883.374512,3,0.149000004,416.1801147,3.413450003,0.434111655,6,52.04600143,13.19344521,-3.765665054,1,4.34974539327908
74715,1873795,185.868515,290.9204712,133,0.397777766,945.5811157,11.70688915,0.815958202,4,85.24888611,4.790336132,0.159075692,4,8.71105134456937
-685285,2183795,180.0081329,1398.888306,2,0.204731181,344.4176025,8.093924522,0.351134241,6,32.52257919,2.662881136,0.392591923,1,3.49485669202748
-325285,1753795,138.8025818,699.0638428,2,0.30873239,559.8008423,11.987113,0.451175839,6,74.49858856,2.363494635,1.166806221,1,5.42486494600923
-1065285,2473795,158.8305817,2663.574707,5,0.081122451,813.1965332,0.004285742,0.438103706,4,46.24694061,20.66854858,15.16165638,4,12.7505606191269
-725285,1253795,192.7441864,1307.377808,2,0.195999995,395.5743103,14.30930042,0.276748717,6,28.11899948,1.678890109,-0.37535429,1,1.7304437186489
-925285,1413795,207.510498,1872.170898,3,0.234599993,365.4068909,11.51945019,0.190395162,6,51.73799896,4.427426815,-1.707011819,1,2.62008580515172
-405285,1713795,129.6423187,886.9050293,2,0.319999993,500.9346008,11.84341812,0.378239661,7,75.77959442,0.748585522,0.394668907,3,6.19605951613423
-275285,1573795,154.4261169,571.5756226,2,0.290101022,679.715271,13.72777748,0.493692815,6,55.09595871,2.012714624,0.202542186,1,4.59119850463378
-635285,1853795,131.8993988,1622.78125,2,0.294166654,415.5886841,8.888697624,0.36207065,7,55.88437653,1.263563514,0.132763967,3,5.70245774399522
-995285,2363795,109.8720474,1581.19104,4,0.354782611,294.7058411,7.141685009,0.349717528,5,49.38261032,4.139869213,-1.327884674,2,3.99671259690693
-415285,1873795,150.0005646,898.2762451,2,0.319999993,540.9875488,10.64087582,0.439799905,6,87.04536438,2.077683449,1.873100996,1,6.77767459435908
-895285,1503795,174.3489227,1884.326904,3,0.212340429,324.3053894,10.0457449,0.221441388,5,42.01914978,7.097066879,8.251594543,2,2.1265118477238
-415285,1663795,160.0170135,871.2753906,2,0.181333333,502.5695496,12.19616699,0.53025043,6,32.27444458,1.510800838,-0.019794045,1,3.59620961206238
-165285,1643795,146.6856384,454.9736023,2,0.27285713,787.5141602,13.55694771,0.544358075,6,50.16363525,1.101241112,-0.201412797,1,5.33806669695326
-1015285,2373795,130.3708649,1809.651001,4,0.319999993,326.547821,6.136223316,0.292055815,5,55.03404236,5.356497288,2.412431717,2,4.36110342813335
-875285,1353795,169.3860474,2057.60376,2,0.368200004,444.9598999,9.758099556,0.265804291,6,52.91899872,2.701957703,1.075255036,1,4.76148360973406
-195285,1833795,156.5876465,453.7666626,2,0.319999993,682.2653198,11.73777771,0.530182838,7,81.56296539,1.253076673,-0.151149616,3,7.55670952832627
-445285,1873795,147.0614624,972.2515869,2,0.319999993,536.4837646,10.65707493,0.449406385,6,84.37766266,2.60971117,-1.323878407,1,7.9136109566766
-1045285,1373795,158.3473969,1983.378784,3,0.291299999,338.6419067,10.47434998,0.202077001,5,42.61999893,6.943806648,-1.698741317,2,3.20746665171959
-35285,1763795,175.0101624,418.6408081,2,0.354848474,923.1746826,12.20671749,0.723795831,6,83.75757599,3.117727041,0.050758779,1,13.1171288810483
-1165285,1273795,177.9199371,2135.097656,1,0.225899994,473.355896,9.350000381,0.407722116,4,52.65299988,10.32992363,6.217745781,4,3.71896472788154
-805285,1323795,141.4305115,1577.931885,2,0.354400009,361.4711914,13.18659973,0.240626886,6,51.29199982,1.591178179,-0.341301084,1,3.56557609386013
-1025285,2133795,193.8203583,2111.444092,4,0.328673482,166.4294891,5.246938705,0.181665197,5,38.94285583,1.842504621,-0.958310544,2,2.42172475385261
-1125285,1143795,186.8865509,1800.537354,3,0.164893612,425.4576111,12.81686211,0.250526845,5,57.17446899,8.398435593,0.060040884,2,2.75983797096787
-805285,1043795,144.6497345,1490.675659,2,0.159400001,463.7041931,15.0295496,0.381948262,5,48.34199905,17.18471909,6.715361118,2,6.02062995705783
-235285,1583795,147.6171417,497.8153076,2,0.317916662,717.6903687,14.05151081,0.520598292,6,55.92499924,2.569279194,0.402180493,1,4.30541435941021
-1205285,2223795,171.1178589,2410.460205,4,0.129578948,591.5940552,2.512052536,0.669246435,4,57.29894638,11.3378191,0.455334961,4,11.6282367847402
-705285,1363795,166.3661346,1302.069336,2,0.219999999,424.4736938,14.01369953,0.285605729,6,43.97299957,3.174921036,0.240984738,1,2.11210962041015
-1015285,2363795,173.5987549,2095.796143,4,0.330500007,392.2868958,5.507900238,0.388849139,5,56.16899872,10.1366291,1.854771018,2,8.09634667058707
64715,1803795,166.1651611,334.9819031,2,0.291111112,971.1039429,12.42899036,0.740852416,7,71.41110992,2.495736361,0.029138986,3,9.62293886557006
-1135285,1043795,185.1247559,1416.450562,2,0.228117645,299.2595825,15.43970585,0.163843095,5,49.40000153,1.920490026,-0.50824672,2,1.23889524735318
-785285,1743795,162.8828888,1653.323608,2,0.177804872,329.8725281,11.09207344,0.261265606,6,53.88536453,3.003875494,0.374044061,1,3.04887933888873
-665285,1083795,176.2503204,1089.856079,2,0.176288664,414.4681702,16.22329903,0.304255098,5,19.1360817,1.251561999,-0.41104874,2,1.9009071278625
-125285,1573795,166.1227875,375.2987671,2,0.469655186,835.946167,14.18908024,0.489347488,7,73.01379395,0.988553107,0.564582765,3,5.64062826134303
-905285,2293795,164.7755737,1872.271851,4,0.269600004,241.7113953,6.059949875,0.22121875,5,37.18799973,2.319694042,-1.620129347,2,1.71615004441115
-1135285,1083795,147.5112,1372.239746,2,0.316900015,287.2800903,15.52964973,0.17191653,5,55.90399933,2.127275467,-0.122445978,2,1.3963115655661
-995285,1603795,176.2072449,2068.797119,3,0.280900002,418.1783142,8.335949898,0.448364526,4,57.89300156,9.640123367,2.429145098,4,3.62314030666954
-1215285,2123795,178.2711792,2179.306641,4,0.367916673,311.2773438,4.8671875,0.309610188,5,61.16562653,7.36549139,-1.851257563,2,6.71382833908113
-735285,1213795,169.8371124,1247.845459,2,0.190306127,394.8974609,14.32392883,0.273969263,5,20.16122437,0.959395349,-0.761051655,2,1.94707652384191
-655285,1883795,154.8560333,1480.557495,2,0.345416665,393.0812988,9.395155907,0.346193284,6,64.26457977,1.704159021,-0.838727057,1,5.72075476138408
-905285,1903795,174.1344452,2443.857666,3,0.260645151,395.6287842,4.41833353,0.546965539,5,60.49354935,12.77795029,7.370423317,2,7.22634082565806
-45285,1723795,189.9792023,425.1156921,2,0.370000005,894.9379883,12.33628845,0.716699421,6,83.59999847,2.21220088,-0.355246007,1,11.1604865539846
-1125285,2293795,171.5312042,2239.888916,4,0.259560436,304.2976685,1.606703281,0.538389564,5,39.83406448,2.250582933,-0.315483272,2,6.41921507344378
-245285,1573795,162.147995,547.4471436,2,0.286770821,695.3171387,13.74177074,0.533325255,6,56.78020859,2.449043751,0.992545307,1,4.37488073749621
-575285,1783795,177.1231995,1342.068359,2,0.311111122,408.1529541,10.35060596,0.346500039,6,58.11212158,0.98116082,-0.424077392,1,2.55718404154062
-645285,1773795,161.4530334,1525.352417,2,0.227473691,364.1603699,9.926789284,0.337434649,6,43.88315964,1.703799129,-0.574481964,1,3.21042573401803
-865285,2403795,146.2182617,2281.875732,1,0.261900008,464.1141052,3.432800055,0.610482335,4,42.06399918,12.01364708,11.1463728,4,9.54518589396946
-965285,1063795,166.2159729,1233.442261,5,0.170000002,254.5639801,17.05245018,0.165967986,5,22.70000076,1.255249739,0.404069811,2,1.24972730886804
-1145285,2193795,150.8158112,1976.089478,4,0.308787882,195.9646454,3.806262732,0.164275795,5,38.77474594,1.694925666,-0.733862817,2,2.18248483383127
-745285,2093795,134.7546082,1929.294922,2,0.424242437,405.353241,7.198383808,0.400483429,6,54.73636246,3.12083602,-0.164041013,1,8.12627845162808
-1035285,1563795,181.4888153,1925.830078,4,0.082999997,286.8345947,9.782099724,0.200921044,5,53.06900024,9.969436646,4.554536343,2,3.03991322835455
-1025285,1063795,137.4510651,1287.420288,2,0.292199999,240.416275,16.40469933,0.189655676,5,45.2179985,0.829845965,0.038242374,2,1.67880639742265
-945285,1293795,196.3647461,1898.603027,3,0.251199991,397.7773132,11.5281496,0.23361358,6,43.38600159,3.986550808,-2.890749931,1,2.91336850861296
-385285,1883795,159.3288269,818.4819336,2,0.319999993,554.2935181,10.83122444,0.471015096,6,88.43877411,2.402225971,0.735983908,1,6.5832771832768
-1035285,1393795,184.7203979,1902.100342,3,0.265599996,275.3055115,11.00580025,0.186591148,6,41.56900024,6.234686375,2.576391697,1,2.35589841334121
-855285,1973795,157.7145538,2919.376465,3,0.137727275,662.3457642,1.069488525,0.640600741,4,41.95909119,12.92044735,7.394853592,4,9.92376290448855
-15285,1883795,185.2204895,374.8267822,2,0.359493673,851.6283569,11.58411407,0.723580122,7,74.77594757,3.002868176,-0.189384922,3,10.6759167156473
-505285,1593795,165.7414703,1031.378784,2,0.319999993,439.0047302,12.64244747,0.364731282,7,75.5,0.955715716,0.406984597,3,3.74482532460725
-1155285,1313795,181.0548859,2252.268799,3,0.341100007,332.473999,8.489100456,0.245854661,5,48.49300003,3.184849262,-1.970635653,2,4.40986053741591
-1165285,2513795,176.8940125,2444.075928,5,0.15061225,997.6611328,0.600612223,0.466887683,5,54.1459198,10.07492447,10.43456268,2,9.00065694052115
-215285,1633795,153.9727783,540.8395996,2,0.191758245,717.9629517,13.52483559,0.54202652,6,37.11428452,1.49116528,0.148944378,1,4.30599307202904
-1195285,2203795,183.1381683,2395.121582,4,0.253195882,503.1784973,2.79329896,0.505061507,5,59.78247452,9.153259277,4.286129951,2,6.86290684599566
-125285,1723795,171.8647919,432.7421875,2,0.307500005,821.4279785,12.99505234,0.597899377,7,77.97083282,1.702497721,-0.377251714,3,8.41660526362164
-1035285,1723795,193.5384521,2992.954834,3,0.202551022,670.7697144,3.229285717,0.602133512,4,57.63877487,21.92156792,-6.921559334,4,12.4531263454161
-545285,1973795,112.8983994,1195.693726,2,0.257551014,456.7580872,9.823775291,0.424993366,7,59.8020401,0.663934946,-0.102582976,3,5.78850153247568
-1025285,1523795,175.4959869,2143.639404,4,0.085257731,273.1940613,8.571443558,0.216890514,5,58.47319412,4.539692879,2.258577347,2,3.21230164763672
-855285,1233795,158.6270905,1751.778687,2,0.370000005,387.3930969,12.50084972,0.249322563,6,59.5,2.758769512,0.056373045,1,3.12231451839095
-1035285,2253795,133.9455109,2297.796875,3,0.150399998,482.7753906,3.839849949,0.49590829,5,59.73199844,14.03599358,5.94179821,2,7.93255017292897
-1115285,2363795,182.1695251,2769.744629,5,0.26224491,631.9729614,0.077959098,0.612264633,4,50.46734619,9.329791069,5.668155193,4,12.1868909120326
-1045285,1543795,149.4518738,2034.192261,4,0.1972,259.6440125,9.429300308,0.187469095,5,44.68999863,2.483389378,-0.664380789,2,2.00745135196379
-675285,2273795,144.7394257,1248.5271,2,0.324591845,423.4428711,7.938061237,0.364939332,6,52.76020432,3.43872714,1.956229091,1,7.66617831596095
-975285,1273795,197.35849,1727.646118,3,0.215800002,335.0378113,12.68204975,0.180068076,5,41.49900055,3.228985786,-1.608750105,2,2.50870525931956
-745285,1983795,178.233551,1518.368408,2,0.200000003,357.3613892,9.177670479,0.572821796,7,44.52727127,1.391917706,0.541181684,3,6.50948459492972
-45285,1873795,188.7062225,409.141571,2,0.370000005,838.5610352,11.33421898,0.654028535,7,78.90000153,1.41904366,0.976309717,3,7.84652523245685
-735285,2193795,149.690979,1464.082153,2,0.354782611,369.8352966,7.95538044,0.40824157,6,45.51304245,3.640245199,-1.177117705,1,5.6080488733896
-1095285,1433795,120.4891357,2307.854248,1,0.19532609,347.7611694,8.088206291,0.334679335,4,50.91739273,3.93204236,1.030632615,4,4.62755584136037
-755285,2173795,145.9555817,1664.365356,2,0.115714289,393.8175659,7.299183846,0.416978002,6,31.3571434,5.526299,-2.61939621,1,6.6061221953592
-1215285,1003795,130.4786072,1577.192017,2,0.100000001,430.8346863,14.33886337,0.267523408,5,59.59999847,1.23585856,-0.791974127,2,3.62695593144465
-1125285,2083795,210.8713074,1918.430176,4,0.262957752,282.216095,6.967464924,0.198546246,5,36.27464676,6.202940464,6.335554123,2,2.15311618113654
-725285,1723795,175.3039856,1419.452637,2,0.231428578,293.2806702,11.25523853,0.412838161,6,60.34285736,1.246915817,-1.068037391,1,4.49201881654951
-1125285,1613795,197.0483398,1535.789551,5,0.383333325,196.2535706,11.82660961,0.135884464,5,55,2.749005556,-0.582091093,2,1.96478460262236
-1105285,1053795,177.3331299,1347.407349,133,0.310000002,270.0056152,16.12784958,0.181212813,5,59.79199982,3.249303341,1.394971132,2,1.76823656892085
-1125285,2253795,172.7453766,2149.419434,4,0.310000002,250.9647369,2.137049913,0.17694518,5,43.8730011,3.144398689,-1.823421955,2,3.04566186286949
-1095285,1413795,175.9679871,2522.273926,1,0.263399988,480.3786926,7.459249973,0.514359653,4,43.62599945,6.352173328,3.479484797,4,7.65918048405392
-945285,1783795,136.0147552,2543.726807,3,0.257346928,336.8395996,3.496275425,0.458176672,4,53.81020355,9.282095909,-3.391943216,4,7.27480420256038
-675285,2403795,184.4054108,1495.619873,2,0.363999993,537.9887085,6.171999931,0.58422631,6,64.94000244,6.439815998,1.467671633,1,9.59337194125628
-1105285,2113795,173.0993347,2095.03833,4,0.319999993,263.0223083,6.051799774,0.264863014,5,39.75799942,11.63626575,-0.035825592,2,3.41932254580211
-705285,1113795,147.9094086,1248.470459,2,0.200000003,396.6091919,15.27110004,0.260591865,6,57,1.232098579,0.00664813,1,3.42614737958493
-785285,2333795,189.9186554,1602.95459,2,0.319999993,350.3790894,6.633850098,0.35615921,5,55.76200104,2.311244488,-0.563761294,2,5.11197899315908
-735285,1283795,196.2527008,1277.149048,2,0.231600001,388.7871094,14.3807497,0.279187799,5,25.47699928,2.04830265,0.859004498,2,1.10813765765901
-305285,1783795,163.406311,671.8770142,2,0.310000002,591.3900146,11.77687454,0.477900028,6,68.41146088,2.27922678,1.669536233,1,7.93239786702633
-285285,1613795,136.7816467,672.8676758,2,0.30250001,645.5640259,13.02078152,0.507048845,6,77.01875305,1.678943276,0.495472908,1,5.21883384156478
-765285,2043795,131.932724,2228.460205,4,0.183673471,455.5229797,5.58020401,0.419265926,6,37.94693756,4.344449043,0.477485001,1,6.98827134376729
64715,1683795,166.8887787,335.7085266,2,0.408936173,1034.672729,13.01590443,0.710100055,7,80.82234192,1.787247777,0.979297042,3,11.2230754693344
-1115285,1193795,188.3194885,2184.400146,1,0.140499994,519.5543213,11.17500019,0.43542248,4,49.11500168,12.05113983,1.504490972,4,3.41135873197688
-235285,1873795,168.9010773,578.0764771,2,0.319999993,647.1060181,11.42193508,0.52525878,7,87.06343842,2.022811651,0.156581983,3,9.00547693548488
-805285,1333795,138.7222443,1594.901855,2,0.370000005,363.5166016,13.08075047,0.246514261,6,56.4640007,1.248366475,-0.01356317,1,3.03708226242649
-1115285,1483795,173.52388,2031.727173,3,0.141000003,274.5975647,10.15884972,0.184797406,5,46.15499878,4.773839951,-1.453140259,2,1.80739569088021
-745285,1083795,177.8643646,1013.55426,2,0.230631575,344.0316467,16.74279022,0.229102552,5,34.29263306,1.695938587,0.038233001,2,1.28312861092157
-115285,1633795,194.6305084,413.6390686,2,0.30130434,825.9662476,13.58173943,0.592961192,6,75.96521759,1.171944022,-0.781549692,1,5.68861417031991
-895285,1453795,232.79245,2058.290771,1,0.311063826,361.4281616,9.876914978,0.258720338,5,42.45318985,3.059939623,0.758980215,2,2.83549802996475
-505285,1853795,128.8826141,1137.957397,2,0.319999993,476.9952393,10.57836723,0.443899512,7,87.14694214,1.355440855,1.009908557,3,4.48803531873235
-585285,1673795,150.3199158,1224.874634,2,0.3495,378.041687,11.88020039,0.310224265,6,81.11100006,1.271392941,1.18516767,1,6.90304893978709
-685285,1953795,151.3249054,1374.917236,2,0.113580249,359.1017151,9.65141964,0.481505781,6,14.20864201,1.241915822,-0.012344663,1,3.07874636663831
-975285,1423795,184.0488892,1886.01355,3,0.263917536,296.2453003,11.09283543,0.194149807,5,33.11340332,3.124814987,2.087547064,2,1.59873949354161
-695285,1263795,157.3687744,1287.726563,2,0.243599996,421.2914124,14.22039986,0.299431115,6,41.02999878,1.562330842,-0.056979012,1,2.88661564661708
-705285,1053795,127.1831589,1088.80957,2,0.170000002,334.4779053,16.50354958,0.277804404,5,14.34000015,1.208791375,0.692556739,2,1.82797925975592
-1045285,1403795,180.9940491,2159.529541,4,0.170909092,352.5251465,9.812625885,0.245050266,5,53.53737259,7.091258049,0.02098396,2,3.2270356294444
-855285,1693795,147.8335419,2303.090576,5,0.175312504,200.0285492,5.582708359,0.248715892,5,39.74687576,0.81174159,-0.438090414,2,0.943959521243704
-735285,1873795,160.563446,1836.904419,2,0.235263154,487.9899597,9.410894394,0.391437292,6,41.0852623,3.150823593,0.344523877,1,3.64601284049429
-875285,1983795,160.5248108,2697.873779,4,0.259166658,485.4237671,2.193214178,0.683532774,4,46.10952377,6.131806374,0.156225622,4,10.9839451200001
-1045285,2283795,126.853157,1974.005615,4,0.357878774,392.3227234,5.374495029,0.385653734,5,55.88383865,9.508742332,0.507246017,2,8.26861579257938
-785285,1423795,176.4194641,1965.585693,2,0.226326525,466.6951294,10.08673477,0.351424247,6,50.21224594,3.39440155,1.359071255,1,4.19629768767854
4715,1623795,174.7068787,300.2720642,2,0.340000004,987.0410156,13.40926361,0.748018861,6,59.72105408,2.633149147,-0.924470305,1,9.92801564933747
-1125285,1163795,179.1403503,2205.230469,1,0.270900011,676.0751953,10.47539997,0.580458462,4,56.00699997,14.80089092,12.53632164,4,9.80376508895006
-1045285,2273795,122.9564896,2286.109375,3,0.192708328,532.5292358,3.829062462,0.501332462,4,59.78229141,15.19014263,-6.964701653,4,9.51341895061318
-875285,1093795,159.058075,1765.283081,3,0.124499999,444.7634888,12.50769997,0.223087415,5,67.63300323,6.011924267,-1.110947371,2,5.52819680436893
-315285,1883795,154.3589172,692.7998657,2,0.319999993,594.4091187,10.94467735,0.553646743,7,87.71720123,1.895763874,-0.583490193,3,9.85751732658646
-65285,1723795,159.4080048,440.3251648,2,0.362346947,862.0939941,12.60785675,0.694213927,6,84.19387817,2.460938215,-2.114067554,1,13.1236469404413
-875285,1973795,218.7452698,2811.786377,3,0.171616167,748.8380737,1.345959663,0.721841931,4,42.26666641,11.58145332,-0.296852529,4,13.6662891276791
-25285,1843795,167.4069824,400.584198,2,0.370000005,881.2350464,11.77035332,0.699965358,6,73.62625885,2.219385624,0.567813635,1,12.0705929853365
-895285,1903795,222.4938354,2724.985352,3,0.174387753,651.9158936,2.577755213,0.715076149,4,52.07959366,16.38768768,18.4806118,4,14.9644551584614
-795285,2103795,204.0095673,2178.81665,4,0.319999993,327.1208801,5.019322872,0.330301374,5,36.74062347,1.209943533,-0.955271423,2,3.93277211195659
114715,1733795,175.8499908,326.4807739,2,0.367804885,1027.617798,12.625,0.754315197,7,82.36341095,2.239066601,-1.374450326,3,10.2312194723215
-995285,2273795,180.5780792,1639.455811,4,0.355204076,221.9420471,6.59954071,0.195451722,5,48.8377533,2.401259422,0.186783582,2,1.99754375052665
-735285,2003795,147.8052521,1613.716064,2,0.253894746,355.125,8.684210777,0.328759432,6,52.20736694,0.97515595,-1.325597882,1,3.7725585924522
-855285,1033795,140.3536224,1131.299805,133,0.319999993,234.6269836,16.3950882,0.218843952,5,58.23333359,1.598425508,-1.917734265,2,3.06333222456093
-715285,1763795,196.1752472,1682.247803,2,0.100000001,374.9329529,9.887070656,0.305712849,6,19.79999924,1.336170673,-0.7262761,1,2.16156973925835
-865285,1873795,197.1330566,3459.541992,4,0.132365584,770.5502319,-0.375806421,0.567408979,4,41.9623642,17.8762188,-16.48069954,4,15.2970336597559
-635285,2463795,149.1200409,996.5053711,2,0.366949141,381.1786499,7.520678043,0.414411515,6,75.65084839,2.334582806,-1.172317505,1,8.75382812342403
-935285,1123795,169.5470886,1223.605835,131,0.418000013,247.7804565,16.23564911,0.151787534,5,53.05699921,0.850901842,-0.126037657,2,0.859244619214181
-715285,2383795,185.0059662,1354.858643,2,0.319999993,368.1871033,6.959350109,0.385653704,5,48.70800018,4.029709816,0.241906181,2,4.87389034971612
-1045285,1553795,118.1519775,1993.928589,4,0.363599986,269.5422058,9.558349609,0.189436942,5,42.86999893,3.039400578,0.602065325,2,3.1981973993165
-1165285,1403795,219.5466156,1984.739624,3,0.284200013,342.6843872,9.949150085,0.223278224,5,53.91999817,3.260131121,2.357493877,2,2.21568809469604
-755285,2273795,152.0718536,1504.38208,2,0.319999993,327.0487061,7.35529995,0.3181068,6,41.28699875,2.224244118,-0.060822889,1,3.61766877277241
-15285,1793795,148.9148254,320.223938,133,0.341505378,895.4657593,12.62973118,0.719014108,7,74.91290283,1.916015744,0.609841585,3,9.88952908995318
-755285,1693795,163.4082489,1709.114868,2,0.296000004,391.2644958,10.41804981,0.30901897,6,73.48799896,3.229441404,2.689402342,1,5.51079110704921
-1055285,2373795,149.280899,3067.566162,5,0.267699987,598.4508057,-0.279900014,0.446142405,5,57.2140007,18.69576645,-2.564503431,2,6.6145580139229
-765285,1113795,172.883255,1080.792847,2,0.312222213,347.2681885,15.70575714,0.19425115,5,50.83434296,1.400835156,0.844474137,2,1.68223317825071
-1065285,2333795,126.0408783,1963.467285,4,0.349080473,242.6340942,5.526092052,0.425209165,5,48.68735504,3.61917448,-1.323031902,2,4.63763784040594
-785285,2463795,169.1239166,1191.699097,2,0.319999993,371.8136597,7.447929382,0.399035782,6,49.38990021,6.16913414,0.942057729,1,9.46321821012933
-1075285,1943795,181.4106903,1951.904541,3,0.200000003,316.846283,7.978232384,0.314348072,4,52.40000153,12.24251938,-4.535199165,4,3.39289526685927
-505285,1673795,161.697403,1022.733398,2,0.188749999,432.1408081,12.1303978,0.384640366,5,28.10568237,1.227719426,-0.787481368,2,3.50554343043226
-1095285,2503795,188.0869598,2754.472656,5,0.070500001,847.6538696,0.060249981,0.45821628,5,44.39199829,19.45152855,0.462949693,2,12.439588575668
-995285,1683795,151.0700531,3545.627441,4,0.062637366,1020.389343,-0.189340681,0.520050883,4,32.80659485,20.52471924,17.17277145,4,13.5492033386059
-825285,2203795,191.8349609,2245.171875,4,0.318787873,411.0666809,3.700909138,0.35844323,5,47.10202026,2.875979185,1.202707529,2,4.75516545672116
-595285,1873795,121.6723938,1410.351318,2,0.329892486,436.7037354,9.681666374,0.372206718,7,59.06989288,1.115156412,0.335648775,3,7.42764735917362
-815285,2223795,188.0053101,2227.250977,1,0.227216497,558.3736572,4.496133804,0.555677056,4,46.40618515,10.23643208,1.004350543,4,8.56411539854673
-855285,2353795,151.8699036,1514.688965,2,0.342359543,350.730011,7.331573009,0.292867422,5,60.41236115,4.748237133,-2.85576725,2,5.54366630132097
-755285,1543795,155.7319946,1865.264404,2,0.430000007,411.5299377,9.630157471,0.321114182,6,72.75263214,1.302584529,-0.97781539,1,5.97409309774931
-1125285,1223795,157.755188,2382.112061,1,0.173500001,517.3983154,9.444000244,0.407234788,4,51.01399994,8.015144348,3.575697422,4,3.83918485345972
-905285,1223795,232.394577,1713.269531,2,0.367127657,366.8890076,13.1595211,0.223067954,5,63.53404236,1.759581923,-0.715028822,2,1.68543444401149
-1205285,2103795,129.7130127,2498.298584,4,0.312765956,460.4623108,3.31590414,0.510989189,5,51.43191528,4.63324213,0.377299279,2,8.09728715676942
-975285,1133795,90.43876648,1307.327271,133,0.180399999,284.7119751,16.14374924,0.196840644,5,40.41999817,3.530754566,-8.275917053,2,2.62971701802784
-925285,1143795,214.0049744,1371.771729,3,0.37362501,314.9506226,15.64643764,0.202295065,5,73.97000122,2.175744534,-4.715050697,2,4.2326202929349
-775285,1723795,124.2054367,1743.370361,2,0.319999993,378.0997925,10.54564953,0.337933451,6,77.03500366,3.456042528,-2.043694019,1,5.83286584441729
-825285,2463795,153.9911346,1324.066528,2,0.319999993,385.7651672,7.453636169,0.419027716,6,62.60504913,7.524405479,1.94550252,1,13.4597995898209
-1015285,1973795,196.3973083,2185.614258,3,0.222399995,510.5690918,6.467999935,0.587556183,5,52.88700104,13.73684216,-1.981443167,2,6.54675156505017
-765285,1583795,179.7552032,2290.002197,3,0.150000006,498.9424744,8.101633072,0.642892599,4,34.09999847,10.74832439,4.436890125,4,5.63758998750949
-715285,2073795,144.5140076,1783.509766,2,0.170000002,408.7068481,7.714381218,0.407383353,6,43.79999924,1.760922432,0.903116524,1,4.27537296160266
-715285,1963795,178.4107513,1414.151978,2,0.186000004,344.8928833,9.516750336,0.560792089,7,38.35874939,1.183509231,-0.204956129,3,6.09893261449336
-1185285,2403795,180.5212555,2864.269043,4,0.105670102,1638.668091,-0.457319558,0.308872193,6,51.09278488,29.69310951,-7.757463455,1,11.5308327306752
-1005285,2333795,151.2809601,1681.391602,4,0.240099996,219.3882904,6.779250145,0.148676187,6,31.56299973,2.791361094,-2.375191212,1,2.0544201915485
-885285,1753795,183.2583466,3330.817627,4,0.121530615,539.5224609,0.427653044,0.615889668,4,44.52754974,17.95496559,14.10730362,4,10.0767220211305
-835285,1773795,149.2484589,2947.023438,3,0.109183677,422.0402222,2.655050993,0.582583427,4,47.55714417,13.39605808,9.398647308,4,6.97618360125541
-915285,2063795,217.1851349,2838.206055,4,0.134639174,1204.603394,1.085876226,0.614953279,4,43.23092651,12.67227077,12.31462383,4,10.3896104020734
-665285,2023795,164.4168549,1624.525757,2,0.25454545,399.5626221,7.96999979,0.395559549,6,55.20909119,1.560181856,-0.049243987,1,4.02267641359983
-955285,1963795,177.0174255,2843.936035,3,0.232800007,871.7335815,2.80824995,0.755578279,4,49.55699921,10.9105444,6.897601128,4,11.4368829355605
-585285,1783795,165.6217194,1357.792603,2,0.228888884,401.8735352,10.26146507,0.360283792,6,41.72424316,1.068382621,0.421525776,1,1.96138126016418
-825285,1423795,178.6333466,1958.537598,2,0.279687494,457.10672,9.814739227,0.388280451,6,55.63958359,6.340496063,-2.214991808,1,4.08465969326679
-485285,1723795,129.000885,1068.211304,2,0.323437512,455.1554565,11.37473965,0.35365358,7,76.69271088,0.855928719,-0.089210451,3,5.3283258925881
-225285,1583795,177.43927,474.014801,2,0.292111099,724.2776489,14.16950035,0.531020045,6,49.72777939,1.79126668,-0.365131915,1,1.40300498234229
-765285,1063795,131.7113953,955.6229248,2,0.362117648,345.4205322,17.18752861,0.375152677,5,64.29293823,1.13962543,0.071176596,2,6.21344805751299
-1115285,2423795,169.6640015,2808.726074,5,0.051041666,1067.967896,-0.31640625,0.440920413,5,45.55625153,18.73756218,2.661374569,2,12.8847924067456
-175285,1863795,131.9520416,493.2911072,2,0.319999993,705.1155396,11.28915787,0.569239259,7,78.9336853,2.088657141,0.52065289,3,8.97032922300844
-575285,1833795,158.5167542,1369.616211,2,0.34593749,454.0144043,10.15276051,0.387421519,7,69.17708588,1.522448063,0.006316773,3,5.36915265366119
-925285,1163795,223.8479004,1448.123047,3,0.339062512,330.5870056,14.90630245,0.22943677,5,60.015625,3.246306896,-1.748145938,2,1.98917445408946
-1015285,1033795,175.6562195,1254.433716,2,0.241111115,235.7522278,16.89116096,0.167239994,5,32.33232498,1.142573714,-0.121203527,2,1.29236910984559
-875285,1393795,192.3113251,2134.965088,2,0.301030934,429.6853943,9.547732353,0.305388212,6,47.43195724,2.689108372,0.375338405,1,2.75711731199612
-525285,1573795,157.8045959,1085.947021,2,0.164516136,459.407074,12.88650513,0.392309457,6,26.36344147,1.345062852,-0.289676338,1,2.96827675568084
-235285,1613795,141.7846375,580.284729,2,0.348749995,707.5662842,13.45109367,0.443004459,7,60.8125,1.028755665,0.186427519,3,4.07291487625974
-705285,1063795,146.4698486,1097.982056,2,0.170000002,352.9896851,16.42140007,0.29650563,5,12.81799984,1.141826868,-1.183323026,2,2.4745114876763
-715285,1723795,177.4129486,1403.776001,2,0.246136367,279.3076477,11.32590866,0.290954292,6,62.68977356,1.536802173,-1.377039552,1,3.46972089370062
-835285,1753795,160.0424957,2352.532227,3,0.091734692,363.9056396,6.859694004,0.439435929,4,36.71734619,14.87580013,0.333303869,4,6.1577402946294
-975285,2423795,178.2022705,1382.694092,133,0.370000005,233.5115967,7.387849808,0.136813253,6,56.48799896,3.748557329,1.548870087,1,2.67104375781943
-485285,1763795,130.6230621,1086.937012,2,0.329263151,476.9575195,11.3362627,0.446605504,7,87.1631546,0.883993447,0.533352792,3,7.07311562740053
-425285,1813795,115.3291855,958.87146,2,0.319999993,509.4685974,11.02525997,0.498987436,7,88.43228912,0.80400908,-0.164269,3,8.99384092399084
-805285,1983795,151.8346252,3169.078125,4,0.079166666,705.9006958,-0.587023795,0.510033131,4,35.48333359,18.00355721,10.67198277,4,15.3793234689678
-955285,1063795,165.6270447,1243.821045,5,0.173877552,264.8158264,16.94382668,0.171966985,5,23.32755089,1.220740676,-0.090587325,2,1.06649773499981
-685285,2033795,149.5762024,1610.55603,2,0.171458334,366.6785889,8.304583549,0.353080809,7,43.91875076,0.946306586,0.274999112,3,3.12517867299746
-195285,1663795,154.1664124,512.7481079,2,0.190108702,749.5645752,13.34418488,0.523756742,7,35.02825928,1.638614774,0.256468743,3,4.97630618266281
-5285,1713795,179.8831024,354.0131531,2,0.428900003,941.4439697,12.67125034,0.699926794,6,82.27300262,1.265184522,-0.117647596,1,11.1670602849274
-935285,2373795,175.2415009,1421.714355,4,0.370000005,290.0140076,7.404099941,0.212163776,5,56.20000076,4.375505924,-2.117395163,2,2.10226146486525
-685285,2303795,172.3090668,1218.46936,2,0.29913044,351.9445496,8.044130325,0.329357773,6,44.11738968,2.818080187,-0.846158862,1,3.27879398999697
-905285,1883795,204.2419586,3132.413574,3,0.150000006,706.7191772,1.347010374,0.626673281,4,42.74020767,19.0276432,5.532361984,4,15.0154495068666
-685285,2443795,188.1414185,1276.309082,2,0.315510213,465.8111572,6.973775387,0.619490266,4,50.11020279,6.2764678,2.97239542,4,8.59971411409065
-915285,2433795,221.6177979,2053.503906,4,0.319299996,573.6696167,5.361800194,0.374831557,5,56.36999893,10.7206583,0.47391054,2,9.81757769988636
-1075285,1143795,153.0384827,1675.910522,3,0.152799994,384.4989929,14.05910015,0.239938051,5,57.61199951,7.373420715,-2.734582901,2,4.18464565865943
-915285,1773795,188.9247589,2770.391357,3,0.249387756,426.7673645,3.026479721,0.460496724,5,48.74081802,12.19872475,-8.607299805,2,4.2151050690964
-795285,1983795,165.2466736,2731.346191,3,0.059999999,599.2727051,2.476399899,0.662732661,4,38.90800095,17.18971825,8.129282951,4,17.5286575934631
-915285,1743795,163.8130646,3063.058838,3,0.050000001,519.6500244,2.444499969,0.595934987,4,49.59999847,14.62836456,3.719567299,4,8.95825690987072
-475285,1833795,145.0162659,1085.137207,2,0.319999993,501.8673706,10.66851997,0.439647347,7,88.42346954,1.059977293,0.116589762,3,7.26094837364622
-635285,1753795,181.0088043,1417.888672,2,0.370000005,356.77005,10.63135433,0.270162046,6,61.63437653,1.268299818,-0.936349571,1,4.11867402133257
-65285,1563795,188.6714478,388.6377563,2,0.347604156,953.0198975,14.31208324,0.689219356,6,82.90312195,2.160090685,-0.378723294,1,8.96161246997295
-1155285,1013795,104.8210449,1382.465454,2,0.244352937,308.7901917,15.74423504,0.187288702,5,43.05646896,3.605084419,-0.279108733,2,2.53278976848399
-1085285,1133795,159.7887726,1760.694458,3,0.1505,445.5888062,13.39999962,0.253279388,5,59.58499908,11.36043835,3.721635342,2,4.14204922149274
-255285,1613795,148.0614166,614.5671997,2,0.325164825,685.3956909,13.26917553,0.473077029,7,58.38461685,1.155071378,0.109122403,3,4.6234417521613
-765285,1523795,144.6437073,1818.019531,2,0.430000007,413.1910095,9.997286797,0.341225713,6,72.57021332,1.382471204,1.014051318,1,7.88838548553295
-485285,1643795,149.1221161,978.413208,2,0.353578955,437.0092163,12.50205231,0.389483482,7,79.33579254,0.957707167,-0.116399705,3,4.46642955552441
-785285,1823795,184.3621216,2542.328369,1,0.150000006,541.9661865,6.069797993,0.461982191,4,32.10606003,7.704179764,2.248405933,4,7.76472269989507
-1075285,1313795,189.2360229,2423.289063,1,0.136999995,400.7528992,9.039500237,0.419051826,4,43.51499939,11.57056427,1.826727629,4,4.78686901184791
-1135285,2453795,146.9869843,2448.891357,5,0.165671647,908.8373413,0.864253819,0.595303774,5,46.6537323,5.995902061,3.907583952,2,10.7249965346026
-925285,2243795,183.9118958,2153.169189,4,0.173917532,311.6947632,5.637422562,0.23433736,5,39.82061768,4.003539562,2.367752552,2,2.16623290780984
-1095285,1953795,180.5719452,1890.464355,3,0.196999997,294.4224854,8.68445015,0.268434763,4,52.44800186,9.766246796,0.9677881,4,2.93248780458802
-705285,1373795,140.9907379,1295.222168,2,0.153510645,419.070282,14.27281952,0.305675566,5,44.03723526,3.6725986,-2.098115921,2,2.67373226820116
-985285,2003795,192.3321686,1972.401123,4,0.302399993,409.9943848,5.941100121,0.328816682,5,36.29199982,4.17852211,0.298698634,2,4.27296934567058
-905285,1113795,192.6717072,2349.640381,1,0.353917539,662.9254761,9.829536438,0.555978596,4,59.91030884,12.34911633,-0.084352732,4,9.62995073825739
-75285,1683795,170.8745575,424.0500793,2,0.322150528,854.7805786,13.13801098,0.67221266,6,83.81505585,1.932325721,1.246241093,1,13.6732513858831
-695285,2003795,146.3518982,1531.031982,2,0.241414145,354.9165649,8.895959854,0.356211841,6,48.2929306,1.277623773,-0.526215315,1,4.29647855669388
-65285,1693795,172.3826904,416.2887268,2,0.35736841,865.4492798,13.03378963,0.674899161,6,84.80105591,2.902223825,-0.602760077,1,14.6168304941418
-1025285,1093795,176.9447632,1392.796021,133,0.205799997,286.1459045,16.32049942,0.171842054,5,43.88299942,3.012372494,0.235557944,2,1.70245215840235
-725285,1963795,166.3352509,1429.473022,2,0.220895529,343.2485657,9.56380558,0.586879551,7,49.36268616,1.029545069,0.027910696,3,5.86475232811999
-235285,1563795,143.4681702,466.3523254,2,0.370000005,715.4591064,14.30656242,0.521265507,6,73.82499695,2.208580256,0.244229287,1,6.16265833990365
34715,1593795,188.8963776,270.6040649,1,0.393052638,1079.893677,13.77963161,0.718102574,7,66.73473358,1.713860273,0.703447402,3,9.1207449816917
-35285,1823795,167.9562836,409.9634094,2,0.370000005,895.140564,11.81510353,0.692046642,6,80.33092499,2.633957386,-0.112260595,1,11.8984942724497
-1095285,1993795,184.9772339,1917.447998,3,0.246984124,305.5715332,8.248809814,0.258972079,5,45.55555725,6.954844475,-10.00969601,2,3.25204409669841
-735285,2163795,155.4769897,1428.284668,2,0.327528089,341.8751831,8.665225029,0.413046002,6,36.54381943,1.87784791,-0.954479814,1,6.03520049029911
-915285,2423795,225.2365112,1724.05957,4,0.360408157,403.3713379,7.595254898,0.336997539,5,55.67040634,9.89766407,-5.171597481,2,4.74508572633154
-755285,1763795,119.6594086,1747.847412,2,0.293367356,415.6874695,10.28168392,0.263644636,6,69.59897614,2.678585768,-0.964945734,1,8.35504674782682
-885285,1833795,116.3560333,3096.730225,3,0.11804878,370.5949707,1.492621899,0.506404161,4,33.62195206,11.65888786,-10.85257149,4,9.14434797698338
-1065285,1253795,206.9729004,2266.905762,3,0.300101012,407.0835571,9.377929688,0.316492945,4,40.62525177,7.03907156,-3.22127676,4,3.15079597068725
-805285,2243795,175.9057312,1666.913086,2,0.309565216,334.8848572,7.667173862,0.371050358,6,44.95760727,4.044919968,-2.485476017,1,4.98915058604569
-895285,2163795,153.0674438,1985.275635,4,0.319999993,281.9591064,6.109659195,0.195977926,5,49.9272728,2.205539227,1.122959495,2,3.02064023013778
94715,1683795,176.3606262,294.1005554,2,0.36147368,1064.709351,13.14252663,0.75224489,7,83.66420746,2.485663652,-1.182390332,3,11.0187222764094
-795285,2213795,172.4384155,2183.584229,4,0.208000004,483.9522095,4.763444424,0.48825556,5,39.65777588,7.220560074,-1.668995023,2,7.05958856264133
-1165285,2413795,190.1130524,2159.655518,5,0.19571428,705.1028442,2.375892878,0.679683745,4,39.88214111,7.099058628,6.06456089,4,14.3118842555166
-1205285,1033795,200.1652069,1641.598389,3,0.148399994,414.9411011,14.56809998,0.237640426,5,59.26399994,4.402792931,-6.67025423,2,3.13985601773529
-895285,1343795,162.3432312,1863.787109,5,0.370000005,371.6223145,10.61709976,0.223739743,6,54.90000153,1.018102646,-0.4255732,1,3.58186924521245
-945285,2043795,193.9412231,2407.25293,3,0.190099999,629.0929565,4.576550007,0.68463397,4,45.06200027,10.03948879,-4.865869045,4,11.5744852769749
-1025285,2413795,156.7418213,1920.448975,4,0.319999993,356.6488953,5.706615925,0.341299713,5,55.29090881,8.178191185,4.782752991,2,6.43459381464659
-775285,2193795,156.7610626,2046.387573,1,0.12346939,483.8151245,5.768214226,0.511401713,4,34.65204239,9.601856232,-3.872504473,4,5.79326152453907
-195285,1843795,167.2918091,473.682251,2,0.319999993,677.9003296,11.62963581,0.486569077,7,80.89375305,1.320853233,0.124444224,3,7.21057273435249
-1045285,2143795,160.4453735,2089.026123,4,0.331111103,186.294754,5.350050449,0.184044376,5,41.70909119,3.897945881,-2.236071825,2,2.19569084436695
-735285,2143795,120.8655472,1500.247192,2,0.325494498,365.631958,8.550768852,0.503955722,7,37.1428566,2.158913851,-0.282570839,3,7.89739625297714
-925285,1073795,219.7112885,1475.604248,2,0.195500001,343.4978943,15.8100996,0.196915939,5,57.94400024,3.317285538,-0.78693068,2,1.93216456341868
-935285,2343795,159.1091919,1883.016235,4,0.319999993,443.1875916,5.940149784,0.424170852,5,52.08499908,9.932671547,7.428365707,2,8.52081266175164
-845285,1313795,130.5755463,1834.683838,2,0.351099998,369.0495911,11.47480011,0.262845755,6,54.90000153,2.218816042,-0.455232084,1,4.58961400372432
-895285,1653795,143.1372375,2609.196045,3,0.098265305,326.9038086,4.492295742,0.367352575,5,55.73163223,8.76265049,-2.942688227,2,8.78683214646059
-1135285,1693795,219.6029205,1916.551514,3,0.279178083,366.405304,9.41390419,0.301414013,4,50.28630066,8.488733292,0.202037185,4,2.77647881230863
-705285,1613795,124.4481659,1626.179077,2,0.340000004,353.6993103,11.3920002,0.247253478,6,70.51200104,1.50899744,-0.645860672,1,10.2895244437427
-1055285,2073795,162.2381897,2133.145264,5,0.319999993,308.2687988,6.359000206,0.174825892,5,36.40000153,3.096803904,0.450051457,2,2.93299530963434
-845285,2423795,169.0589142,1441.582642,2,0.319999993,345.7355652,7.26052618,0.416433841,6,49.53421021,4.450622559,2.515186787,1,7.85763978013502
-805285,1803795,163.0078888,2673.671143,3,0.050000001,373.0059814,4.021822929,0.516664565,4,35.40000153,7.861328602,1.728971004,4,8.02654931922899
-475285,1743795,154.7281799,1047.217896,2,0.351752579,471.9855042,11.4117012,0.424793482,7,79.27732086,1.341647387,-0.349293441,3,5.42099760827316
-935285,2423795,182.6859589,1304.823486,4,0.329374999,229.331955,7.504635334,0.197874516,5,56.30833435,2.855191469,-2.384955168,2,2.05595972341032
-925285,2203795,155.3834686,2142.718262,4,0.280618548,322.3638306,5.922164917,0.339812487,5,37.63298798,6.99588871,-1.90548563,2,3.95139084719285
-875285,1133795,156.4154968,2041.025146,1,0.24303031,509.7314148,10.68585873,0.414718866,4,58.97979736,7.977318764,2.793760061,4,4.23207189741185
-815285,1563795,176.5362549,3020.616699,3,0.175510198,633.8942871,3.591428518,0.56396842,4,43.16938782,14.63306904,2.949316502,4,10.5547733341603
-815285,1713795,226.6296082,2551.927734,3,0.178800002,402.8099976,5.364699841,0.400150627,6,35.65299988,5.192247391,0.823477268,1,4.55842314024232
-605285,1903795,155.8446198,1415.860352,2,0.239999995,424.6500244,9.516173363,0.370575577,7,46.90000153,1.285168529,-0.430884153,3,4.94180215458259
-505285,1663795,140.5029297,1048.272339,2,0.322268039,434.8638306,12.02592754,0.351929784,7,65.42371368,1.230900764,0.772733629,3,5.33089160079005
-785285,2423795,155.5769806,1322.910767,2,0.319999993,392.9514465,7.520765305,0.379817218,5,59.68673325,7.260247707,2.716733217,2,9.2267637690067
-265285,1653795,155.9496155,633.465271,2,0.188247427,663.7460327,13.13948441,0.592787623,7,28.57422638,0.829210281,-0.258390874,3,5.83194410248867
-235285,1733795,164.9889984,582.7163696,2,0.319999993,673.2722778,12.62058544,0.504557073,7,81.15213013,1.287768245,0.773041189,3,6.18112933165793
-925285,1823795,186.0228577,3492.475342,4,0.137526885,986.699585,-1.245376348,0.461666703,6,39.76559067,20.99343491,13.30269909,1,11.349982616996
-875285,1853795,212.8997192,3376.358154,4,0.150769234,580.6061401,-0.213022023,0.535711646,4,36.94065857,14.39017105,3.393611908,4,13.1973703894631
-275285,1843795,148.5490265,576.9214478,2,0.319999993,615.0097046,11.27921867,0.520080686,6,82.265625,1.807422638,0.189761028,1,8.3296479956028
-785285,1793795,233.0632172,3050.373535,3,0.072499998,509.9227905,2.339750051,0.587061584,4,36.35300064,14.53996754,1.162212014,4,12.5094344113803
-225285,1823795,161.3699188,492.1062317,2,0.319999993,670.8432007,11.77090359,0.489997268,7,82.12770844,1.247369766,-0.751396358,3,7.66657449424125
-835285,1713795,164.174942,3337.065918,3,0.132421046,778.9414063,0.020947313,0.564658225,4,41.55894852,27.19006729,14.78281403,4,13.2804116179864
-665285,1573795,165.4203339,1706.972656,2,0.211875007,409.8709717,10.7894268,0.365768135,6,47.04999924,9.306984901,2.378786087,1,5.32923471386912
-775285,1523795,141.1049194,1855.522461,2,0.430000007,414.8079834,9.927010536,0.362248391,6,72.47216797,1.462004781,-0.393963099,1,7.87474477823307
-5285,1783795,152.2498932,320.0847473,133,0.32364583,916.0687256,12.53750038,0.734924138,7,82.43125153,2.507657528,-0.945877254,3,10.6668527922907
-1115285,1063795,124.7349396,1305.331543,2,0.292199999,268.3409119,16.06974983,0.161153942,5,54.58200073,1.278696895,-0.600584328,2,1.5408428883466
-705285,1043795,150.7617035,1076.887451,2,0.170000002,316.4728394,16.49641418,0.261964053,5,17.81111145,0.951385796,0.489494294,2,1.28448261060407
-835285,1683795,224.6648712,2562.456787,131,0.11272727,306.0802917,5.522676945,0.212244317,3,10.03939438,7.100555897,-6.376158237,,2.49520635316349
-315285,1623795,153.9803772,728.6289673,2,0.278947383,631.4405518,12.82736874,0.495620817,7,62.48631668,0.963869989,-0.172946319,3,3.72269531178289
-785285,1073795,159.5002899,1105.315186,2,0.175600007,358.1405945,16.28635025,0.221865848,5,63.5,3.267072439,-2.735549927,2,3.06703315886942
-655285,2273795,142.118042,1245.765869,2,0.370000005,413.1216431,7.927295685,0.354245186,6,78,2.976726532,0.870857716,1,7.38309961133019
-975285,1643795,162.7661438,2435.396729,3,0.285773188,609.7069092,5.460051537,0.571225345,4,57.45463943,5.240346432,-1.841271758,4,9.60811383367985
-1035285,1183795,197.0296478,1405.778076,133,0.134313732,271.5201721,15.51382351,0.175718352,5,44.62352753,4.773641109,2.140118361,2,2.43747144862007
-975285,1793795,167.5232391,2967.41333,3,0.185816333,642.4447632,2.503775597,0.691402733,4,56.41326523,20.63591957,2.22758913,4,15.4710559813137
-715285,1503795,141.3190002,1851.669189,2,0.33377552,424.1418457,10.08030605,0.335375518,6,64.00102234,1.405852079,-0.705301046,1,6.28693420614151
-715285,1243795,148.6807404,1371.825317,2,0.218400002,404.0382996,14.16265011,0.278097957,6,38.8219986,1.935822368,-0.458173901,1,2.66407966504154
-1035285,1433795,234.9664917,2441.22998,3,0.2359,351.6820984,8.096199989,0.331166178,4,58.56499863,5.70238781,4.150267601,4,4.06549147098287
-715285,2213795,175.9942169,1566.838257,2,0.298181832,382.9826355,7.293232441,0.349993736,6,32.74545288,3.248041868,-0.475374937,1,4.9672633227694
-855285,1223795,129.1656342,1850.153442,1,0.287600011,403.2561951,12.18540001,0.330481738,4,59.57500076,3.843621016,-3.420079947,4,4.55113260923638
-175285,1593795,142.046051,446.640686,2,0.242959186,788.9767456,14.1398983,0.499429256,7,45.37448883,1.436513782,0.547851324,3,3.28763577824435
-745285,2043795,135.8212738,1959.970703,2,0.164021745,392.2182312,6.977934837,0.414556623,6,41.85652161,2.523883581,-0.465200573,1,6.18790786728709
-985285,2223795,183.0466461,2088.872559,4,0.263799995,311.0056152,5.061500072,0.240367487,5,35.9469986,4.663132191,-1.941872716,2,2.81311976951614
14715,1783795,163.4812469,300.3895264,133,0.315333337,930.0789795,12.5282774,0.768633783,7,80.04444122,1.752974391,0.037611868,3,8.72114533354039
-455285,1593795,133.118103,926.0066528,2,0.235612243,470.8991089,12.96188736,0.524324656,7,46.1040802,0.745398998,0.01705111,3,5.27594900069205
-1115285,1163795,173.60849,2037.350952,1,0.236020401,539.0267334,11.46714306,0.426422894,4,48.22857285,12.82155514,-4.425082684,4,4.25368536339893
-725285,2383795,165.4417114,1338.755249,2,0.320505053,371.871521,7.04393959,0.373945177,6,49.17979813,1.957601786,-0.48252815,1,7.8381524761843
-955285,1533795,184.0471802,2382.011719,3,0.310515463,452.3249817,7.970927715,0.481251776,4,58.47731781,11.09362984,1.826704264,4,3.97309622380568
-1125285,1053795,147.411026,1406.611084,3,0.117799997,300.5408936,15.43435001,0.171499386,5,55.81000137,3.086957693,0.437196314,2,1.84489141372332
-995285,1223795,123.232605,1458.507202,131,0.118699998,261.099823,14.4395504,0.171309605,3,42.57300186,1.191553116,-0.413853735,,2.49468712830755
-645285,1573795,159.3280945,1551.107178,2,0.25,403.8778992,11.16237354,0.35484007,6,48.22121048,8.537667274,-2.583314419,1,4.48696376290765
-675285,1033795,161.1256561,961.6635742,2,0.170000002,344.4849548,17.20978737,0.252264827,5,19.59893608,1.113515735,0.351454556,2,1.45746809639449
-1035285,1223795,129.142868,1655.756348,3,0.209081635,284.2162476,13.67749977,0.189074486,5,38.15816498,5.790001869,-0.161515966,2,2.99219009482366
-835285,1633795,206.4545441,2368.172119,3,0.135268822,236.9365234,5.616397858,0.291292012,5,44.86021423,1.467543244,1.511207938,2,2.17110891466481
-1065285,1933795,207.6347504,2319.765137,3,0.208000004,453.7677002,6.567150116,0.468284547,4,53.5719986,14.37696171,-1.074153543,4,5.63545140667661
-875285,1513795,167.1365051,2084.048096,3,0.200000003,343.0952759,8.980103493,0.277031988,5,47.9814415,5.929635048,7.277666092,2,2.71049452136742
-885285,1413795,201.8623505,1996.236206,3,0.158686861,363.0767822,10.25393963,0.250220418,5,44.60504913,4.925181866,-0.664945364,2,2.4121349461648
-785285,1583795,132.2273254,2505.30957,3,0.150000006,540.6793213,7.137346745,0.537918925,4,34.09999847,8.128987312,3.149415016,4,8.12985078785826
-885285,2223795,206.5701294,1891.29187,4,0.274800003,261.7654419,6.675199986,0.235631078,5,30.3560009,2.128183365,1.180602789,2,1.34192250558271
-905285,1553795,156.1464996,2801.133545,3,0.240600005,598.0466309,4.06099987,0.643868923,4,58.17499924,10.10401058,2.410931826,4,7.86194370961192
-775285,1133795,152.3751221,1038.96814,2,0.381224483,349.1324768,15.78382683,0.300657243,5,62.42346954,0.999960005,-0.651188552,2,3.59114015237617
-845285,2253795,163.2312927,1619.61792,4,0.33164385,329.8396912,7.829246521,0.373408645,5,40.18082047,1.996809483,-0.291647166,2,6.2306124634114
-585285,1753795,132.6095734,1298.34375,2,0.10572917,388.7817078,10.80843735,0.362398535,6,19.80312538,1.04119432,-0.722113788,1,3.22929413812416
-1085285,2323795,166.4398346,3231.350098,5,0.050000001,695.7139282,-0.388041198,0.443627745,4,57.09999847,14.72762585,-3.01760006,4,13.480548032612
-815285,2383795,179.1528931,1327.745972,2,0.319999993,338.9241943,7.188499928,0.262673974,6,47.71500015,4.167927742,-1.41084516,1,5.17653447766564
-15285,1813795,165.2781525,356.8621216,2,0.344210535,895.5618896,12.25715828,0.726872444,6,82.97684479,2.684956074,-0.495353758,1,10.9939222020505
-765285,1193795,176.4478607,1151.849121,2,0.331999987,367.4407959,15.04360008,0.243192807,5,46.41400146,1.220751762,0.303676873,2,0.414671965806289
-985285,1703795,151.8814697,3441.273682,4,0.079893619,1011.68457,-0.165957436,0.525414944,6,49.13723373,16.97498703,3.575530529,1,13.2249077626802
-675285,2103795,151.3421021,1401.025146,2,0.249382719,409.2177734,8.675000191,0.494863391,6,31.85555649,1.759731293,0.259384871,1,5.687280508128
-245285,1783795,165.1439514,527.6625977,2,0.319999993,649.5884399,12.18005276,0.55591929,6,79.62766266,2.673704147,-0.32087031,1,11.6305678516688
-915285,1373795,136.2529449,1961.088013,2,0.247065216,430.5562744,10.00418472,0.275586188,6,57.95760727,2.576797485,0.012555532,1,3.85713623636526
-1035285,1383795,177.9714966,1853.354492,5,0.291700006,287.906189,11.05854988,0.185186595,5,41.9129982,4.374554634,-1.12960875,2,2.37094935224903
-805285,2233795,167.9246674,1915.869629,2,0.229494944,422.8806152,6.068888664,0.531427801,5,42.11616135,8.583142281,6.535662174,2,7.45675578577691
-1065285,2343795,170.2082062,1999.019531,4,0.327065229,252.3796997,5.543749809,0.219734535,5,51.8032608,5.700371742,-0.520264626,2,2.26607113429532
-895285,1393795,198.3389282,1970.439453,2,0.367216498,396.6473389,9.994123459,0.234672248,6,54.7979393,1.594442129,-0.141560867,1,3.50519563745142
-865285,1363795,135.206131,2054.149658,2,0.281020403,458.4599304,9.840000153,0.32082963,6,42.65204239,2.325113297,0.520804822,1,4.76617669827545
-105285,1823795,150.8116608,384.8920288,2,0.346923083,790.8370361,12.56807709,0.659783006,7,77.84615326,1.272670865,-0.421123922,3,7.87221803066496
-725285,1303795,172.8660583,1362.936401,2,0.275555551,407.2293091,13.97676754,0.280808032,6,40.44747543,2.390049696,-0.484987944,1,2.15960366697265
64715,1783795,187.5177307,296.7971191,2,0.350760877,974.5424805,12.6111412,0.75525409,7,82.54021454,3.121482611,1.890472531,3,9.94885192097213
-765285,1873795,170.5348816,1732.684082,2,0.241538465,453.8543701,9.836153984,0.404479772,6,44.84615326,3.863564968,2.228075027,1,4.6015934403435
-645285,1843795,118.2651138,1692.290039,2,0.267474741,414.73172,8.726615906,0.378949314,7,49.97878647,1.2149266,0.017422037,3,5.08855329675195
-665285,1133795,140.7784882,1161.300537,2,0.255510211,426.2364502,15.19729614,0.35389474,6,57.26122284,1.166725397,0.026788298,1,3.83157787905022
-1035285,1363795,160.5820007,1841.77002,3,0.269199997,297.9432068,11.62129974,0.170232505,5,59.22700119,3.520452499,-7.445658207,2,3.42441093349676
-1025285,1653795,185.986557,2526.947998,3,0.238775507,738.7417603,5.500816345,0.659476936,4,35.33979416,17.64802742,7.293073177,4,13.4354309322663
-335285,1683795,151.1514435,718.2565918,2,0.319999993,575.2496948,12.6683712,0.430438727,6,81.28314972,1.511792421,-0.061416656,1,7.00784560002594
-785285,2403795,178.3761597,1399.645386,2,0.319999993,339.9816895,7.140999794,0.344867706,6,59.22299957,4.298449516,1.863176227,1,7.07667768475168
-885285,2233795,192.447525,1945.823364,4,0.256185561,277.0155029,6.387938023,0.275060594,5,32.75051498,2.538990498,-1.775060773,2,2.28861595023051
-1025285,1763795,95.85842133,2152.932861,4,0.358585864,358.6210327,7.787373543,0.36937803,4,50.91514969,4.857843876,-1.285225511,4,7.20867006790794
-1185285,2423795,200.3185272,2541.285645,5,0.105454542,1729.633667,0.954242408,0.556340635,4,47.08383942,18.0579071,-0.173988655,4,12.6254888833601
-135285,1773795,150.6842499,389.3244324,2,0.343333334,789.1412354,12.93900013,0.574074686,6,77.68222046,2.018034458,1.007539153,1,9.24383451992516
-685285,1303795,163.4506226,1391.727295,2,0.280947357,441.6583557,13.87415791,0.311267197,6,53.43684387,1.173570871,0.060864069,1,2.8318660085604
-915285,1993795,172.8740692,2166.292969,3,0.201562494,576.1013184,4.703802109,0.670416653,5,56.54479218,7.256433487,3.084399462,2,10.7269561728826
-805285,1953795,136.8203888,2999.961426,3,0.06030928,801.69104,1.831649542,0.574465752,4,37.82164764,17.23062706,1.954975128,4,16.5245938747582
-655285,1243795,146.3450317,1236.415649,2,0.293333322,436.5361938,14.01677036,0.323580921,6,59.36666489,1.409785986,-0.318952829,1,3.33721669292018
-775285,1433795,144.793335,1912.896973,2,0.295656562,461.8096924,10.29030323,0.362446576,6,55.99697113,4.921981335,-1.379457831,1,5.48391842878324
-95285,1593795,159.8289185,370.5883484,2,0.329374999,866.1264648,14.1835413,0.607094705,7,85.828125,1.204788208,0.362812996,3,8.65551566135342
-1155285,2523795,169.5227661,2323.325928,4,0.138947368,617.5308838,1.650157928,0.604848385,5,56.99894714,7.738938332,10.07494164,2,10.6632434316352
54715,1593795,165.5343018,291.2084045,2,0.382375002,1086.148926,13.6484375,0.670867801,7,75.80124664,1.018547893,0.199251369,3,10.7436740192214
-1085285,2073795,168.3470306,2459.886475,4,0.319999993,448.269928,3.792500019,0.476920992,5,46.11579132,7.949297905,2.371087313,2,10.0300444805373
-905285,1433795,197.8835602,1879.795654,3,0.256979167,350.4170227,10.70776081,0.22708784,6,43.02083206,3.507733345,1.943329215,1,2.08652319944055
-1145285,1403795,158.9190216,2176.424561,3,0.226400003,381.5310059,8.639499664,0.314813346,4,38.89199829,4.992260933,2.402143955,4,3.43092491209835
-895285,1823795,187.2130737,3583.892822,131,0.162857145,784.305542,-2.188265324,0.370252818,3,40.88367462,26.5411644,11.28245735,,10.2743362357275
-925285,2493795,147.1491852,2441.26416,4,0.120399997,675.4696045,2.298750162,0.645319879,4,57.40000153,17.04517365,-8.948101997,4,12.4438709692131
-255285,1563795,179.200943,502.8582458,2,0.326701045,664.7755127,14.10335064,0.505587399,6,58.2206192,2.222769022,-1.123373508,1,4.91215250059178
-625285,1513795,134.9746399,1459.673096,2,0.29724139,400.4934692,11.9179306,0.377161354,6,57.8948288,0.934429765,-0.706773937,1,4.36102648042643
-955285,1583795,194.075882,2408.054932,3,0.387142867,545.7918701,5.726836681,0.455618292,5,69.6397934,5.18040657,-3.773352146,2,7.29908193149076
-945285,1213795,156.7769623,1487.866943,3,0.214599997,297.7680054,14.38574982,0.194906011,5,53.00999832,4.434809208,-0.083434351,2,2.19405191717343
-1035285,1443795,185.5730591,2169.14502,3,0.306100011,271.6221924,9.667300224,0.179896817,6,43.76300049,4.641015053,-11.28697395,1,3.0843135092396
-875285,1723795,175.4971924,2579.069336,3,0.161340207,300.8341675,4.777886391,0.353805482,5,53.98556519,11.67746639,9.007808685,2,3.81230362277044
-415285,1623795,149.4996948,888.4071045,2,0.319999993,501.3855286,12.60436821,0.527507961,7,75.6042099,0.707247257,0.53119576,3,6.03618443907303
-985285,1423795,199.246582,1792.781494,3,0.156100005,260.1693115,11.6392498,0.172386333,5,44.63000107,4.134287834,-4.126869202,2,2.21183466567686
-955285,2453795,152.7149658,1231.961426,133,0.359540224,194.0771332,7.427299023,0.219016567,5,52.61838913,4.232514858,1.768115163,2,2.9061783224399
-1125285,2363795,177.9042969,2731.275146,5,0.370000005,622.8307495,0.122957021,0.614561915,4,47.09999847,10.77669144,-1.086439729,4,12.459794473924
-885285,1293795,146.2321167,2040.746582,2,0.310900003,420.4613953,10.42749977,0.299736887,6,49.25600052,2.665953636,-1.703959227,1,4.22779598413654
-35285,1773795,145.4181519,403.5516357,2,0.360306114,905.0097046,12.29474449,0.719533563,6,83.6397934,3.164710522,-0.70587045,1,13.2215119368666
-785285,1973795,153.3916779,2303.172363,3,0.117346942,486.7741089,6.504081726,0.570861697,4,39.57143021,19.43448448,1.670892596,4,9.69812535335443
-585285,1653795,166.3119965,1310.486572,2,0.282299995,397.9707947,11.84910011,0.297842711,6,68.91799927,2.0138731,-2.112873077,1,4.52428479412451
14715,1713795,180.3379669,339.9436951,2,0.404074073,959.4677734,12.58086395,0.713216245,6,79.80123138,1.533482075,0.898637354,1,10.7376592809183
-1065285,1963795,183.834137,2026.96228,3,0.200000003,355.6700134,7.982349873,0.35783124,4,52.34000015,13.37797546,-3.367896318,4,4.0215518408875
-545285,1753795,142.8714142,1289.055786,2,0.343854159,409.7817993,10.69463539,0.321359694,7,77.98020935,1.387269497,0.068322718,3,4.99214611647054
-785285,1173795,131.8099365,1103.040039,2,0.430000007,348.668457,15.27180004,0.360372782,5,63.65066528,0.795299351,0.094141744,2,5.31925192078377
-785285,1533795,145.9327087,2010.134155,3,0.379052639,449.0536194,9.125,0.359335989,6,65.72631836,4.48214817,-5.321992874,1,6.53743975729936
-875285,1193795,176.2482452,1990.322754,3,0.137142852,445.2991943,11.08387756,0.422591656,4,58.33469391,11.64802837,0.723556936,4,3.38923846929795
-865285,1293795,142.4993134,1953.870117,2,0.348399997,408.2561951,10.92150021,0.281701386,6,52.9280014,2.108626604,0.042494699,1,4.85087138363378
-965285,2273795,186.9107056,1740.75647,4,0.370000005,229.827774,6.57490015,0.222023144,5,48.6230011,2.759902477,0.172324717,2,1.91360033042156
-875285,2013795,153.5209503,2515.32251,4,0.283043474,399.2139893,2.81141305,0.546037257,5,47.36413193,3.884375572,-0.679579198,2,2.98010270146711
-1115285,1773795,151.182312,1770.878662,3,0.247978717,351.9354858,10.36994648,0.288883626,4,56.35638428,13.30879879,5.509098053,4,3.64922552357335
-185285,1753795,178.2090454,508.7483521,2,0.318709671,739.1945801,12.76569939,0.542142689,6,73.66129303,1.879582286,0.119216472,1,8.27665750294771
-1065285,1333795,164.2062683,2187.161865,3,0.104000002,343.091095,9.768099785,0.204435423,5,45.94499969,6.987740517,-8.338310242,2,4.83671521418681
-735285,1453795,183.8058014,1690.26416,2,0.210899994,414.9035034,11.22434998,0.344451278,6,49.48199844,7.747336388,2.123146534,1,3.97222932726922
-265285,1873795,167.9203033,598.0357666,2,0.319999993,623.6325684,11.10431576,0.516252816,6,83.59052277,1.87337923,0.301879793,1,8.28959895964228
-75285,1753795,179.0898895,407.4892578,2,0.319999993,866.8005371,12.58345699,0.630658686,6,83.78829956,1.905549526,0.815095723,1,10.1826942670452
-1055285,1883795,156.726532,1980.955933,3,0.317000002,404.2684021,8.297800064,0.421886653,4,53.25999832,14.87819386,11.73148346,4,4.14276700529369
-865285,1183795,159.3630829,1891.723877,3,0.094999999,456.1745911,11.44054985,0.389330506,5,57.81800079,6.952597141,1.5556705,2,5.00452617245013
-1065285,1503795,167.1672821,1938.997925,4,0.360303044,239.9854584,9.851060867,0.146774426,6,43.19393921,2.298357964,-2.147886753,1,2.12662349112725
-695285,1363795,158.6412354,1272.23938,2,0.329595953,423.8158569,14.29126263,0.277087837,6,58.29393768,1.568844199,-1.415097117,1,2.39271147185028
-435285,1723795,129.4640198,935.3121948,2,0.319999993,509.4750977,11.81247425,0.417218089,7,76.16391754,0.928520203,-0.208928674,3,6.91241520994751
-745285,1973795,151.9753876,1486.554688,2,0.217209309,336.9099426,9.502384186,0.533068955,7,49.27441788,1.533174992,-0.132779777,3,6.51939202404143
-625285,1623795,144.8068542,1544.377197,2,0.370000005,400.6922913,11.21535015,0.316421986,6,62.04999924,3.340204477,0.555753469,1,4.74305221213868
-1095285,1523795,186.1220093,1792.405518,4,0.230499998,218.1264038,10.75384998,0.12501809,5,49.18600082,3.260041475,1.400563598,2,1.87154933960926
-1115285,2073795,165.4588318,2069.229248,4,0.208749995,318.962738,6.654375076,0.251906127,5,43.11249924,5.323322296,1.144323707,2,2.73252914169945
-615285,1753795,139.2997742,1397.696045,2,0.362857133,384.0853271,10.3719902,0.289939046,7,76.45714569,0.928395748,0.919562399,3,5.72789183810498
-745285,1453795,194.8262634,1659.57019,3,0.178659797,412.180542,11.53969097,0.36214304,5,46.2350502,10.71287537,-1.331581593,2,3.63289653685194
-835285,1553795,158.8183441,3089.26001,3,0.196999997,695.3256226,3.009850025,0.655305982,4,51.83399963,21.7749176,17.23220634,4,13.1109757753851
-695285,1433795,139.5630646,1346.581177,2,0.328399986,406.156189,13.61509991,0.2889691,6,50.55099869,2.751199484,-4.433889866,1,3.11421435886553
-895285,1783795,196.0852051,3542.980713,4,0.151020408,632.4222412,-0.345918328,0.519959748,4,40.96836853,22.67517471,1.240322232,4,10.0258291501754
-355285,1853795,149.3491211,772.0084229,2,0.319999993,558.3105469,11.12973976,0.465509892,7,84.79062653,1.946136951,1.16603756,3,4.2584822713229
54715,1873795,176.8919983,313.8303223,2,0.280000001,927.7701416,11.69946766,0.796992183,7,88.55212402,2.361840725,-0.885888934,3,7.23144049018568
-1085285,1033795,153.8312531,1221.19104,2,0.430000007,250.6581116,17.1247921,0.139345601,5,63.09999847,0.689156711,-0.143218771,2,1.88765999874761
-1095285,2113795,191.9472351,2175.467773,4,0.319999993,269.1766052,5.594278336,0.286840439,5,38.76391602,6.665623188,0.173336431,2,3.5441934398025
-1095285,1883795,184.4041748,1485.811279,133,0.430000007,256.3200073,11.37168407,0.229674578,5,77.40000153,2.330612421,-1.108013511,2,3.43931951388589
-965285,1213795,201.3248138,1598.100342,133,0.144500002,318.0867004,13.67625046,0.210099682,5,44.75500107,10.91980267,8.392972946,2,2.64331443721206
-1005285,1483795,190.7150726,2030.913452,4,0.283636361,284.7732544,9.384646416,0.171903819,5,31.81212044,2.35705924,-0.504156947,2,2.6188946835804
-1135285,1223795,186.7043762,2409.287109,1,0.162100002,491.6217041,9.451450348,0.447297096,4,50.16199875,7.049284935,2.936100483,4,5.21390198988535
-1205285,2353795,181.6204987,2486.691406,4,0.071910113,896.4830322,2.405786514,0.607842207,4,58.08089828,26.32981873,3.1387918,4,18.930782621949
-95285,1653795,157.1868439,414.8373413,2,0.319999993,868.1357422,13.42219067,0.644736111,7,86.64831543,1.164478898,-0.227326781,3,9.04120118803165
-1065285,1093795,190.0012207,1367.661743,2,0.234999999,294.8641052,15.89309978,0.176201731,5,57.99100113,4.021557808,-0.094351657,2,1.9762836866924
-1055285,1393795,153.8593292,2011.302368,3,0.280000001,293.8557129,10.37794971,0.197196886,5,38.24200058,4.545689106,-2.487108469,2,2.77994355969945
-1075285,2043795,154.4579315,1826.582397,5,0.179489791,239.0061798,7.96168375,0.272659451,5,32.55816269,9.547334671,-13.10647202,2,2.43649780091903
-805285,1743795,141.6322021,2195.411133,3,0.0902,489.1231079,8.217300415,0.491841704,4,38.82600021,18.70907211,9.133704185,4,6.55640850665536
-1035285,2463795,136.5973206,1656.081177,4,0.298999995,283.5642395,6.907000065,0.315951765,5,50.88624954,7.832906723,1.151648641,2,4.17577383124908
-735285,1733795,156.9346771,1491.80127,2,0.235773191,334.5481873,10.9945879,0.224634364,6,63.72267914,1.983604908,1.462104797,1,3.20806893144539
-385285,1593795,141.5517731,798.9071655,2,0.334893614,548.9963379,13.15271282,0.472783983,7,73.07447052,1.648049593,1.012663484,3,4.94486041769061
-1055285,1163795,130.1819916,1423.033813,133,0.185816333,273.3881836,15.3905611,0.176156953,5,37.33163452,3.675237179,0.078070469,2,3.28948844091372
-315285,1843795,161.6314392,680.6287842,2,0.319999993,570.6150513,11.4060421,0.49148944,6,82.45833588,2.349616051,0.275987744,1,5.21451317527288
-965285,1863795,129.187149,2738.177979,3,0.280699998,816.8324585,3.957700014,0.754138589,4,61.10100174,17.16974449,0.989191949,4,11.0086071831525
-1035285,1883795,179.9504852,1841.720947,4,0.282000005,387.2904663,9.229000092,0.28723675,5,53.02315903,14.32849884,-0.953617036,2,2.36956538576204
-635285,1783795,152.7849274,1479.692139,2,0.295833319,372.6457825,9.922187805,0.326467842,6,59.32395935,1.38085711,-0.356169343,1,3.59010740966869
-775285,2093795,137.9118042,2306.923828,2,0.179473683,455.8657227,5.394526482,0.385435134,5,35.93263245,4.298536301,2.514493465,2,7.13744709560632
-1065285,1483795,195.7865295,2025.17334,3,0.149090916,252.7200623,9.782121658,0.161557525,5,39.57171631,2.1027987,-0.645186841,2,1.7822962642887
-905285,1763795,187.4172363,2813.566895,3,0.240306124,457.9763489,2.691632748,0.545828521,4,43.91122437,13.37533951,12.91026402,4,4.24297253312531
-725285,1853795,178.7924194,1946.500854,2,0.167692304,483.3075867,8.705055237,0.432843924,6,32.20659256,2.791251183,-0.339877099,1,4.33937311929921
-1075285,1153795,130.9793549,1713.517334,1,0.127499998,396.0123901,13.79074955,0.239344537,5,51.90499878,8.173196793,2.653304815,2,4.60477008196409
-935285,1703795,161.4230957,3450.857178,4,0.074731186,807.8790283,0.012580606,0.516171873,4,48.4623642,15.20222759,-4.884329796,4,13.9670150862786
-445285,1833795,128.0290527,1006.068359,2,0.319999993,513.8204346,10.72408199,0.445661366,7,88.36734772,1.211197138,-0.085385412,3,8.7725660238102
-1165285,2473795,198.3536224,2484.282715,5,0.181666672,869.4724121,0.470781118,0.619101346,4,54.99166489,7.12181139,5.146931171,4,10.7203214609645
-995285,2113795,133.0629272,2084.580811,4,0.309700012,207.5131073,5.597949982,0.174168184,5,56.67499924,2.261071205,-0.36989519,2,2.8536329105723
-1065285,1323795,177.1649628,2237.860352,3,0.141000003,360.1545105,9.559949875,0.285888344,4,49.16799927,8.30507946,1.993912816,4,4.99370777973193
-1075285,1823795,138.1593781,2208.026611,3,0.326868683,321.4323425,8.496464729,0.337493092,4,49.28181839,9.054322243,-1.841666222,4,3.28499031718197
-995285,1423795,164.9950714,1825.7948,4,0.144800007,254.7672577,11.62325001,0.184919253,5,45.04999924,5.531394958,0.49590078,2,1.97443835846869
-895285,2253795,129.4659119,1910.326294,4,0.297272742,294.2823181,6.624898911,0.271961927,5,29.83030319,3.009944677,-2.693157196,2,2.54220549598093
-455285,1693795,141.8533173,975.7133179,2,0.319999993,480.9099426,11.8528862,0.367852569,7,79.22783661,1.014297485,0.063543916,3,5.50833703105832
-975285,2163795,143.0292358,2040.087158,133,0.25193879,205.1188812,5.441887856,0.183999479,5,34.82857132,1.626916766,0.54143697,2,2.0743022645742
114715,1663795,170.4537811,264.052063,2,0.335000008,1096.827026,13.37766647,0.723633945,7,83.08999634,1.270685315,-0.930857003,3,11.3555969004888
-395285,1663795,149.5367126,858.2679443,2,0.330416679,522.958374,12.25973988,0.456023455,7,79.7416687,0.910708845,0.553863347,3,5.13100581498279
-865285,2383795,149.1618195,2076.102783,1,0.149387762,431.1806335,4.317653179,0.551436484,4,56.21530533,11.60101318,5.589475155,4,8.21382833799056
-205285,1793795,158.6483612,481.5130005,2,0.319999993,701.3291016,12.25713539,0.553522348,7,81.328125,2.198216677,-1.069436312,3,11.0795511203501
-935285,2213795,141.9897003,1937.416504,4,0.280000001,283.9238586,6.394330025,0.225048944,5,31.23402023,3.061046362,0.011437495,2,1.87766528364188
-745285,2003795,154.1109619,1650.663574,2,0.247157902,383.4631958,8.469158173,0.36465326,7,47.06210709,1.834835291,1.888849616,3,5.04055890426197
-775285,1073795,155.9920044,1006.385437,2,0.229431823,345.5053711,16.71676064,0.242149547,5,63.62158966,3.303670168,1.62015152,2,3.00651398386419
-785285,1413795,177.1672974,1785.381348,2,0.149200007,447.3265991,11.11019993,0.354532987,6,43.38499832,6.346671104,1.755810022,1,4.18307875950011
4715,1723795,170.5182037,347.6112671,2,0.388333321,943.4012451,12.65216637,0.73582226,6,83.49222565,1.695031524,-0.684777737,1,11.0579995975526
-775285,1783795,182.3016357,3151.917236,4,0.078787878,659.168396,1.37560606,0.591136694,4,34.81212234,16.94188881,14.51485252,4,22.4823770334065
-555285,1633795,138.163208,1234.446655,2,0.370000005,432.9772339,12.12164974,0.336916089,7,76,1.037861943,0.392405778,3,4.83484962909021
-805285,1393795,173.2799377,1596.535034,2,0.346767664,400.6966858,12.56176758,0.244772062,6,43.41919327,2.279003382,0.371515483,1,2.54325278950083
-1005285,1583795,186.9374237,2005.113892,3,0.100606062,316.7415161,8.539394379,0.280723125,5,56.66262436,6.652033329,1.714505315,2,2.47771215932827
-375285,1853795,162.820816,821.1589966,2,0.319999993,559.8840942,11.04479122,0.489798218,7,85.52603912,1.928120017,-0.887635827,3,4.92471766868044
-755285,2013795,169.9712372,1695.60437,2,0.270000011,408.5645142,8.258802414,0.414916247,6,51.86249924,1.396420956,0.102063864,1,4.31877919370977
-915285,2163795,222.1024628,2111.830322,4,0.283199996,283.2893066,5.714900017,0.187006876,5,41.51200104,4.127980232,-0.139841557,2,1.82748093482523
-755285,1823795,176.5419006,2216.433838,2,0.100000001,562.6674194,7.146404266,0.517615616,6,41.20000076,3.914427757,1.690086484,1,7.35961200416253
-745285,2123795,156.7115173,1816.430542,2,0.396326542,413.7736816,7.428673267,0.441643596,5,51.26122284,7.727352619,5.079278469,2,9.09091823030934
-805285,1853795,137.3173676,2811.236816,3,0.093367346,694.418457,4.78704071,0.645701408,4,37.51836777,16.44660568,-11.09160995,4,14.8547280999829
-65285,1683795,213.3523865,428.0010376,2,0.365876287,866.0808716,13.01314449,0.665664434,6,83.48556519,1.700356245,-0.132307455,1,11.2953046017734
-945285,2033795,163.2077026,2653.24292,4,0.1734,947.4301147,2.546350002,0.738458872,4,52.02799988,11.19567204,8.652841568,4,12.9538434458744
-165285,1753795,167.8697968,453.6565857,2,0.298172057,773.9408569,12.67198944,0.638770401,6,65.74731445,2.854607582,-0.516646087,1,8.60622643088261
-805285,1673795,131.3772888,2412.08374,3,0.120624997,331.861084,7.093698025,0.400953561,5,48.48333359,5.992971897,-0.259239405,2,4.76165227370665
-1005285,1333795,109.6329727,1667.12854,2,0.248600006,257.0673523,12.82005024,0.15819639,5,39.28900146,1.260944963,-1.340516448,2,2.73041083380819
-975285,1633795,161.2506104,2330.604004,3,0.280000001,563.2243042,6.434642792,0.569773972,4,56.57857132,7.405976295,-0.616612256,4,9.03732416287205
-255285,1833795,170.8696289,544.7443237,2,0.319999993,661.2456055,11.62082481,0.513645232,7,80.45773315,1.66306746,-1.403010845,3,7.85406541909119
-1105285,1403795,193.3525391,2328.807129,1,0.204500005,422.1402893,8.037099838,0.335206747,4,44.98199844,3.033970594,-3.287998199,4,3.82016656390632
-845285,1633795,173.5368042,2326.178467,3,0.154949501,214.1538391,5.582828045,0.268017054,5,29.02121162,1.439123869,-0.884587467,2,1.59292183622848
-755285,1263795,170.6365051,1209.228638,2,0.338453621,373.8632202,14.67360783,0.250600308,5,43.29587555,2.179620743,0.465656608,2,1.36170566080068
-935285,1963795,156.8057404,2782.629395,3,0.235151514,717.7782593,2.911060572,0.77176863,4,51.31212234,10.54207325,4.507826805,4,10.2232917678631
-705285,2263795,146.9664154,1370.063965,2,0.325208336,404.6687012,7.771614552,0.338772804,5,49.88333511,3.423030853,0.024374083,2,5.23735248406152
-1035285,2233795,166.5514832,2392.706055,4,0.172577322,413.9061279,2.475463867,0.340250909,5,53.43195724,5.227190018,-1.149612188,2,6.43055813278335
-925285,1703795,152.4437866,3445.468262,4,0.074130438,1012.715759,0.229673952,0.547705054,4,48.91847992,14.33436489,8.453574181,4,12.8368107957956
-1075285,1513795,189.7957764,1872.654297,3,0.1972,229.635498,10.25695038,0.133611187,5,51.18700027,2.849486828,0.753874838,2,1.5748532417439
-925285,1833795,187.2839661,3404.164063,4,0.132626265,835.5643921,-0.108989909,0.552121758,4,38.34747314,22.30291939,-2.306123972,4,12.2414509051486
-75285,1853795,174.8538361,398.7810669,2,0.370000005,816.3331909,11.84204292,0.619885087,6,78.76773834,1.830798864,-0.326281905,1,8.37405194543587
-515285,1693795,175.275238,1097.922729,2,0.430000007,432.8676758,11.64744854,0.328115582,6,87.30000305,1.710392475,-0.832137823,1,5.36496308187381
-375285,1873795,144.5725403,812.2489014,2,0.319999993,557.0368652,10.87072182,0.475003332,7,88.46185303,2.199596167,0.877077043,3,5.86585438549558
-1005285,2203795,180.1156921,2138.195068,4,0.331099987,269.59729,4.200550079,0.197065189,5,42.54999924,2.478648424,0.79026711,2,3.19914971194781
84715,1653795,138.4873199,313.1700134,2,0.339673907,1115.483643,13.45125008,0.720710874,7,84.24456787,1.560387492,-0.238569438,3,9.91119552162372
-1145285,1203795,155.9621582,2275.602051,1,0.112999998,555.3862305,10.44855022,0.523804069,4,40.04000092,15.53584766,7.145581245,4,5.78405821500629
-905285,2023795,171.6798553,2630.351318,3,0.153838381,802.1363525,3.140454531,0.728142619,4,48.45252609,12.17108154,-2.906358242,4,12.6232510807538
-785285,2043795,172.9212341,2377.456055,3,0.180526316,472.5838318,4.873157978,0.369452029,5,35.98736954,4.892241955,2.168480396,2,6.73936398838439
-975285,1603795,188.5828247,2202.937256,3,0.285937488,475.867218,7.443645954,0.573154688,4,50.03437424,14.75921249,0.51167053,4,6.42502880022593
-975285,1433795,187.8492432,1840.719604,3,0.245000005,271.7354126,11.46685028,0.180124879,5,37.37200165,4.813063145,1.892461419,2,1.58295900766315
-695285,2403795,165.8102417,1278.771729,2,0.279655159,414.0223389,6.958620548,0.402845383,6,65.36781311,2.693911552,2.12026,1,8.46965386011472
-995285,1263795,159.1037292,1446.204956,5,0.205294117,249.2296753,14.16517639,0.269058198,5,39.91176605,3.016098738,-1.101370215,2,2.77914612550881
-805285,1453795,151.6573029,2018.734131,2,0.380549461,470.8224182,9.254505157,0.355937272,6,63.90549469,2.900729656,2.034270048,1,6.05280019640629
-895285,2063795,166.9516754,2592.618164,3,0.181099996,702.7462158,2.849499941,0.580824316,5,40.66500092,14.64228153,-0.553259969,2,9.88443602532163
-945285,1563795,192.0573578,2199.617432,3,0.357499987,397.7395935,6.701071262,0.338826954,5,67.06666565,6.339809418,2.224334478,2,7.98429052578929
-1085285,2433795,178.0492096,2756.35498,5,0.073399998,801.8463135,0.692600012,0.422408372,4,47.09000015,26.80251503,-6.280972004,4,16.3695815912952
-1055285,1633795,197.9313049,2186.060303,3,0.268350512,463.1663208,7.76597929,0.451559633,4,57.01134109,7.135796547,7.52707386,4,4.17074060047978
-1005285,1703795,165.9919128,3618.02417,5,0.05468085,1128.114502,-0.591063797,0.454393744,6,23.5861702,26.10416222,16.70625687,1,11.4088614795105
-565285,1853795,128.6895752,1303.903931,2,0.126041666,445.7049255,10.2029171,0.490743756,6,11.84687519,1.14863658,0.090119027,1,4.00748392956615
24715,1783795,146.7940521,292.581665,2,0.322647065,927.623291,12.55338192,0.719286382,7,76.67058563,1.772480607,1.022311687,3,9.78627407682615
-645285,1793795,149.6157379,1561.356445,2,0.257319599,378.7461243,9.489278793,0.365532756,6,48.68453598,1.480892062,-0.159733117,1,3.48490594163605
-905285,2493795,160.4198914,1869.560425,1,0.20747368,557.8184814,5.081105232,0.699515939,4,61.24105453,17.43384171,-5.060396194,4,12.3074643201617
-735285,2153795,138.3639374,1432.598877,2,0.32448718,343.8456726,8.768781662,0.548864603,7,40.75,1.596544862,-0.103640407,3,8.26456420059469
-1045285,1883795,166.8113861,1713.532959,3,0.340900004,343.5380859,9.611100197,0.277672768,4,53.63199997,9.022918701,-1.760415196,4,2.43386472404677
-1145285,1363795,174.5192108,2141.046875,3,0.234400004,358.6767883,9.131199837,0.25222224,5,39.23600006,3.333115101,0.072164014,2,2.47018320555001
-645285,1913795,144.9730225,1367.725586,2,0.230215058,384.9909363,9.622633934,0.397427917,7,33.55806351,1.172409534,-0.727412581,3,4.89910240288476
-995285,1293795,151.2964325,1482.78125,5,0.193181813,245.3439941,13.68477249,0.267946362,5,44.91931915,2.888748407,-3.106858253,2,2.58891663284612
-1175285,1013795,188.1199188,1414.30835,2,0.318399996,325.1553955,15.80920029,0.254303485,5,55.06000137,3.552592754,-1.5335536,2,1.82961213816804
-485285,1863795,150.0592499,1077.628174,2,0.290612251,479.4588013,10.72142887,0.432350844,7,78.87754822,0.85159719,0.18828246,3,4.237109341833
-785285,1783795,175.6052246,2994.417725,1,0.073711343,498.9772339,2.743968964,0.505733907,4,39.11546326,10.93152618,6.268059254,4,9.21691175432888
-1025285,1423795,152.0022278,2512.967041,1,0.102700002,516.9277954,7.839350224,0.347624242,6,60.01200104,3.585607529,3.147856236,1,6.52112385305835
-1065285,2033795,156.6990509,1912.397827,4,0.25999999,261.2285767,7.994596004,0.240641072,5,20.95454597,4.275787354,0.330462694,2,1.83599952388403
-255285,1723795,175.5027924,600.5227051,2,0.319999993,650.0089111,12.70663166,0.478949368,7,80.81999969,1.253831625,0.53668499,3,6.79208510120118
-725285,1353795,126.2327881,1432.80249,2,0.31400001,428.8887939,13.46805,0.308877498,6,45.73099899,4.900949001,2.804647684,1,4.25573278795805
-635285,1473795,153.5943146,1388.504883,2,0.210909083,402.0150757,12.46888924,0.435376137,7,25.73434258,1.19289124,0.073500082,3,3.04053238021542
-1005285,1143795,206.0117493,1410.465576,5,0.345999986,294.664093,14.92249966,0.200661838,5,55.45000076,1.083548069,-0.264456928,2,1.19605217111484
-935285,1193795,217.9799042,1362.015381,5,0.221499994,291.0456848,15.25059986,0.19166337,5,41.08499908,1.451867223,-1.149968624,2,1.55201524075805
-1185285,1253795,192.9227142,2014.229492,1,0.235656559,487.7848511,10.19095993,0.475063175,4,52.58282852,13.18336964,-1.537397146,4,3.8971761408536
-985285,1763795,191.3595734,2757.919189,3,0.246000007,448.914093,4.85435009,0.688274145,4,60.58800125,12.03117561,7.306462765,4,11.0694677490016
-1065285,1843795,165.5086975,1508.802979,133,0.191443294,242.6626129,11.19463921,0.194895357,5,49.86701202,3.915153742,-1.083577275,2,1.31106723553472
-985285,1853795,178.6677246,2749.354492,4,0.306666672,777.0072021,2.99818182,0.789658129,4,61.36666489,11.09698677,5.51712656,4,11.7933818618885
-735285,1993795,147.9309692,1557.393555,2,0.260430098,347.9173889,8.964247704,0.371150911,7,51.3365593,1.215909839,0.527836978,3,4.90350971142144
-965285,2143795,153.9689484,2134.318848,4,0.239999995,223.1770935,5.421150208,0.220229134,5,30.20000076,2.088134527,1.626708984,2,1.79821352458005
-735285,2223795,194.6690521,1500.801392,2,0.216999993,347.5136108,7.737400055,0.344278902,6,34.29100037,2.286377907,-0.164715573,1,4.27680840135333
-425285,1793795,136.5916138,948.2030029,2,0.319999993,503.8673401,11.21213531,0.430120975,7,88.5,1.065739393,-0.38099426,3,8.96266909093721
-935285,1923795,141.513382,2639.959229,3,0.227653056,712.6393433,3.585663319,0.582194209,4,51.20816422,14.24549675,2.591892481,4,7.13869091892767
-495285,1903795,149.4506073,1049.935303,2,0.424210519,471.0171509,10.60447407,0.39338088,6,86.76841736,5.556210041,5.879003048,1,7.81068074813326
-855285,1253795,135.5220184,1771.736816,2,0.370000005,385.7814941,12.13755035,0.242757738,6,59.5,2.173882723,2.283986807,1,4.41639911633752
-935285,1723795,155.9274445,3222.733887,3,0.138297871,539.3491211,1.750957489,0.556061447,6,49.18829727,8.492037773,-4.758821487,1,7.33281563860785
-1035285,2033795,180.6510468,1893.337646,133,0.319999993,303.2339478,6.724697113,0.163210228,5,36.40000153,3.109020233,-3.103931904,2,2.98150731851185
-625285,1833795,130.2732239,1611.4646,2,0.295257717,417.0608521,8.977422714,0.356516421,7,56.12577438,1.238485456,-0.103733264,3,5.52966035364551
-415285,1653795,131.1321564,868.4343872,2,0.153608248,507.1416931,12.3015461,0.561315179,7,26.16494751,1.078152895,0.274756789,3,5.47517383751536
-1095285,2093795,165.7532043,2317.269531,4,0.290816337,347.2923584,4.733316422,0.338091344,5,48.50918198,7.794999123,0.512300611,2,4.96353022953154
-1015285,1263795,142.0267487,1986.995117,3,0.115099996,355.0499878,11.76885033,0.2773619,5,38.85699844,11.00951672,0.828875899,2,3.86866749582976
-995285,1713795,173.7352295,3688.664551,131,0.052525252,995.6520996,-0.552676797,0.413280278,3,48.42525101,29.6341877,-1.035010934,,13.3909882575091
-135285,1733795,170.8061066,420.2287903,2,0.311555564,809.152771,12.95105553,0.597984672,7,75.8888855,1.815711975,0.921687961,3,8.58088788760145
-1135285,1123795,131.9179535,1606.056152,2,0.279700011,365.3752136,14.05175018,0.200975731,5,55.37799835,1.980356932,0.151500151,2,2.13542159624871
-15285,1723795,174.4294128,372.4052429,2,0.430000007,922.8772583,12.57138252,0.700223982,6,79.46170044,1.291282535,-0.208580285,1,10.9757330292686
14715,1623795,157.2469788,280.9606628,133,0.305483878,1014.024475,13.6607523,0.69594121,7,78.53978729,1.585982203,0.270667195,3,9.72160709723008
-1055285,2223795,178.3558655,2289.981445,4,0.294479162,336.3416138,2.667604208,0.274069577,5,44.43333435,3.198996305,0.50597465,2,4.7271582427165
-1155285,1323795,219.9916992,2214.529053,3,0.333571434,326.6420593,8.628622055,0.266579777,5,48.81428528,3.187298775,0.427749813,2,4.31059345702482
-355285,1663795,139.7695465,782.7160645,2,0.353505164,563.4594116,12.57097912,0.382755697,7,80.19278717,1.033384085,0.254281461,3,5.17059260545239
-1145285,1473795,171.3559875,2028.131226,4,0.132626265,302.552124,9.67873764,0.195296824,5,49.26262665,3.222439051,0.026372941,2,2.07335231294011
-1095285,1093795,178.0942535,1340.833496,2,0.301022738,266.1467285,15.59142017,0.188272938,5,48.43863678,1.033598781,-0.251098514,2,1.3720413090269
-815285,1183795,147.6240845,1290.456177,2,0.123099998,361.8909912,14.60529995,0.233993337,5,63.1570015,2.235656261,-0.820645988,2,2.44619863633635
-915285,2363795,187.7550049,1518.19043,4,0.319999993,349.5040894,6.671599865,0.241355285,5,58,4.013865471,-0.95174551,2,4.61798677589207
-835285,2153795,173.3414764,2059.752197,4,0.319999993,290.4799194,5.404141426,0.229818389,5,53.68687057,2.587078333,-0.087863609,2,3.90918088639409
-795285,1893795,155.7050934,2419.3396,3,0.129213482,540.0276489,6.320786476,0.580404699,4,38.66966248,13.50736332,11.12992096,4,6.92743677709094
-315285,1593795,164.6267853,649.6242676,2,0.287653059,623.0200195,13.31591797,0.452511549,6,56.42959213,1.901828527,0.806623101,1,4.42877799720362
-1005285,1843795,181.5437317,3086.062988,3,0.245918363,1010.073303,0.53642863,0.648266852,4,58.20612335,9.258600235,2.464118004,4,10.3099787675909
-755285,1443795,142.9477386,1658.512573,3,0.187600002,429.8998108,11.53894997,0.361659437,5,46.98099899,12.69167805,9.948524475,2,3.91525006102274
-1205285,2203795,154.7310486,2286.702393,4,0.313493967,483.5687561,3.262409687,0.475708961,6,65.04096222,5.954351902,-1.451689243,1,10.0780179850229
-1155285,1553795,165.9428101,2569.342773,1,0.231515154,587.3728027,6.290606022,0.60742867,4,37.13636398,14.84513855,3.015178442,4,10.1999902613749
-605285,2013795,155.3384857,1363.885254,2,0.314226806,433.9564209,8.711855888,0.359518528,6,66.80206299,1.526161671,2.567108631,1,5.56017184565299
-755285,1623795,141.6452484,2012.259277,2,0.211702123,470.8534546,9.428351402,0.443401277,6,67.02553558,7.859971046,1.986434817,1,6.28694803746156
-195285,1873795,161.9361725,538.4744263,2,0.319999993,703.6676636,11.12734413,0.573020995,6,83.75312805,1.835964799,-0.197803006,1,12.0988769954884
-625285,1523795,134.620163,1463.407349,2,0.275999993,409.2520142,11.83959961,0.406562835,6,46.83399963,1.186875582,0.062604286,1,3.51252116513653
-915285,1393795,136.2080994,2034.355713,2,0.340937495,466.3235779,9.887291908,0.265652657,6,58.13958359,2.886726379,-1.771874785,1,5.43559613405038
-1165285,2173795,155.4254913,2023.431519,4,0.289375007,220.1468811,4.173281193,0.195844918,5,41.80208206,2.040601254,-0.217793152,2,2.95064349638082
-965285,2113795,203.9225769,2139.569092,4,0.319999993,302.0174866,5.542171955,0.237983167,5,50.11111069,4.843271732,-1.832974434,2,3.47708428302906
-15285,1853795,193.9708252,397.2278137,2,0.363720924,885.2540283,11.73837185,0.713189244,7,73.78604889,2.176528692,-0.13684459,3,10.6668310679704
-675285,1283795,164.8387451,1312.048828,2,0.184183672,446.4226685,14.07994938,0.309935212,6,26.30714226,1.170470476,0.163202062,1,2.33101785410151
-665285,1273795,154.385376,1267.193237,2,0.174747482,448.3137512,14.11424255,0.395314276,7,18.22929382,0.901646614,-0.244890556,3,2.91179158689069
-15285,1743795,166.5601501,418.3908386,2,0.394600004,896.8853149,12.18984985,0.736040354,6,82.96600342,1.734533787,0.574782193,1,12.2037597593515
-665285,1393795,170.1819458,1185.43103,2,0.235744685,424.5327148,14.30595779,0.280245245,5,40.2457428,2.303528547,0.770214379,2,0.826870083731901
-105285,1653795,157.4032288,430.5574036,2,0.317142844,853.4932251,13.46494865,0.603918552,7,85.75408173,1.193633318,-0.123412967,3,9.00374933034009
-405285,1823795,133.8178253,910.8092651,2,0.319999993,523.2950439,11.06595993,0.565285206,7,88.5,0.928151429,-0.153364569,3,6.8750766962625
-1215285,1043795,138.432785,1609.369751,3,0.200000003,454.3637085,13.92175007,0.258315176,5,56.29999924,10.07628918,4.262230873,2,3.97950849786168
-825285,2323795,178.9872742,1508.776245,2,0.326400012,329.5651855,7.653800011,0.298529923,5,55.27700043,4.260457993,-3.482583761,2,3.8267965619145
-955285,1813795,172.7357483,3070.654297,3,0.243229166,898.9373169,1.998802066,0.679144681,4,59.23541641,15.29518127,-4.431776524,4,13.4602480727601
24715,1843795,181.0895538,333.8715515,2,0.364193559,920.8165894,12.12080669,0.731298089,7,75.10968018,1.87743187,0.377725035,3,10.58798698496
-825285,1673795,188.6672516,2927.930664,3,0.142525256,509.0677795,3.785656691,0.508503079,6,34.01818085,15.96475124,-0.766685843,1,6.24588836078986
-785285,2233795,140.8392639,1700.10083,2,0.258144319,369.385498,7.102628708,0.438753635,5,49.74123764,6.233910084,1.324857712,2,5.72685723341097
-965285,2423795,137.5330048,1330.962158,133,0.370000005,214.1965027,7.494400024,0.131344885,6,52.76800156,3.238322735,-0.069923908,1,2.12191842773694
-1005285,2373795,121.6527557,1662.515991,4,0.326249987,294.818573,6.634947777,0.288117886,5,54.12916565,4.220631123,0.429216474,2,3.5271546756257
-1085285,2463795,162.9924164,2336.340576,3,0.090909094,494.4464417,3.901060581,0.446888715,4,55.90909195,21.61863708,-4.502694607,4,7.78395883194903
-45285,1693795,183.7212524,406.7159119,2,0.33684212,890.9571533,12.86789513,0.687440634,6,84.2252655,3.001595736,0.521353304,1,12.4716106939903
-855285,1743795,189.1103821,2876.927979,3,0.166969702,421.3101196,2.530656576,0.517273784,5,42.90707016,21.78806686,23.13854408,2,5.88867844434492
-705285,1393795,189.5765686,1257.038452,2,0.272783518,409.9213562,14.22649479,0.301175356,5,41.41443253,4.762337208,2.740003109,2,2.45827918218882
-1045285,2393795,194.0706482,2674.462402,5,0.102200001,579.7199097,2.128600121,0.556697845,4,57.79199982,21.31616974,-4.393002033,4,11.8835555540945
-1015285,1663795,177.6162109,2968.257568,3,0.050000001,901.4259033,2.639595985,0.635096252,4,13.80403996,20.45673752,13.73416233,4,18.1766900884864
-695285,1923795,164.3741302,1477.545898,2,0.28164947,375.7427063,9.630670547,0.329574585,7,56.70721817,1.232344031,-0.190893367,3,2.99454642554307
-245285,1803795,176.4419708,589.4993286,2,0.319999993,656.1091919,11.8077364,0.581463516,6,78.06526184,2.090791464,0.793270946,1,9.3604137109855
-85285,1723795,162.9757996,441.5653687,2,0.319999993,861.5309448,12.72353935,0.60421598,7,83.21123505,1.157198191,-0.061386883,3,10.4796731803137
-505285,1993795,140.7236176,1105.742065,2,0.319999993,465.9671021,9.902500153,0.449056029,7,66.90714264,1.047382593,-0.15617466,3,5.73838737130585
-645285,1423795,165.5557098,1334.156616,2,0.183799997,428.8611145,13.13409996,0.312738389,6,33.69800186,1.916359663,0.706298351,1,1.88724780910693
-955285,1743795,199.0071106,2912.648438,3,0.188333333,359.1429443,3.097968817,0.550929725,4,48.38333511,14.67375565,3.212177515,4,5.25185875197434
-915285,2443795,239.8196564,2319.328125,4,0.203999996,655.2141113,3.252000093,0.499263704,5,54.27500153,12.26493835,3.832172394,2,8.25741204900508
-1025285,2423795,168.9502563,1860.781128,4,0.319999993,324.4815674,5.735860348,0.367086053,5,58.0903244,7.104355812,-2.453591108,2,7.57609417061382
-1025285,1743795,135.5221558,2512.23877,3,0.325858593,529.4404297,5.669949532,0.582186759,4,57.30101013,8.402693748,-2.251863241,4,10.1120559842975
-915285,2463795,200.0508728,2662.127197,4,0.094800003,782.0739136,0.242649958,0.54051739,5,57,12.51420116,10.12214947,2,10.6100473780976
-875285,2003795,141.1723175,2508.806396,4,0.281702131,378.97995,2.746276617,0.518637896,5,40.14361572,2.324737072,-0.39207229,2,5.0459226130444
-445285,1623795,163.1055145,924.6051025,2,0.313478261,471.3896484,12.59853268,0.484200716,7,73.26087189,1.178359032,0.237723008,3,5.31458033687316
-385285,1743795,123.3618698,829.0704346,2,0.319999993,526.0502319,11.94307327,0.42212081,7,80.10624695,1.548556089,0.060105164,3,7.12605610876842
-365285,1753795,148.8871002,762.4376831,2,0.311020404,554.2819824,11.92474461,0.452068478,6,79.96836853,2.045826197,-0.444589078,1,5.64466058976209
-975285,2103795,209.2307587,2049.223145,4,0.326521724,265.8851013,5.642282486,0.194705293,5,51.43912888,2.678237915,2.012988567,2,2.16512545701836
-955285,1773795,178.8224182,2553.938232,3,0.237912089,300.4847107,3.985604286,0.300898373,5,53.07912064,12.22652817,7.33301115,2,3.58385050774758
-1105285,2323795,198.1910858,3348.3125,5,0.050000001,915.475708,-1.669462323,0.220577359,6,57.09999847,28.51249695,6.034959316,1,13.6541259679052
-345285,1843795,162.0588074,754.2729492,2,0.319999993,554.2223511,11.34021091,0.496745527,7,81.82526398,2.357690334,1.352651358,3,4.41832337581905
-325285,1603795,158.5714264,720.5411377,2,0.289166659,614.7493896,12.92890644,0.438347936,7,69.92395782,2.016157627,2.552035093,3,4.89153710170833
-1205285,2193795,155.8464508,2237.316406,4,0.319999993,388.724823,3.679591894,0.417261869,5,65.30000305,8.131957054,-1.688938618,2,11.7013635669417
-765285,1273795,148.5465393,1260.294556,2,0.362199992,364.0728149,14.48089981,0.235388473,6,51.90200043,1.781100631,-0.074682102,1,2.23142832531269
-955285,1253795,239.0264587,1649.563965,3,0.222268045,300.8773499,13.21788692,0.200492561,5,22.75051498,1.83014226,-1.949947596,2,2.3766267046079
-785285,1313795,141.5979004,1460.323975,2,0.298000008,357.4660034,13.89599991,0.254650742,6,31.86199951,1.885673523,-0.991123676,1,3.25137334616865
-835285,2313795,186.4021606,1546.987671,2,0.361919194,324.6100159,7.478535175,0.280862421,5,59.86262512,3.410068989,1.980157852,2,4.30561643333628
-845285,1363795,147.475235,1881.867188,2,0.358181804,438.0120239,10.78929329,0.276622176,6,57.24141312,1.853514671,-1.110551715,1,4.50941683112875
34715,1563795,169.0465851,234.5543671,133,0.333720922,1089.739502,14.16104698,0.671696007,7,82.62557983,1.435351014,-1.035741568,3,9.26192722435374
-1075285,1063795,155.2490082,1245.487671,2,0.391900003,250.3395538,16.53750038,0.16304329,5,57.82600021,1.048657537,-1.059610844,2,1.36118356210666
-245285,1703795,151.9835663,580.2677002,2,0.268701285,667.7178345,13.22337627,0.57175076,7,59.60909271,0.817457676,-0.20034112,3,5.62192138185254
-995285,1853795,172.3503876,2868.380615,4,0.302474231,759.9246826,2.449690819,0.809442341,4,60.60103226,10.18175125,-6.700762749,4,11.7929321609838
-785285,1183795,134.7337494,1099.710938,2,0.430000007,340.4756165,15.20593262,0.471705526,5,64.01016998,0.996447325,-0.255029857,2,5.83956837105573
-1165285,1163795,175.9503479,1516.199951,1,0.309583336,393.2549438,14.01098919,0.286339402,5,59.58124924,11.0110321,-5.132051945,2,2.88948714575238
-945285,1133795,176.9396362,1222.342896,131,0.430000007,252.0487671,16.06413269,0.127826199,3,54.20000076,0.931124568,0.432893723,,1.05304635146113
-875285,1403795,155.5871582,2141.222168,2,0.231836736,427.950531,9.36831665,0.313868999,6,37.03163147,2.273302794,1.326018929,1,2.74644933588288
-845285,1213795,132.2879639,1749.41687,2,0.153571427,403.2145996,12.3415308,0.374909103,5,57.29489899,8.780881882,2.057110071,2,5.69446532769925
-985285,1323795,180.8792114,1482.873657,5,0.261555552,217.0659943,13.83261108,0.260657638,5,42.00111008,1.916293621,-1.562910438,2,1.80787811782565
-505285,1803795,139.7321777,1164.793335,2,0.370947361,463.5418396,10.73931599,0.400957346,6,87.71368408,1.872306585,-0.381646395,1,7.22816692984673
-945285,2323795,135.9589081,1734.736694,4,0.330000013,223.1751556,6.436581612,0.212341934,5,48.83571243,4.601979733,0.251914918,2,2.95741160870139
-925285,1783795,210.7202606,2869.556152,3,0.173877552,529.8215332,2.494846821,0.63680011,4,45.50612259,11.18771648,6.400197983,4,5.47164737211919
-115285,1623795,177.5061646,401.9063416,2,0.328333348,815.6463623,13.78499985,0.520511389,6,58.13333511,0.93694514,-0.493134737,1,5.11007429094047
-855285,1633795,164.8103638,2297.548828,3,0.182068959,194.1972351,5.416839123,0.424101412,7,37.78390884,0.828626037,-0.055014711,3,5.108310987029
-1085285,2343795,121.7922058,2540.365479,4,0.170206189,458.8367004,1.982474327,0.391681135,5,54.61958694,14.61388493,20.38778496,2,8.54105681075304
-965285,1593795,190.2538757,2280.938965,3,0.38350001,491.5686035,6.576399803,0.49581039,4,69.375,8.741915703,1.110175014,4,7.02528369960793
-965285,1643795,168.8170471,2440.127686,3,0.271020412,602.6605225,5.392857075,0.6435588,4,64.19898224,7.325213432,-0.40179646,4,12.2384331483355
-965285,1873795,164.891983,2592.758789,3,0.289090902,680.7360229,5.00545454,0.748459876,4,62.00505066,14.66593075,2.576980114,4,11.9795885772896
-995285,1633795,179.8120728,2223.194824,3,0.3046875,536.7546997,7.813281059,0.591029406,4,51.43021011,13.12872219,6.601635933,4,6.08697180783401
-985285,2063795,191.4903564,1932.443359,4,0.317204297,287.5126648,5.977204323,0.274092019,5,46.98171997,2.974828005,-2.034274578,2,2.96092975694311
-295285,1573795,171.7276306,600.999939,2,0.291443288,659.7828369,13.93953609,0.430942178,6,57.57319641,1.29241395,0.576470315,1,3.51041065016233
-755285,1043795,153.8316498,907.9157104,2,0.358947366,324.7843628,17.59315872,0.247763693,5,63.02947235,1.607701302,-0.719785869,2,2.99012694063155
-1075285,1353795,148.1377106,2369.797607,1,0.275999993,377.4743958,8.34469986,0.339777499,4,46.86000061,5.11285305,1.431280136,4,4.33281321169392
-855285,1783795,186.7621765,2893.424561,3,0.053645834,356.143158,3.150052071,0.52084142,4,36.37812424,10.37368107,9.610333443,4,8.37576855897075
-45285,1573795,166.2559814,337.5133972,2,0.325851053,949.8338623,14.1826067,0.683468997,6,83.01276398,3.008373499,-2.191197157,1,11.7696679616069
-1005285,1083795,199.0077057,1251.127319,3,0.205952376,250.4088593,16.56988144,0.233086571,5,41.98333359,2.496408939,-0.497070104,2,1.13821043010037
-485285,1843795,143.4909821,1094.48291,2,0.319999993,491.3804626,10.65380192,0.425210029,7,88.2260437,1.404819131,-0.801260352,3,6.39552817259064
-195285,1743795,146.5664368,508.7496338,2,0.31076923,731.8536987,12.81011009,0.576977372,6,67.18461609,2.089907169,-0.158666492,1,8.23455896422524
-75285,1633795,172.3562012,407.8459778,2,0.383369565,912.7791138,13.44108677,0.674042821,6,82.69239044,1.351550102,-0.42662102,1,12.6710396670702
-165285,1813795,161.6445465,445.1809692,2,0.319999993,730.4664307,12.21826077,0.549329996,6,81.50434875,2.129380703,-0.357891649,1,10.189381856135
-955285,2173795,190.8072968,2058.429688,4,0.239999995,253.4605408,5.570250034,0.178532571,5,30.20000076,0.907917202,-0.436786711,2,1.11474921715025
-965285,1983795,172.9072113,2219.553467,3,0.224489793,541.7634888,5.760000229,0.620759666,4,51.63877487,14.14468575,-1.828350544,4,7.29868573810764
-775285,2233795,154.3518982,1626.539795,2,0.318749994,351.7223206,7.31604147,0.443549007,5,59.87604141,4.387163639,3.089149475,2,6.40497821264363
-715285,1803795,197.6651917,1997.446167,2,0.170000002,469.6614685,8.13386631,0.383998841,6,32.07525635,2.508546352,-0.213297784,1,4.80583557796103
-975285,2443795,134.4810944,1313.311279,133,0.356931806,210.5543213,7.369147778,0.389914691,7,53.71363449,1.367627144,-1.602861762,3,4.86870893919562
-1155285,2283795,114.4699097,2302.027832,4,0.343780488,377.4322815,1.606463432,0.399009287,5,54.53170776,3.90903163,-1.946151376,2,6.78984949124632
-885285,1863795,184.6563721,3272.99707,4,0.093684211,608.9656372,-0.269631505,0.585318983,4,37.46631622,14.70867443,16.46797752,4,16.4380064846392
-1045285,1503795,154.9599762,2012.892944,3,0.231000006,248.8656769,9.438150406,0.164717585,6,45.68600082,3.320654154,-3.00814867,1,2.18017770359798
-945285,1413795,232.5587921,1786.901367,5,0.147619054,293.2036438,12.56928539,0.226791874,5,41.71071243,4.799358368,-8.136232376,2,2.72618173878681
-725285,1263795,186.9198914,1322.508545,2,0.176499993,395.8181152,14.25335026,0.285637826,6,20.35499954,1.631426215,-0.440663427,1,1.76221213194463
-885285,1873795,180.1945038,3182.730469,4,0.061979167,614.322937,0.722656369,0.649186015,4,37.61458206,17.01597023,6.989171028,4,21.9776476821836
-1075285,1583795,154.9648285,1717.695068,4,0.111153848,232.5259552,10.94615364,0.180751905,6,44.72563934,5.868518829,3.325165987,1,2.39709719174532
-1075285,1263795,180.9341583,2201.742432,3,0.275999993,366.1860046,8.948800087,0.213202015,6,37.41799927,2.865553379,-4.227720737,1,5.0378442616238
-1105285,1603795,184.2516479,1630.468018,5,0.324999988,223.1657562,11.29520035,0.124512121,5,59.16500092,4.205674648,-1.010003328,2,1.74350192842736
-105285,1843795,182.6944733,407.7330017,2,0.367872328,774.3327637,12.12255287,0.6098544,7,80.89361572,1.525617123,-0.353470415,3,7.4429168561306
-1005285,1433795,139.3498383,1976.520752,3,0.341199994,306.4992981,10.33549976,0.235384047,5,54.04399872,8.374586105,-0.86563307,2,3.58076816667818
-565285,1723795,155.109436,1181.552979,2,0.168936163,375.8803711,11.4272871,0.377878845,6,33.52340317,1.226825714,-0.702045858,1,3.23468618484046
84715,1863795,173.3465118,298.0536804,2,0.287956983,935.52948,11.80263424,0.773537636,7,89.83441162,3.145534277,1.119381905,3,4.67470964500344
-305285,1843795,166.9703369,659.4065552,2,0.319999993,579.5744629,11.40505409,0.516540051,6,82.73152161,1.963547587,1.109771609,1,8.46710598228358
-805285,2373795,194.5749817,1370.640137,2,0.319999993,336.7810059,7.282050133,0.27723217,6,60.48899841,4.564991951,0.064125828,1,4.94013185893674
-615285,1573795,163.1789856,1401.830811,2,0.201944441,430.579834,11.99069405,0.344981581,6,46.97777939,6.068039894,-1.449996829,1,3.98089383449807
-695285,2043795,113.5893326,1666.961548,2,0.175494507,366.6054688,8.162527084,0.367252082,7,43.94945145,1.249803901,0.554124057,3,4.62830169817117
-765285,1243795,143.064621,1190.407227,2,0.351919204,362.5019226,14.78181839,0.229718506,5,54.04747391,1.445915222,0.247483596,2,1.97209863227665
-785285,2293795,158.1968842,1615.220093,2,0.319999993,324.5169678,6.838737488,0.34646821,6,35.00909042,3.082427502,0.041204676,1,3.89283370960173
-55285,1743795,160.1664124,437.4528809,2,0.359361708,876.7169189,12.2473402,0.681472301,6,83.9914856,1.807171941,-0.485611051,1,12.8564071441004
-965285,2133795,183.4217072,2142.087158,4,0.298556715,232.3395996,5.408917427,0.228163242,5,44.54639053,2.74446559,-0.970288157,2,2.56694981238895
-955285,1793795,151.530365,3074.272461,4,0.149499997,662.9169312,1.533599973,0.67531383,4,54.1969986,20.92588425,-1.874065995,4,14.4440881971178
-845285,1993795,177.7392883,2734.312256,3,0.179295778,484.1081543,1.876830935,0.640479624,4,47.69859314,6.475220203,6.527202606,4,7.02884879390801
-1025285,1983795,198.9324646,2042.62793,3,0.25767678,443.5213318,6.760151386,0.395502687,5,48.23535538,10.78624344,-0.877874494,2,4.84035668806083
-715285,2233795,175.7629089,1583.80188,2,0.203749999,387.335968,7.302239418,0.39453873,5,28.81562424,2.563564777,-0.750747621,2,6.30900485864385
-1065285,2413795,214.4992676,2973.040039,5,0.093500003,569.5891113,0.129049972,0.42640692,6,53.8219986,17.31626129,-4.509438038,1,8.54890873072732
-1065285,1973795,161.7267609,1803.047119,4,0.260416657,293.353363,8.147500038,0.273754299,5,46.70208359,7.300136566,-5.217218399,2,3.61202990013225
-765285,1533795,137.8275757,1841.826294,2,0.430000007,404.4323425,9.717311859,0.340306938,6,72.85161591,1.273437381,-0.699582577,1,7.70165843119612
-985285,2283795,190.7827454,1641.366089,4,0.370000005,216.2720947,6.594449997,0.193325877,5,45.56399918,2.58072567,-0.282047182,2,1.89535558156026
-485285,1803795,153.7991638,1089.112915,2,0.351428568,483.6397095,10.93255138,0.418177664,6,87.83469391,2.105605125,0.09792991,1,6.94199826076603
-835285,1203795,158.0365601,1553.4198,2,0.200000003,378.145813,13.39929962,0.254686803,5,61.5,6.003181934,1.684531093,2,4.20258148082639
-575285,1593795,123.1064224,1314.412231,2,0.15673469,434.8713379,12.11571407,0.339754164,6,31.11734772,0.858231783,-0.209529042,1,3.98056207419496
-755285,2383795,159.433075,1420.223389,2,0.319999993,388.3997192,7.029949665,0.366702467,6,47.36666489,2.737430096,-1.662237883,1,6.69311948725939
-795285,1533795,127.0870361,2178.69751,3,0.258854181,476.3053589,8.668125153,0.456653386,4,49.25208282,9.05339241,-5.098480701,4,7.2054339198164
-1175285,1183795,153.5479279,1564.889526,1,0.197142854,405.2030945,13.78831673,0.267369598,5,55.2142868,6.509892464,-1.065465093,2,4.35678839813595
-565285,1603795,123.8781586,1268.365479,2,0.235306129,437.819397,12.09249973,0.379039913,7,47.65306091,1.096077681,-0.256670564,3,5.50721488754251
-1185285,2093795,152.0336456,2533.098633,4,0.237234041,434.3294373,2.775425434,0.496529758,5,49.54361725,6.90272522,6.166667938,2,8.76582076001554
-315285,1743795,149.1304779,703.7006836,2,0.312608689,576.0743408,12.03244591,0.461214513,6,77.05434418,1.672826171,0.571896374,1,6.96727289785161
-1005285,2263795,151.7169189,1694.23938,4,0.327499986,286.8040466,6.525700092,0.221148312,5,51.39300156,3.028985739,-0.015698539,2,2.77272421252009
-745285,2383795,172.5931396,1402.677612,2,0.329090923,385.1542664,7.049494743,0.347912341,6,41.98484802,3.598258257,-0.354563445,1,5.0387012495522
-835285,1073795,153.8352814,1725.520386,2,0.172999993,483.2307129,14.01780033,0.302122086,5,52.22600174,6.595301151,4.349467754,2,4.98713699815894
44715,1823795,177.0302582,312.4295349,2,0.295937508,948.0546875,12.29182339,0.73039192,7,73.38645935,2.146763086,-0.723116398,3,9.56229328161166
-795285,1303795,122.1112976,1528.395508,2,0.283232331,364.3066711,13.62060642,0.260275543,6,29.06262589,1.097139001,-0.121521339,1,2.56288527026378
-275285,1783795,153.5151062,621.2574463,2,0.300206184,611.5366211,11.88577366,0.521383703,6,68.48762512,3.151863098,3.968318462,1,9.24172892805989
-925285,1503795,178.4123535,2428.938477,1,0.239899993,510.7734985,8.779649734,0.443963617,4,54.39799881,11.35846424,2.515705347,4,5.40311708320852
-1065285,2243795,168.2212372,2587.863281,4,0.129896909,501.2348633,1.766597986,0.461564124,5,52.22577286,5.459359646,-3.081465244,2,9.65807858951645
-965285,1893795,199.2206421,2315.03833,3,0.251123607,515.9019165,7.489045143,0.651048243,4,53.67190933,19.62243843,-2.658296347,4,8.41526805109787
4715,1863795,180.5700378,391.2216797,2,0.370000005,884.3757935,11.58349991,0.710227191,7,72.72000122,2.326382875,0.307738096,3,11.1988840085191
-1055285,1093795,163.2478943,1396.370239,2,0.185900003,293.7915955,15.59549999,0.177647635,5,49.56499863,2.421576977,-0.568782806,2,1.8918380974304
-865285,2193795,180.2788544,2221.35376,4,0.319999993,443.8309326,4.853484631,0.310536891,5,50.0969696,2.795439482,-3.719953775,2,3.85967147694385
-425285,1613795,157.8278351,894.4407349,2,0.319999993,496.9206543,12.68238926,0.512448251,7,75.56111145,0.719562531,0.032129884,3,5.53285849786589
-1175285,2183795,118.5929947,2080.182129,4,0.280000001,242.1354523,3.89116168,0.185718879,5,39.5,2.297509909,-0.042454004,2,3.44935929704772
-845285,1133795,163.249054,1597.221313,2,0.109899998,396.5238037,13.56054974,0.247846246,5,62.62599945,3.360527992,0.134318098,2,3.24650727293137
-65285,1853795,154.7312927,388.0737,2,0.360526323,827.8641357,11.84231567,0.669513285,6,79.62736511,2.459178209,-0.739083469,1,10.0222353264227
-715285,2083795,153.2845306,1736.468872,2,0.197083339,407.9753418,7.979687691,0.392543346,6,36.42708206,2.575037956,0.615872383,1,4.28886395090094
-815285,2203795,196.4494629,2379.994141,4,0.292244911,534.5710449,2.700969458,0.461612642,5,52.9448967,6.188303947,0.998923004,2,5.88060548704712
-1055285,2213795,207.112442,2265.782959,4,0.345899999,320.9450073,2.959350109,0.237340093,5,51.23300171,4.351154327,0.285467386,2,4.5523721116171
-1185285,2463795,211.5048065,2491.5896,5,0.238600001,1332.199829,0.714899957,0.447298139,4,58.51100159,3.588219881,6.355820179,4,10.6576233897761
-925285,1303795,147.7456665,2026.476196,2,0.100000001,444.0751648,10.50863647,0.263592362,6,56.76969528,1.857235193,0.694587052,1,3.62655401896597
-675285,1993795,176.155838,1516.504517,2,0.218556702,366.7025146,8.86768055,0.354298681,6,47.06082535,1.335248232,0.556666017,1,2.89697646280411
-645285,2453795,151.0087128,1034.945801,2,0.26851064,392.7495422,7.624414921,0.434675753,5,63.32765961,3.441839695,-0.427455813,2,7.53300000574905
-915285,1133795,212.2929993,2195.540527,1,0.227799997,587.8227539,11.39840031,0.523114264,4,41.70000076,18.0027523,5.040221214,4,7.24440446879104
-895285,2313795,152.9573364,2074.997803,2,0.332599998,367.8315125,5.690199852,0.232699618,6,55.1780014,6.772875309,-5.853559971,1,7.01998945558093
-1015285,1243795,154.534668,1511.229858,3,0.200800002,253.784256,14.37730026,0.155947819,5,37.07600021,1.912371874,-0.271324724,2,2.12049080422716
-1135285,2263795,174.5831146,2139.045166,4,0.370000005,243.3101501,2.064516068,0.308837086,5,55.05161285,2.990755558,1.413063884,2,3.53136147694116
-1105285,2443795,199.4711151,2900.481689,5,0.050000001,1069.298828,-0.751122475,0.345297962,4,40.59795761,20.4883976,26.19729614,4,13.2608247115727
-325285,1633795,142.2922668,735.4378052,2,0.273297876,601.4675903,12.79021263,0.461038142,7,52.56276703,0.822402418,0.377093643,3,3.28161437520885
-915285,2223795,156.3108215,1910.442993,4,0.228775516,264.7929077,6.485663414,0.243138716,5,33.61938858,7.309057713,-0.045428518,2,2.19303777874743
-155285,1763795,158.9389954,412.6931152,2,0.362526327,786.6199951,12.73736858,0.608638763,6,74.93684387,1.661270618,0.052709959,1,8.45873000062426
-1085285,2363795,170.2454987,2282.591797,4,0.326185554,304.1630249,3.444226742,0.229237869,5,49.43814468,8.789275169,4.216255188,2,4.49947067425702
-975285,2463795,148.8976135,1343.841064,133,0.370000005,206.7068939,7.327799797,0.134074554,6,55.40000153,2.160298824,0.01659164,1,2.33476942105624
-785285,1513795,125.4859619,2000.289551,2,0.34010753,466.1376953,9.425860405,0.414661288,6,71.43333435,4.921867847,8.21133709,1,8.80719940982301
-205285,1743795,167.8961182,534.7329102,2,0.319999993,717.0564575,12.74744701,0.560988963,6,74.04255676,2.303393841,-1.023147345,1,10.9021400690352
-865285,1453795,210.6378937,2733.275146,3,0.234999999,708.0692749,5.457650185,0.692204356,4,57.67399979,19.32055473,-2.994261026,4,15.5532357261709
-905285,1953795,156.931366,2743.307861,3,0.133814439,735.9563599,2.082731962,0.724075019,4,48.22164917,12.49352074,0.807700515,4,12.3649086723004
-1165285,1463795,175.5897064,2003.361694,4,0.215384617,282.7995605,9.815934181,0.209340677,5,38.5615387,5.396199226,-1.240037918,2,2.22437213220934
24715,1653795,161.5198059,326.1619568,2,0.354651153,1043.991333,13.34668636,0.722290516,7,75.1162796,1.388623476,-0.251866877,3,14.6605779171046
-865285,1763795,154.4243011,2613.736328,3,0.18292135,282.9398499,5.505730152,0.534662783,4,37.83370972,14.28590393,5.313494682,4,6.25864750080326
-855285,1653795,140.2029419,2297.463379,4,0.153789476,192.5130463,5.389578819,0.289215446,5,35.73894882,0.880837023,-0.007355155,2,2.51407734404779
-895285,1213795,181.6346893,2070.183594,3,0.176363632,459.0070801,11.10196972,0.383100331,4,58.03939438,8.430401802,-5.749736309,4,3.81254548962992
-1085285,1623795,199.8124542,2021.310791,3,0.258100003,394.235199,9.157400131,0.286496639,5,47.42399979,7.172286034,2.39917922,2,2.65343125563193
-545285,1883795,133.1448364,1212.928955,2,0.159784943,458.2021179,10.28790283,0.415492743,6,14.77204323,1.341770172,1.374546647,1,3.39797807706061
-225285,1613795,159.0093689,565.9807739,2,0.215937495,723.8001099,13.50776005,0.509784758,7,41.20833206,1.171117902,-0.000550347,3,3.60837875757214
-805285,1283795,141.4642639,1559.858521,2,0.393400013,352.3067017,13.81400013,0.240627766,6,60.01399994,2.497112751,1.788895488,1,4.90718078533898
-865285,2353795,146.4440613,1658.280518,2,0.220816329,346.1418457,7.05505085,0.339015573,5,59.7142868,10.27252007,4.96675396,2,5.18402415871967
-945285,2283795,172.9401855,1759.705444,4,0.339191914,215.0966644,6.33772707,0.218091398,5,34.5252533,1.725921154,1.286644101,2,1.13291698141475
-865285,2223795,165.4628296,1706.969116,4,0.350312501,289.0763855,7.772500038,0.259163857,5,58.10729218,3.174036264,-0.334600091,2,2.56080529069486
-1145285,1263795,193.0362854,2502.435059,1,0.325800002,558.6237183,8.767550468,0.540124297,4,60.90200043,14.07564545,-2.005005836,4,5.18151113543886
-855285,1533795,205.6645203,2151.170898,4,0.319999993,327.2264404,8.061989784,0.214232296,5,61.68979645,1.559866071,1.23532176,2,3.23852990999544
-1005285,1403795,153.1312103,1864.268799,3,0.0845,286.7879028,11.3505497,0.182265505,5,41.25999832,6.025742054,2.428906441,2,2.8249486299964
-985285,1293795,199.7188721,1571.634766,2,0.266499996,262.697052,13.50294971,0.170166194,5,54.14500046,3.261922598,-0.612801015,2,1.88787255896617
-795285,1623795,175.8224487,3002.562744,3,0.234166667,733.6094971,3.294166565,0.674458325,4,34.88541794,15.29161835,6.225439072,4,11.7875848265424
-805285,2293795,150.4370117,1765.048706,2,0.319999993,336.703186,6.509550095,0.353800476,5,45.19300079,5.129711151,3.388095379,2,4.70880916983102
-1045285,1653795,172.8683929,2467.635498,3,0.295656562,621.3604126,6.34984827,0.706274629,4,37.28787994,16.14733505,-10.34458351,4,11.9067474020544
-1155285,2193795,147.5862885,2006.391113,4,0.29906249,199.8644867,3.747604132,0.166753411,5,42.39270782,2.012254715,0.074327171,2,2.52394835471417
-905285,1913795,151.2270203,2477.686768,3,0.28680411,444.7510681,3.912989616,0.496987194,5,63.07010269,11.72485828,2.431427717,2,7.07477354819289
-1025285,1663795,202.8672485,2822.235596,3,0.074242428,800.0718384,4.049090862,0.683171093,4,27.61919212,18.41862297,10.79698753,4,20.0278101796814
-665285,1603795,155.7678986,1768.744873,2,0.189600006,408.2322998,10.57285023,0.335129917,6,48.54399872,1.15567112,-0.32152307,1,3.23429318501588
-755285,2243795,167.9759064,1580.536255,2,0.319999993,343.9595032,7.231450081,0.318223029,6,42.06299973,2.562322617,0.387097895,1,3.95976466640333
-985285,1223795,150.2624054,1438.701416,5,0.204999998,255.4050598,14.61159992,0.176663026,6,27.61800003,0.952800691,0.299280643,1,2.08016025664634
-75285,1813795,179.5427704,406.108551,2,0.370000005,829.4146729,12.27672577,0.612733722,7,82.59999847,1.538747191,-0.141782895,3,8.53932697437015
-915285,1203795,227.6834869,1859.238892,3,0.381099999,463.0517883,12.19410038,0.311283499,4,54.52500153,9.482865334,-2.82095933,4,3.57759753948438
-635285,1623795,137.867218,1572.403687,2,0.310600013,399.4627991,11.09175014,0.328927219,6,54.48400116,1.965348125,0.392633677,1,3.64654019472244
-915285,1463795,168.9966736,1988.207153,3,0.139795914,400.3552246,10.52770424,0.30179131,5,45.37347031,11.89359283,-1.349988461,2,3.43531712496759
-995285,1653795,173.861496,2765.41748,3,0.28490001,751.6807251,4.793950081,0.739007413,4,52.00400162,18.50074196,-3.930943251,4,14.5211823780062
-765285,2003795,159.4654236,1669.506958,3,0.230108693,408.7550964,8.410869598,0.42905587,6,48.39565277,6.037937164,4.458930492,1,6.4445909197897
-365285,1893795,144.8180237,782.0947266,2,0.319999993,561.9284058,10.73901558,0.494787663,7,85.38636017,2.063689232,1.012951255,3,4.9243582955407
-1145285,1283795,173.1285248,2281.424561,1,0.284747481,391.4978027,8.533787727,0.353026539,4,46.83737564,7.745949745,-3.282370329,4,3.65413850187715
-1205285,2133795,163.5584412,2103.496582,4,0.352999985,243.0118561,5.181350231,0.241207853,5,54.16799927,4.514168262,-2.43531847,2,3.63632302556403
-715285,1483795,144.1888885,1786.503906,2,0.33950001,410.3222961,10.53530025,0.311243951,6,63.5870018,1.842228413,-0.650906861,1,5.36613325160782
-675285,2013795,177.3396149,1628.309082,2,0.221030921,386.8789978,8.130103111,0.369320124,6,46.45876312,1.800153017,1.166663051,1,4.04044456731522
-825285,1623795,214.4829559,2510.562012,4,0.135353535,313.1991882,5.484848499,0.25916177,5,55.66060638,3.56978941,-3.331215858,2,2.95943604987448
-1115285,2083795,199.196701,2092.085938,4,0.303799987,328.8016052,6.304500103,0.281143308,5,47.64199829,7.441224098,-2.495724678,2,3.94159759038353
-705285,1183795,139.1190338,1318.54895,2,0.181212127,411.8048706,14.34883881,0.319549471,6,34.01212311,1.082934856,0.239997059,1,2.12623722216665
-765285,1393795,119.6994858,1438.254761,2,0.307999998,385.4901123,13.41504955,0.265885562,6,41.64400101,1.70609045,-0.337693006,1,3.71250924801053
-1125285,2393795,180.1491394,2827.126465,5,0.159999996,980.8590088,-0.849687576,0.504221082,4,47.296875,14.16711044,14.12294579,4,11.9549974102845
-695285,1973795,139.387085,1453.034302,2,0.243399993,346.9451904,9.300299644,0.340651453,6,33.27299881,1.449202776,0.15515773,1,3.09212747208101
-375285,1773795,153.8606567,796.0241699,2,0.319999993,547.9910278,11.59777737,0.469226509,7,82.81919098,1.402786493,-0.44948557,3,6.05175732658215
4715,1593795,186.7879944,292.6947632,1,0.418181807,1029.182617,13.6874752,0.725986898,7,69.93333435,2.940343142,0.363008171,3,9.19795609477989
-985285,2373795,127.9824829,1444.726074,4,0.319999993,294.8671875,7.523799896,0.181908071,5,57.5,4.510660648,-1.080373526,2,2.30406224756568
-775285,1053795,114.5201416,1023.102539,2,0.353298962,358.092926,16.72536087,0.222002804,5,64.89484406,1.977404833,-1.312977552,2,4.28461943966856
-535285,1963795,121.1834183,1161.650269,2,0.286666662,464.6925354,9.946093559,0.477525473,7,52.59999847,1.093007207,-0.136191636,3,5.5855466030978
-975285,1693795,196.3085785,3200.275391,3,0.066,566.1245728,1.574631572,0.564525068,4,49.63368607,19.19634438,-2.774655342,4,14.4800694769204
-235285,1643795,180.0726471,586.1164551,2,0.173033714,666.2421265,13.41735935,0.59105581,7,29.94606781,1.110318899,0.06123022,3,5.35368926111461
-1205285,1233795,128.6151886,1840.203857,3,0.370000005,538.6500854,12.16944408,0.347682893,5,64.69999695,8.179384232,9.035406113,2,6.30478628840313
-785285,2273795,148.1190033,1679.822266,2,0.319999993,286.6965027,6.783850193,0.336177945,6,36.52000046,3.240885019,2.839079142,1,5.42963151946911
-165285,1783795,184.8642578,418.3623962,2,0.349381447,772.866272,12.60056686,0.5994187,6,72.90000153,2.199560165,0.905305147,1,8.36142715834269
-1095285,1813795,184.0514221,2476.487305,3,0.286799997,652.3035278,6.391799927,0.681701839,4,53.54299927,10.20994949,14.46715546,4,12.4708576649724
-755285,1753795,155.8077393,1707.596191,2,0.313578933,398.1683655,10.38610554,0.242972106,6,75.5589447,3.202679396,0.808216333,1,7.8161584960098
-985285,1893795,200.5905762,1925.557373,3,0.314479172,378.7742004,8.509479523,0.439929545,5,53.68333435,8.501875877,-1.927777171,2,5.3704264029784
-565285,1833795,162.0053406,1330.259888,2,0.255312502,454.7606812,10.36041641,0.388141215,7,56.93437576,1.652340412,-0.548547089,3,3.54450145901342
-555285,1723795,173.9792023,1192.514648,2,0.267010301,372.9637451,11.21469116,0.32730028,7,57.31546402,0.953021944,0.047056332,3,2.06656714923078
-815285,1903795,154.2096558,3022.274902,3,0.071134023,571.3723755,2.868041277,0.628320754,4,38.16185379,19.03731155,-5.663703918,4,14.669809478006
-1015285,2273795,181.4736481,1656.320801,4,0.319999993,292.7969971,6.751989841,0.239042446,5,51.17856979,3.64962554,1.588556767,2,1.96502257557213
-665285,1953795,196.0485535,1374.870728,2,0.196043953,358.9538269,9.524889946,0.461662054,6,30.7923069,1.745926261,0.589996815,1,3.9092445075869
-295285,1683795,143.3857422,652.7800293,2,0.319999993,608.6074219,12.84231567,0.481355786,7,81.88420868,0.770879507,-0.705798268,3,7.14637983561446
-1015285,1573795,169.5815277,1975.694702,4,0.116999999,314.7084045,8.900899887,0.249817476,5,61.31000137,6.575908184,0.183933273,2,3.73686152103392
-595285,1923795,126.5567017,1357.179688,2,0.319999993,423.3409119,9.58813858,0.368071407,7,63.15531921,1.054798007,-0.159530088,3,5.86719401550899
-1095285,1363795,148.0937195,2187.663818,3,0.100505054,330.0054626,8.723080635,0.218189642,5,38.66868591,1.182196975,-0.461272329,2,3.4719914597555
94715,1593795,181.75383,277.5479736,5,0.29622221,1133.772217,13.85083294,0.68321532,7,81.77333069,0.91681093,-0.492968231,3,8.90524272557424
-765285,2393795,161.5039673,1456.818604,2,0.319999993,406.8044128,6.985050201,0.409539342,6,58.02099991,2.741620064,0.117539942,1,6.9304569746149
-855285,1133795,166.1232452,1728.30957,2,0.221699998,411.6442871,12.72494984,0.293868095,5,62.66899872,9.157512665,-2.544933796,2,5.05304810869745
-845285,1483795,116.9111557,3004.860352,3,0.209199995,851.9286499,3.750649929,0.685221314,4,54.63899994,14.12146568,-6.681297302,4,9.60151727266304
-515285,1673795,161.7457733,1043.020386,2,0.179381445,431.6840515,12.07381439,0.371748924,7,27.37216568,1.177332401,-0.918319285,3,2.93370600011383
-295285,1553795,187.0516205,587.5401001,2,0.315172404,655.4986572,14.09275818,0.478356183,6,56.55517197,1.903742433,-1.424659848,1,4.40013294557655
-805285,1343795,129.0679169,1591.937012,2,0.367959172,370.390625,13.03469372,0.253107011,6,53.81428528,1.347523451,0.112282448,1,3.06029459198169
-805285,1513795,138.6312103,2635.070801,3,0.259600013,659.0090942,5.82585001,0.62166965,4,65.1969986,7.568150997,0.493679911,4,8.57867475470196
-675285,1733795,125.7225418,1395.950684,2,0.328999996,306.3685913,11.21385002,0.221132025,6,73.40000153,0.968381882,-0.527172744,1,5.37350073176366
-305285,1693795,158.4415131,660.0980225,2,0.319999993,590.2868042,12.78105259,0.515275896,7,83.25263214,0.989168108,-0.787911355,3,10.4758811830789
-1025285,1253795,177.1320953,1813.099121,3,0.160400003,311.8998108,12.55869961,0.196509957,5,50.45999908,6.818689823,3.330147266,2,3.27045756813793
-1185285,2393795,177.1466522,2720.349854,4,0.11212121,1749.112793,-0.593383849,0.323677361,4,51.42525101,28.79699326,25.53398323,4,13.4373824899653
-655285,1633795,166.5702209,1510.726685,2,0.370000005,381.6418152,11.37691879,0.333940059,5,57.40000153,6.799831867,0.927215934,2,5.62097089056006
-1165285,2133795,190.7481232,2049.968506,4,0.319999993,209.763031,5.491817951,0.170675144,5,36.40000153,3.041532755,0.309402496,2,2.18487269727645
-795285,1683795,182.2862549,2427.405518,3,0.153571427,432.8799133,6.925765514,0.361308903,6,44.6204071,5.671933651,-7.84678793,1,3.90957876142044
-145285,1793795,194.7891083,397.7493286,2,0.35395062,775.8095093,12.92228413,0.522307992,7,82.52839661,1.071111798,-0.494454026,3,7.63971214072695
-835285,1283795,148.9092407,1718.675049,2,0.370000005,370.3728943,12.36985016,0.237481177,6,59.5,1.945505619,-0.04176816,1,3.34969198005581
-1045285,2413795,120.4855576,2212.135254,4,0.25555557,442.33255,4.186666489,0.417176396,5,56.71313095,7.817354679,-4.664190292,2,10.328765336668
-1095285,1353795,165.4488525,2194.185547,3,0.197799996,334.3568115,8.711099625,0.207526296,5,39.68799973,1.362955809,-0.815799296,2,3.86682413625878
-805285,1843795,157.5519104,3008.943359,3,0.054081634,796.1416016,2.328979492,0.582907736,4,35.21836853,18.93969917,14.20271111,4,17.5354790055333
-775285,1193795,145.9805145,1089.889282,2,0.386249989,357.7409668,15.19687462,0.233050644,5,58.37916565,1.235811472,-1.422252536,2,2.0110070675999
-25285,1583795,162.8043518,330.9365845,2,0.332121223,986.5667114,13.82338428,0.689864039,6,80.94242096,1.643700004,0.621648252,1,10.0115469679887
-815285,1543795,177.6305084,2898.447021,3,0.237244904,621.6029663,3.818979502,0.56138128,4,38.12755203,17.549263,9.882831573,4,10.5093519979886
-875285,1963795,180.6536255,2630.966553,3,0.251134008,460.0041504,2.945515394,0.534856617,5,55.78144455,8.861189842,-7.379246235,2,11.9589816961694
-595285,1623795,143.8374023,1417.216064,2,0.35210526,427.1533203,11.88521099,0.294870347,6,77.21684265,1.231827378,-0.180369854,1,3.94467273817745
-495285,1623795,119.6553268,993.4725952,2,0.287272722,418.0030518,12.69515133,0.581958055,7,68.6818161,0.694940031,-0.020535296,3,5.97752136791355
-1025285,1923795,211.3097687,2294.195557,3,0.216399997,461.5126038,6.041100025,0.494189769,4,54.6230011,13.42070198,4.198881149,4,4.29902745724417
-975285,1723795,193.4331818,3358.200195,4,0.218999997,583.7156372,1.147666693,0.5766083,4,46.36999893,13.75501633,-6.484026909,4,9.06532175702682
-1165285,1073795,140.4172821,1366.541382,2,0.283300012,297.2903137,15.61130047,0.176681802,5,59.13100052,1.700889349,1.37033999,2,1.94778757644307
-955285,1923795,155.6623993,3148.62207,3,0.176874995,981.572876,1.045833349,0.655996621,4,57.06041718,12.35633755,4.235423088,4,7.01535061057522
-1015285,1723795,166.5823669,3304.733643,3,0.050000001,867.5637207,1.515208244,0.482405424,4,54.15312576,31.50821114,16.81154442,4,14.120468432071
-885285,1743795,194.0066223,3185.861816,3,0.080899999,551.2406006,0.803799987,0.582758904,4,49.62400055,16.61105537,6.387030602,4,13.3123326865694
-825285,1753795,173.3539581,2322.331543,3,0.049494948,426.7128296,7.759394169,0.432100236,4,39.74949646,17.64092827,-3.425704718,4,8.84553999160373
-795285,1043795,154.6032562,1238.543457,2,0.270099998,394.5307922,16.17469978,0.274460286,5,64.15899658,6.492979527,-2.77126503,2,5.70065464576925
-435285,1813795,134.5107574,984.7616577,2,0.319999993,510.0856934,10.94144344,0.471566677,7,88.41236877,0.88772577,-0.415559322,3,9.68422151272799
-305285,1823795,156.0746613,627.2659302,2,0.319999993,595.9136963,11.48177814,0.506917298,6,78.92222595,1.443789601,-0.625806451,1,7.75826253352332
-775285,2313795,154.0479584,1525.202637,2,0.319999993,339.1520081,7.098100185,0.312676579,6,41.97399902,2.961530209,-0.196756274,1,4.20227272652815
-425285,1643795,153.5267487,889.5874634,2,0.202040821,498.1515503,12.40678596,0.61279124,7,40.81224442,0.964696527,0.013410893,3,5.605083710437
-425285,1703795,193.2609558,894.4935913,2,0.304347813,502.5985718,11.97875023,0.45527187,7,74.54347992,0.929006934,-0.496919751,3,5.59414306150074
-905285,2323795,175.0956116,2503.253174,4,0.305500001,581.7819214,2.073050022,0.485633105,6,59.26100159,8.171240807,5.149490833,1,9.47002486705682
-1055285,2523795,190.1017456,3081.169678,5,0.069047622,888.7365723,-1.038095355,0.404679298,5,29.90476227,14.0053606,-25.79457855,2,13.1891850334756
-685285,1123795,165.0432281,1202.309692,2,0.261123598,410.5802307,15.20747185,0.292325258,6,57.28763962,1.123909831,0.130965143,1,2.73088797458559
-945285,1063795,199.9105072,1285.621216,2,0.28549999,279.6610107,16.79294968,0.186480969,5,53.47800064,1.4622401,-1.794059992,2,0.961076560080432
-485285,1783795,161.9436493,1048.1427,2,0.416799992,485.2773132,11.43395042,0.384691596,6,81.09600067,1.714607954,-0.374773175,1,5.21118449941607
-1075285,1603795,178.6503601,1751.982178,4,0.212978721,266.9287415,10.59914875,0.216737092,5,49.79893494,3.22710824,-0.300014883,2,1.78553037479915
-805285,2343795,189.0480042,1460.804932,2,0.319999993,343.1782837,7.277680397,0.302486449,6,56.59999847,3.423573256,0.83113873,1,4.85833224914674
-975285,1243795,156.9300995,1468.674561,2,0.298000008,264.5137024,14.22914982,0.17464523,6,45.48500061,0.878276169,-0.411065757,1,2.25882733547931
-1015285,1163795,161.3432159,1423.904053,2,0.3574,290.2148132,14.78369999,0.18669261,5,57.89599991,1.238053322,-1.123291016,2,1.65020183749575
-1075285,2433795,197.5792542,2484.656006,3,0.122446805,546.7810669,3.359308481,0.404423386,6,52.65531921,20.55953979,-0.56658864,1,6.93831538350005
-765285,1903795,207.1363373,1634.109009,2,0.319999993,397.2823181,10.26333332,0.419333994,6,65,3.413426638,17.41462326,1,6.85574938675162
-855285,2203795,145.253006,2073.851563,4,0.337500006,412.1021118,5.530099869,0.284289271,5,56.00299835,6.711731911,-1.000606656,2,5.25828321933887
-1245285,2123795,161.5150909,2101.226318,4,0.279599994,315.3165894,4.987199783,0.382176101,5,63.93799973,4.25283432,-1.656036139,2,7.07277537912406
-1115285,2403795,201.5757446,2982.267334,5,0.050000001,957.2531738,-0.375499934,0.429613471,4,44.77399826,19.01444817,1.329319954,4,16.3012612447408
-815285,2303795,217.6433563,1664.838257,2,0.291099995,357.0125122,7.085199833,0.265040606,5,51.54999924,5.14444828,-1.767772913,2,4.04587744134184
-1045285,1773795,153.0126801,2446.743408,3,0.317200005,430.2207031,7.129849911,0.566105545,4,57.74300003,8.461115837,-0.459639668,4,10.101201048437
-605285,1963795,222.2891998,1276.871338,2,0.130612239,419.3934021,9.619337082,0.384748816,6,12.97346973,1.418533444,0.397312373,1,2.51786938438579
-855285,1383795,134.1733551,1971.27356,2,0.206200004,446.026001,10.15069962,0.344345421,4,39.20899963,3.782691956,3.261188984,4,6.18088446999661
-1195285,2233795,185.1431732,2729.519287,5,0.050000001,833.914917,1.545549989,0.566331327,4,51.58200073,15.43325329,0.941076159,4,16.9786470041888
-715285,1853795,166.1831207,1882.539307,2,0.197127655,471.1912231,8.911436081,0.420315176,6,36.26382828,2.544565916,1.044893265,1,3.48533966749631
-885285,1273795,171.811203,2066.611328,2,0.205454543,404.0498962,10.04292965,0.313587636,6,51,2.667612314,-0.811932802,1,3.1011343589414
-1015285,2503795,199.9496765,1411.35022,4,0.352999985,288.4473572,7.401199818,0.171273887,5,52.63000107,3.478767872,0.607754767,2,1.98852231593605
-905285,2073795,142.9388733,2570.859375,4,0.187171713,726.0673218,2.860858679,0.551023602,5,42.50403976,8.509949684,1.062657714,2,7.80322629072351
-215285,1703795,159.7978973,543.5821533,2,0.308369577,699.7753296,13.19005394,0.519828737,7,56.2858696,0.810023904,-0.223311111,3,5.55640713450264
-1165285,2103795,171.5297546,2297.130371,4,0.249599993,295.2190552,4.723249912,0.240831077,5,42.13999939,4.278661251,-3.255132198,2,3.94392837901865
-595285,1963795,172.9710693,1353.550903,2,0.300707072,433.7182922,9.312878609,0.381455243,6,45.26666641,1.81968987,0.824575245,1,5.36450037064677
-775285,1613795,152.160553,2305.059814,3,0.100000001,510.8442993,7.909183502,0.544978499,4,35.59999847,10.44831562,5.519509315,4,5.18755081882252
-585285,2013795,160.3620605,1290.545532,2,0.294432998,456.046936,8.862319946,0.397108346,6,62.17216492,1.914549828,0.885619581,1,5.43331864676291
-875285,1613795,157.9377136,2363.932861,3,0.17410256,213.8794861,5.545512676,0.675162494,7,44.59230804,1.222328782,0.368636459,3,8.65904118761235
-895285,1603795,137.2445831,2692.366699,3,0.157604173,451.7411804,4.263020992,0.383159369,6,55.21458435,7.891315937,-0.885177553,1,11.6852666362142
64715,1733795,163.06604,288.3510132,2,0.360370368,990.2283936,13.03790092,0.678308249,7,81.16172791,1.392413259,-0.037647221,3,11.5387081432774
-725285,1223795,175.255249,1301.842163,2,0.200808078,398.1411133,14.27414131,0.315316737,5,18.47878838,1.046255708,-0.50870806,2,1.65918660579677
-875285,2433795,160.6285248,2764.956055,4,0.211700007,690.8275757,0.380500078,0.620352387,4,42.2159996,9.859007835,0.322604835,4,10.1526843683195
-1215285,1113795,112.3188019,1348.67749,3,0.242236838,318.403595,15.33743382,0.178999811,5,58.08684158,5.899820328,2.217784643,2,2.91638263320261
-1135285,1273795,148.186676,2294.477295,1,0.316700011,411.2894897,8.816200256,0.408758044,4,57.0929985,8.688801765,8.511640549,4,5.3075394097618
-1035285,1843795,209.612442,2882.059814,3,0.267473698,887.9049683,1.637157917,0.656636775,4,59.11894608,8.710414886,9.273281097,4,11.3630217707852
-805285,1383795,150.790329,1576.069092,2,0.26730001,393.5188904,12.93490028,0.251168579,6,43.90000153,3.763360739,-0.89295876,1,3.19875142019136
-375285,1793795,143.3515167,831.6181641,2,0.319999993,561.5891113,11.37046432,0.470873177,7,86.22886658,1.00266993,-0.062042408,3,6.18825001986999
-835285,2023795,137.0545349,2818.786377,3,0.155612245,686.6394653,1.536632776,0.663256288,4,35.97346878,10.79103088,4.119643688,4,10.1135329742083
-1115285,1303795,201.7410583,2424.97168,1,0.315899998,428.2572937,8.627349854,0.407281429,4,43.59799957,8.721961021,4.347720146,4,5.03751681043572
-745285,1683795,192.0283966,1726.319092,2,0.36500001,390.346405,10.5998497,0.314753979,6,58.79399872,5.757331371,-2.528728485,1,3.83398616665662
114715,1593795,160.9219055,279.6018066,133,0.12888889,1154.954834,13.82611084,0.711148858,7,80.48472595,1.09802413,0.164442271,3,8.99566882600814
-1095285,1743795,153.9042358,1999.750488,4,0.287474751,373.5065613,8.939393997,0.213447958,5,49.62929153,3.471342087,-1.272433043,2,4.03148056051561
-975285,2133795,186.3817749,2135.625244,4,0.240799993,205.5357971,5.323349953,0.213484585,5,30.39599991,1.919869184,-0.928207278,2,1.98154266944607
-995285,2173795,166.0654907,2010.807373,133,0.363298982,201.6707153,5.631649494,0.157450005,5,59.9814415,1.118359089,-0.007730857,2,2.21836931251067
-375285,1683795,156.7988739,800.5808716,2,0.319999993,531.911438,12.42775536,0.436576813,7,75.13775635,1.541563272,-0.428204387,3,5.13435972374815
-315285,1893795,170.9602509,702.9577637,2,0.319999993,596.2194214,10.8161459,0.520699739,7,88.80000305,2.296725273,0.205427915,3,7.44269519094055
-515285,1563795,182.9797211,1071.710815,2,0.292962968,470.2253113,12.92500019,0.374701828,7,57.07777786,1.398887634,0.398736566,3,4.48223388834708
-1135285,1593795,146.6648102,1645.45105,132,0.455500007,203.9431,11.57989979,0.127493829,5,51.57799911,2.437237024,1.430481672,2,3.06849257231308
-1175285,1443795,231.5942383,2039.080688,3,0.239999995,328.0151062,9.936944008,0.243677661,5,39.29999924,10.3835125,-13.58613586,2,3.27490726339624
-425285,1663795,159.6551514,881.3121948,2,0.111702129,495.8196411,12.10760593,0.557938159,7,11.87127686,1.418212295,1.134358644,3,4.98517637551364
-1215285,2183795,164.3570709,2168.659424,4,0.347272724,309.8179016,4.10479784,0.363529056,5,60.16969681,8.30547142,3.804817677,2,6.577013299549
-1175285,2163795,164.4167786,2022.309937,4,0.280000001,227.865799,4.535399914,0.1666013,5,39.5,2.027468443,0.11619956,2,3.09272896369298
-25285,1803795,148.3077087,323.3596497,2,0.320543468,878.2024536,12.64249992,0.730035841,7,74.60217285,1.513210535,-0.190442979,3,9.60615762473813
-725285,2103795,133.3026276,1708.349487,2,0.260399997,407.1741943,7.920100212,0.376269042,6,36.18299866,2.209363937,0.840862989,1,4.87527215318284
-995285,2143795,171.9867706,2047.469238,4,0.25819999,187.2041931,5.419700146,0.167518437,5,37.25600052,1.128047109,-0.443850011,2,2.02037143645221
-965285,2203795,196.5373688,2226.306885,4,0.277551025,308.8579712,4.495306015,0.244640931,5,32.60612106,2.658237934,-3.367873669,2,3.04194063758067
-815285,2323795,178.2141571,1631.67627,2,0.271428585,371.4819641,7.208163261,0.380551249,5,55.2887764,6.302587032,5.284170628,2,5.97780329291009
-645285,1833795,148.2294312,1678.689087,2,0.319120884,415.8279114,8.691099167,0.385733306,6,62.90439606,1.697455049,2.151334763,1,7.67454841160492
-1065285,1393795,170.7439423,2077.118652,3,0.182699993,290.4537964,9.996600151,0.232628927,5,36.63299942,4.050059795,-1.591661096,2,2.88910645806456
-875285,2103795,200.0895538,2507.581787,3,0.201515153,639.5881958,2.626767635,0.636335194,4,40.63333511,12.45902061,4.459186077,4,11.0062708059124
-555285,1663795,156.6871948,1192.76709,2,0.370000005,411.0064087,11.94190025,0.323697537,6,81.04000092,1.587309599,-0.016952688,1,5.26966157911003
-1055285,1873795,148.4767151,1877.605103,3,0.274500012,351.748291,9.382599831,0.311105937,5,52.34500122,9.035349846,-0.500087202,2,2.35698127964766
-775285,2373795,157.1675568,1510.66687,2,0.319999993,399.0498047,6.889292717,0.388150483,6,56.67676926,2.810688019,0.827525437,1,7.59043885819812
-995285,2303795,136.2567139,1532.535889,4,0.326043963,174.6060486,6.795824051,0.439156145,5,41.73736191,2.782785654,1.134444714,2,5.39279900849368
-885285,1363795,206.0298767,2011.374756,2,0.366400003,411.1901855,10.00269985,0.247355148,6,56.23500061,2.605759382,0.071695402,1,3.8483560390557
-755285,2113795,161.065506,1949.43103,2,0.358700007,406.9979858,7.128250122,0.411375433,6,51.62799835,6.272118092,-1.271614194,1,8.24948902276496
-875285,1683795,127.2981339,2320.841797,5,0.128421053,189.456955,5.2646842,0.659766734,7,32.1684227,0.697426677,-0.092156924,3,4.89298072161155
-925285,1633795,176.4704132,3344.560791,4,0.080937497,1026.416504,0.12838544,0.59218663,4,49.02187347,17.06085968,18.60928154,4,23.4817648262425
-125285,1683795,171.8522949,456.5735474,2,0.370000005,829.1958618,13.24411774,0.516353607,7,82,1.010216117,-0.436985493,3,6.71728589316554
-755285,1213795,184.4274902,1205.721436,2,0.202000007,381.7872925,14.87434959,0.264471173,5,31.5,1.711444378,0.663068831,2,0.97323690653527
-845285,1463795,138.9542084,2693.579346,3,0.201616168,671.9443359,5.939495087,0.68788594,4,53.73939514,13.41470718,-13.22989845,4,12.3582704144153
-455285,1843795,137.3784027,1029.586304,2,0.319999993,507.0053406,10.76714325,0.454344004,7,88.20407867,1.012456536,0.02283873,3,8.28123147252985
-685285,1153795,143.1895447,1240.324707,2,0.208499998,420.7885132,14.5230999,0.280521244,6,57.04000092,0.791084409,-0.030553998,1,2.74032265301512
-1015285,1433795,155.9556122,2383.976318,3,0.286300004,491.5220947,7.728899956,0.411382735,4,59.7879982,7.286812305,1.393609643,4,6.17744107678783
-725285,2363795,159.6361389,1436.976318,2,0.342000008,351.4906006,6.973450184,0.382368356,6,48.38000107,3.206342697,-2.261470079,1,5.77161933884891
-1015285,1083795,139.7958679,1247.473145,5,0.245517239,247.2967529,16.72287369,0.279670537,7,48.93907928,2.5593822,-0.005808598,3,2.33216793257857
-915285,2213795,179.6984558,1899.035767,4,0.242553189,274.8294373,6.62047863,0.270266294,5,33.11489487,6.123876095,4.520698071,2,1.53525198049267
-115285,1833795,154.7479095,406.0839233,2,0.351460665,771.8583984,12.16943836,0.620306253,7,78.28089905,1.450786114,-0.065556787,3,7.76767916393969
-225285,1643795,155.813736,567.9083252,2,0.188631579,677.1585693,13.43826294,0.517540514,7,37.38105392,1.091024637,0.512047231,3,4.34568974356719
-615285,1903795,150.2590179,1462.483276,2,0.33214286,417.5045166,9.309336662,0.38034156,7,61.87142944,1.396656156,0.272994757,3,6.39264955607453
-165285,1663795,135.1864624,471.8739929,2,0.248390809,781.6477661,13.36103439,0.570997,7,47.24597549,0.985443592,-0.298069209,3,5.5861901744921
-735285,2113795,158.8783112,1732.383057,2,0.327659577,410.7261353,7.80398941,0.391695946,6,35.09999847,3.372196913,0.60147804,1,6.84569462833454
-95285,1553795,137.0646667,349.6483765,2,0.460746258,931.2375488,14.65880585,0.582260847,7,72.19850922,1.116251588,0.25168848,3,7.23494660572487
-915285,2023795,161.5904541,2490.441162,3,0.163655907,734.2095947,3.736612797,0.754036367,4,53.53333282,9.535183907,-3.680078745,4,11.2462630971296
-675285,2153795,197.2958679,1297.653076,2,0.172499999,354.7464905,8.75151062,0.537348807,7,21.89999962,1.290135264,0.328910202,3,5.13570130542975
14715,1743795,159.3843231,337.2991028,2,0.392068952,949.0864868,12.67810345,0.728073478,7,82.61608887,1.52803421,-0.302237272,3,11.5312900994534
-235285,1833795,144.2935638,502.1434631,2,0.319999993,647.7548828,11.63852596,0.511386752,6,78.61473846,2.081453085,1.6648525,1,9.19874141967267
-115285,1703795,158.6425476,462.1149597,2,0.321999997,841.2614746,13.01605511,0.563377142,7,79.60333252,1.214446068,0.119497769,3,8.60673384978093
-1195285,2273795,169.8975525,2647.248779,4,0.056969699,1038.912842,1.162474751,0.5511536,4,57.43030167,18.89487267,1.066669345,4,13.7091737237381
-425285,1563795,146.3208008,848.0056763,2,0.177887321,496.6626587,13.43457699,0.481950074,6,26.98168945,1.295793772,-0.20580402,1,3.17690507820587
-815285,2403795,168.8869629,1338.081055,2,0.319999993,345.6071777,7.328737259,0.300523669,6,50.19091034,5.831589222,1.02767396,1,6.32443143226969
-1095285,2463795,191.0941315,2529.446533,3,0.067676768,598.0892944,2.783838272,0.523382068,4,51.07676697,23.41752434,-8.939974785,4,15.2663265005589
-845285,1413795,196.79422,2006.744263,3,0.228877544,441.9534912,9.884846687,0.37858668,4,39.30306244,5.220401287,1.078236103,4,4.27997891134605
-325285,1653795,143.8151855,736.5202637,2,0.319999993,589.7602539,12.75664902,0.391092032,7,79.31063843,0.721698165,0.31384024,3,5.53495730683203
-305285,1763795,158.2693939,665.9887695,2,0.349381447,584.5166016,11.96515465,0.454618752,7,74.18865967,2.020212173,0.098349184,3,6.72792393292099
-995285,2353795,165.7241974,1653.075928,4,0.359499991,318.6994934,7.129099846,0.285916269,5,54.19499969,8.412013054,0.0590907,2,3.16773672067985
-655285,1833795,172.5440979,1673.77124,2,0.296086967,399.026947,8.874184608,0.38304469,6,60.91956711,2.066998482,-1.646125555,1,5.56386811215732
-5285,1883795,157.8413696,345.2797546,2,0.331333339,860.9008179,11.62279987,0.72881031,7,80.31199646,2.668860435,-0.39461121,3,11.1412988934709
-25285,1743795,188.0621185,430.3968811,2,0.369484544,891.4094238,12.15304089,0.726016641,6,83.66804504,2.286048412,-0.361522764,1,10.8424433893592
-1165285,2353795,155.4364166,2533.419189,4,0.155599996,931.0606079,1.028249979,0.546747148,5,45.09000015,21.73270416,-10.4907999,2,12.3860419355746
-1005285,1923795,198.7201843,2582.176758,3,0.245656565,642.1522827,4.067474842,0.761486769,4,51.74242401,14.6444006,7.034976482,4,9.44257618802094
-865285,1953795,182.108078,2599.747559,3,0.170303032,451.7374878,2.715959549,0.615341306,5,50.75050354,11.29576588,-3.592907429,2,7.28951052796848
-955285,1453795,207.9796143,2038.865234,3,0.163000003,367.5960083,10.16730022,0.317574114,5,38.24599838,10.23956203,6.711330414,2,2.7148327524017
-775285,2333795,141.5691681,1568.821655,2,0.319999993,335.0777893,6.733500004,0.344849199,6,56.06299973,2.143151283,0.637950361,1,5.37227222214157
-585285,1923795,122.4572678,1319.442993,2,0.272526324,429.529541,9.793157578,0.421637654,6,48.09473801,1.308992982,-0.011063132,1,5.125019754552
-925285,2233795,181.3759155,2055.2229,4,0.214100003,279.2229919,6.004449844,0.216193333,5,34.3429985,5.679245949,3.837986708,2,1.38333040186633
-755285,1223795,189.8439789,1196.895142,2,0.195500001,378.8059082,14.84994984,0.2522434,5,31.04999924,1.775645971,0.574508071,2,1.17139094706148
-595285,1953795,153.6315002,1351.751343,2,0.364687502,429.95224,9.441770554,0.383977056,7,67.36562347,1.808175325,-0.075333849,3,5.5486723111895
-615285,1813795,132.2662659,1575.189087,2,0.317551017,413.5026855,9.252857208,0.384971589,6,63.07959366,1.971227765,-0.548776329,1,5.48723608506321
-515285,1773795,142.9155731,1174.583496,2,0.345104158,445.8979492,10.96557331,0.508837104,7,81.46458435,1.106763482,0.333157361,3,5.99108743713302
-885285,1993795,147.5288239,2663.615479,3,0.280000001,571.352356,2.240852356,0.685692549,4,55.1772728,6.069073677,-1.821493506,4,11.1900825020336
-385285,1893795,153.5985107,813.0949707,2,0.319999993,550.6875,10.75378418,0.508652568,6,87.17702484,3.126105309,-0.432903141,1,7.93004254948858
-1055285,1683795,185.4138184,3036.374023,3,0.06939394,745.1367188,3.419090986,0.755568326,4,14.05757618,20.82250214,-17.88801575,4,22.9112927563917
-975285,1543795,183.3409576,2290.043213,3,0.340212762,427.9901733,6.602233887,0.422022104,4,60.74042511,6.454859257,2.341191292,4,7.07980777909511
-845285,1593795,193.3713684,2335.031494,4,0.151836738,282.1472778,6.078673363,0.288973957,5,39.91428757,0.878009915,-0.831341147,2,3.15171919174915
-585285,1583795,137.6849518,1345.349731,2,0.223333329,433.7103577,12.08010387,0.355117053,6,45.13333511,1.103787303,-0.370963216,1,3.49065441284306
-985285,1963795,174.6485596,2386.380127,3,0.265599996,601.5889282,5.520199776,0.738183022,4,56.26300049,12.32631779,-4.396146774,4,12.7140214596986
-705285,1733795,180.0085602,1505.021851,2,0.189898983,301.5215149,10.84888935,0.296557575,6,31.93636322,1.021224141,0.719836175,1,2.46895759407778
-1155285,2113795,140.2511139,2091.181885,4,0.311199993,247.6941223,5.780200005,0.169669151,5,36.95100021,3.666934729,-1.572163582,2,2.28376475375894
-745285,1853795,176.1779327,1946.456909,2,0.204943821,477.4184265,8.882134438,0.485217631,6,37.810112,3.994907141,-0.343133599,1,4.5436860877144
-1015285,2433795,164.3554077,1699.886353,4,0.319999993,280.0213318,6.41348505,0.320224613,5,49.49292755,6.104290962,3.199102879,2,4.43630636715871
-845285,1103795,183.5852356,1666.922607,2,0.122000001,414.115387,13.57900047,0.259851426,5,58.95199966,5.881238461,0.596100152,2,3.49072785000941
-1085285,1323795,171.616745,2404.550049,1,0.301800013,376.7387085,8.569600105,0.307297379,4,47.05899811,6.580071926,-0.239753723,4,4.39614485565381
-1075285,1343795,157.6176605,2312.802246,1,0.181199998,378.7564087,8.792149544,0.304680973,4,45.98500061,6.774973869,-0.878005743,4,4.04356104282997
-735285,2053795,148.5805511,1893.561157,2,0.301971823,372.9878845,7.24338007,0.404001623,6,51.04084396,2.064463139,-0.032929916,1,5.69145570815398
-555285,1583795,153.7188416,1207.407593,2,0.161458328,438.099823,12.35989571,0.330449522,6,34.19166565,1.129864454,0.252188087,1,2.60671253016266
-1045285,1473795,158.1734619,2094.976807,3,0.050000001,274.7661133,9.20909977,0.174278095,6,40.79999924,3.014695644,0.660385609,1,4.35336988799972
-1005285,2503795,131.8116913,1458.806274,4,0.324400008,256.0775452,7.273300171,0.195576966,5,45.52999878,2.752790213,1.053251743,2,3.19505830928277
-665285,1163795,170.865799,1199.28064,2,0.201818183,423.4313354,14.69020176,0.302264035,6,53.25454712,1.37923491,-0.046689898,1,2.21623814397368
-825285,1843795,173.2783356,2869.114014,3,0.05105263,447.6179504,2.749736786,0.391953617,6,35.66421127,5.984359264,-5.742464066,1,9.06523869583994
-735285,1863795,156.1463623,1917.902954,2,0.171666667,493.2025452,8.974277496,0.427538186,6,32.16888809,2.958293438,1.976331949,1,3.66431683094555
-1125285,1533795,132.945755,1749.190308,4,0.200000003,186.1377716,11.27368641,0.130466267,5,30.70000076,1.439121842,-0.179974571,2,1.96602617381626
-865285,2273795,159.5599213,1701.88623,4,0.304270834,316.6651306,7.217708111,0.267711997,5,45.76979065,1.820200801,0.118860826,2,1.66149027770188
-65285,1803795,171.7727051,386.8821716,2,0.356842101,850.3018799,12.29594707,0.683890462,6,81.8368454,2.211235285,0.378607154,1,12.1886088162483
-825285,1083795,138.1021423,1506.301392,2,0.119000003,423.2249146,14.40065002,0.242983475,5,62.0719986,5.094869137,-1.356330514,2,5.47343130615679
-255285,1793795,157.0014191,572.8650513,2,0.319999993,644.7872314,11.87218761,0.578050196,6,75.12291718,2.325088978,0.288255423,1,9.91678025550923
-75285,1553795,188.3118286,370.3335876,2,0.327142864,949.7988281,14.49235725,0.658346653,6,83.19999695,2.071371555,0.031108415,1,7.79124656632164
-965285,2233795,160.6714935,1996.442505,4,0.208571434,287.9663696,5.450714111,0.220063239,5,38.69450378,4.341081142,-1.0990026,2,2.19432110119555
-1195285,2323795,174.7127075,2246.131836,4,0.076499999,692.1848755,3.080950022,0.692797959,4,57.5870018,17.70555305,7.228025436,4,20.6526929440551
-925285,2223795,193.4971313,1952.237061,4,0.201237112,272.190033,6.381443501,0.248105928,5,35.8896904,7.182748795,-0.844513535,2,2.20984614147491
44715,1563795,155.389679,243.3560028,2,0.370000005,1112.495117,14.09675026,0.638360381,7,83.59999847,0.841102958,-0.224680588,3,7.78065329114568
-1055285,1373795,153.6488953,2196.884766,3,0.269600004,371.8453064,9.366849899,0.237880066,5,39.47000122,8.738307953,3.44299078,2,3.40958080461968
-815285,2393795,153.2598724,1333.421021,2,0.319999993,341.8210449,7.219438553,0.267098218,6,54.54489899,4.988440514,-0.244534954,1,6.87976228867284
-785285,2353795,145.878418,1548.554077,2,0.319999993,350.1711121,6.839950085,0.368351221,6,55.70000076,1.897755027,-0.166025862,1,6.67818697021203
-795285,1483795,133.6996918,2194.911865,2,0.308484852,497.1388855,8.285908699,0.355174065,6,61.7555542,2.948229551,-0.887522697,1,6.26167610703589
-1045285,2103795,138.0722351,2315.569336,4,0.325500011,275.9173584,4.964650154,0.243772104,5,50.31600189,6.536865234,4.991212845,2,4.27051594341187
-105285,1773795,169.2526398,377.6135864,2,0.355795443,830.1605835,12.84852314,0.586852849,7,78.57954407,2.070001125,0.072758555,3,10.4013740558146
24715,1863795,164.8448792,353.0510864,2,0.362173915,907.3604126,11.79461956,0.745208383,7,77.90543365,2.120783567,-0.376811892,3,10.3346258369763
-655285,2413795,164.3370819,1392.266357,2,0.358865976,512.5217896,6.670051575,0.496466607,6,80.58453369,4.831401348,-3.631593466,1,10.3406106391672
-825285,1523795,183.8835449,2766.069092,3,0.211157888,602.0578613,4.699789524,0.577494979,4,56.32315826,9.158981323,-2.691149473,4,8.6035533426485
-965285,1963795,160.8573761,2637.39502,3,0.253600001,726.1315918,3.68204999,0.779713869,4,58.3429985,12.56985092,-0.178821027,4,10.4730924584302
-845285,1953795,170.25177,2839.1604,3,0.182244897,577.6461792,1.896734715,0.628837287,4,41.52653122,16.19876099,-5.727714062,4,8.61211436157684
-805285,1103795,142.044754,1184.623779,2,0.348399997,391.2600098,15.33615017,0.223341584,5,65.09999847,1.28264606,-0.141718552,2,3.84723662512303
-1195285,2463795,193.6018066,2364.696777,5,0.239999995,1256.888184,1.61937499,0.55648756,4,58.70000076,13.11972618,-26.60447502,4,10.0421205030504
-835285,1413795,141.8682861,1920.706299,3,0.136999995,439.4180908,10.10134983,0.349634469,5,39.0890007,5.738290787,-1.928474545,2,3.78770944709955
-175285,1853795,134.7427979,467.3111572,2,0.319999993,709.2146606,11.66933346,0.491914928,7,79.98222351,1.334726095,-0.203283027,3,7.70545925470385
-815285,1213795,150.3032227,1344.584229,2,0.100000001,349.0957031,14.44820023,0.220126942,5,62.09999847,2.662177086,-0.722272456,2,1.82850538238562
-545285,1843795,150.2145996,1251.595825,2,0.34505263,452.1056213,10.41463184,0.462655574,7,76.17368317,1.741953135,0.604573309,3,5.13112753025166
-855285,1883795,155.1447754,3001.916504,3,0.164545462,491.2132568,1.843831182,0.597402692,4,50.97272873,13.63286495,13.68430519,4,9.15963640517783
-925285,2253795,182.8764343,2220.160156,4,0.25545454,369.1805115,4.833434582,0.344962984,5,50.04444504,4.377279282,0.365473002,2,3.32080429245765
-75285,1653795,155.3669739,423.861145,2,0.391123593,887.3330688,13.25073051,0.685898602,6,82.519104,1.187076688,0.309887826,1,11.8704581785063
-85285,1753795,156.3934631,390.1373596,2,0.319999993,863.6978149,12.79985046,0.595768869,6,83.7559967,1.782902837,-0.808143616,1,10.9317248043737
-905285,2383795,195.4255676,1519.1604,4,0.397216499,332.1332397,7.593298912,0.321569592,5,62.57525635,6.360430717,-5.330906391,2,5.08810901727769
-885285,1573795,141.4139404,2680.630371,3,0.119199999,492.2611084,4.262849808,0.307013154,6,58.17699814,3.867734671,-4.764979362,1,7.6972129162503
-425285,1743795,151.0597382,918.0631104,2,0.319999993,509.2780457,11.770895,0.45044598,7,74.05263519,1.574128628,0.196567699,3,5.30356473136594
-855285,1393795,164.1269073,2005.820313,3,0.240500003,437.7827148,9.936599731,0.355551988,4,44.51100159,5.699547768,-0.120850563,4,3.42786453213556
-855285,1723795,214.3826141,2421.51416,5,0.127857149,264.1134033,5.665306091,0.358107835,5,55.34999847,1.64482379,-4.308531761,2,3.0847780382571
-1005285,2273795,168.2971954,1631.338745,4,0.324499995,255.9666595,6.625599861,0.220597923,5,49.72000122,2.683609962,-0.319405377,2,2.06311779437996
-955285,1733795,163.7624512,3042.764404,3,0.197525769,400.2483826,2.492371082,0.528109014,4,47.12886429,13.36654758,0.365016669,4,6.38873217707461
-175285,1843795,158.5143127,461.0415955,2,0.319999993,714.3497314,11.81035328,0.467601895,7,80.4656601,1.29103303,-0.351205468,3,7.49304693628926
-845285,1453795,139.3526764,2612.558105,3,0.200000003,676.2161255,6.124300003,0.667442679,4,58.64699936,18.20710754,6.966272354,4,10.9793873635366
-1135285,2523795,151.35495,2175.983887,4,0.201199993,539.34552,2.324599981,0.597916543,5,51.38299942,10.26089573,3.581599951,2,8.85803445950364
-745285,2023795,145.9241028,1786.276855,2,0.239999995,400.6075439,7.872628689,0.37314561,6,48.79175186,1.65619719,-0.815115452,1,5.20564380695451
-75285,1583795,164.7706757,395.8529968,2,0.36022988,931.3247681,14.10540199,0.631737649,6,82.66321564,1.254529715,0.613883913,1,8.6766014588871
-685285,2273795,147.7995453,1266.954346,2,0.323030293,398.9065857,7.924040318,0.341193169,6,50.28787994,3.293802023,0.02208472,1,5.44283878105282
-655285,1283795,146.6382141,1295.492554,2,0.249436617,461.676178,13.95591545,0.37866807,7,41.29295731,1.312389135,-0.371590853,3,4.11230088447467
-1055285,2423795,133.6228943,2612.361328,4,0.199578941,538.9887085,2.870736837,0.36435765,5,57.1115799,10.19310379,-7.542775154,2,9.48726389124196
-1135285,1663795,197.6958313,1621.242676,5,0.13606061,291.9569702,11.14752483,0.194100738,5,54.53535461,6.251162529,-0.121556789,2,2.28499998865886
-625285,1873795,127.0471497,1539.266113,2,0.402222216,407.2351685,9.123838425,0.366323113,7,74.2808075,1.583386898,-0.228922471,3,9.01187986650612
-1145285,1613795,125.2535782,1595.705078,5,0.200121954,202.0779266,11.97591496,0.149129286,5,39.79024506,3.716074467,5.329502106,2,3.02196551271956
-915285,1263795,159.7906952,1846.087891,3,0.280000001,385.308197,11.6857996,0.224990025,5,45.57600021,2.361964703,1.113647103,2,2.74341778754096
-1125285,1283795,173.9526672,2357.302246,1,0.361699998,415.5840149,8.799050331,0.341147661,4,52.75299835,8.016197205,-3.36669755,4,3.52901683499385
-1025285,2513795,180.7071686,1308.222534,4,0.359714299,227.3561249,7.622000217,0.342568666,5,54.58428574,2.671108961,-2.587086439,2,2.83099346386674
-855285,2323795,165.3573914,1556.409058,2,0.331979156,289.6660767,7.312603951,0.316288203,5,41.58646011,4.432991505,-2.859383345,2,3.63657955451045
-655285,1753795,178.339386,1499.300171,2,0.323684216,340.256897,10.28852654,0.264569998,6,61.38420868,1.419889331,1.048844576,1,4.36637813560385
-745285,2343795,158.6767578,1464.045654,2,0.319999993,334.89151,7.051750183,0.314955086,6,48.29999924,2.045197964,-0.269251645,1,4.42612522341141
-985285,1573795,192.7751465,2182.426758,3,0.422199994,384.5187988,7.197050095,0.371082783,5,71.43599701,4.742590904,-0.65659982,2,5.58112155204388
-35285,1863795,169.6432037,394.6095581,2,0.359897971,856.8466797,11.52668381,0.6970613,7,75.0877533,2.041398764,-0.198021308,3,11.9200366320424
-815285,1843795,186.358078,3118.415039,3,0.054591838,738.0874023,1.762704015,0.564579487,4,35.59489822,15.95620728,10.61121273,4,19.5025842236778
-775285,2413795,177.7623138,1376.614258,2,0.319999993,373.7253113,7.263899803,0.3740049,6,57.48099899,5.074309826,-1.39979887,1,8.88764450217763
-1015285,1803795,204.5951843,1924.881104,4,0.279797971,362.0459595,9.749848366,0.27670458,5,55.51515198,14.95382977,5.829284191,2,3.44951382296596
-555285,1833795,126.2519989,1303.176147,2,0.333469391,451.9469604,10.42448997,0.419715613,7,83.36734772,1.219417691,0.041260526,3,6.08340329858868
-725285,2263795,166.5795135,1403.351563,2,0.319999993,371.6353149,7.712398052,0.306592822,5,44.31632614,2.847954273,-0.328476399,2,3.58851515190246
-805285,1433795,168.2763672,2075.906982,2,0.371212125,475.9116211,9.234898567,0.330128729,6,62.39595795,1.834490776,0.640569866,1,4.23396589090348
-765285,2013795,180.5873566,1774.667114,3,0.257717401,421.4429016,7.912771702,0.398168087,6,47.9282608,5.762422562,1.690317273,1,6.32571733414937
-815285,2113795,147.4039001,2162.710449,4,0.319999993,335.4959106,5.096237183,0.294839054,5,47.31855774,1.512051225,0.560570121,2,4.44302202383726
-1105285,1273795,162.3355255,2126.986572,3,0.202700004,322.4567871,9.268449783,0.205534816,6,38.84199905,1.020037532,-0.412035942,1,2.83569748629919
14715,1663795,173.3930969,338.0177612,2,0.410625011,988.0650635,13.15010452,0.709181666,7,79.68125153,1.243854046,-0.426374346,3,12.4657928947413
-935285,2073795,200.2105713,2401.037842,3,0.181052625,714.5911865,4.054841995,0.720293224,4,40.6421051,8.781826973,-2.790509939,4,11.1829352447496
-45285,1563795,168.2825775,314.1091003,2,0.333225816,953.6004639,14.41725826,0.691033363,6,83.24193573,2.954844475,-1.935122609,1,11.439016401686
-705285,1813795,171.5426788,1969.638916,2,0.170000002,454.0394287,8.234473228,0.400098979,6,46.03684235,2.719051361,-0.292280018,1,3.10594675864179
34715,1833795,154.5361176,311.3746033,2,0.345876276,938.553894,12.23309231,0.741863132,7,79.46082306,1.686615109,0.591559589,3,9.68593382235003
84715,1673795,170.9275208,310.3249817,2,0.387608707,1074.710815,13.18375015,0.721519887,7,80.55217743,1.576068759,-0.353937149,3,12.0728040777316
-695285,1183795,152.9623718,1304.119507,2,0.194141418,412.3200073,14.40838337,0.317267179,6,32.195961,0.835541129,0.459924728,1,1.96812065976099
-305285,1723795,168.9377441,657.1641846,2,0.319999993,589.0544434,12.52366638,0.425856203,7,82.0588913,1.309349179,-0.092749134,3,6.69847158504206
84715,1563795,145.9968414,251.4905396,133,0.337628871,1127.22583,14.18268013,0.663976192,7,82.31958771,1.03817749,-0.182882369,3,9.36981498998348
-795285,1763795,186.4181366,2013.975098,3,0.161666662,473.798584,9.018854141,0.395300627,5,46.93333435,10.70353413,-5.111561775,2,4.32026061964682
-945285,1583795,148.3633881,2388.950195,3,0.311100006,535.7575073,5.609399796,0.47069338,5,66.77799988,6.388308525,1.512853146,2,8.09681505053727
-865285,1203795,178.3069305,2060.248779,3,0.176060602,435.6889954,11.2453537,0.369543076,4,60.11111069,10.54084015,2.839523315,4,4.36926152864735
-865285,1413795,176.3377991,2192.185791,2,0.278080821,499.7038574,8.682979584,0.395008743,6,54.06767654,3.990719557,5.523034573,1,4.99277828359426
-935285,1833795,178.8024139,3535.62915,131,0.125979379,1161.226685,-1.069020629,0.36631766,3,36.77835083,28.13634872,17.64388847,,11.4234231169334
-1225285,1023795,159.0772095,1682.30127,1,0.196700007,478.3987122,14.28689957,0.314862728,5,38.42100143,8.413860321,2.432994604,2,5.02750412632493
-835285,2203795,148.5386353,2208.133301,4,0.319999993,417.5013123,4.158249855,0.328188956,5,45.77199936,2.040139675,1.151571751,2,5.50777555593484
-585285,1803795,132.3823853,1455.330078,2,0.237446815,430.3786926,9.746276855,0.392687827,7,58.87872314,1.273039818,0.927356243,3,4.580068567934
-815285,1743795,171.3060608,2259.789795,3,0.099299997,463.3345032,7.526949883,0.448429585,4,36.15299988,12.11003304,3.064570904,4,5.34527221341777
-1165285,2343795,177.5189514,2234.969482,4,0.236122444,636.4661865,2.04091835,0.671766639,4,45.84489822,16.69924164,1.304326177,4,15.1868284969594
-945285,1993795,210.328186,2077.318359,3,0.272083342,464.0593262,5.789218903,0.491816372,5,65.60624695,5.473860264,1.893645644,2,6.48197247764015
-765285,1433795,136.0740356,1751.086914,3,0.0788,445.3149109,11.40400028,0.387093335,4,37.90299988,12.04543495,1.966999292,4,6.7285235995598
-395285,1653795,135.0515594,849.8386841,2,0.228617027,532.0432739,12.34425545,0.5639503,7,41.98936081,1.24455142,0.102797642,3,5.72154451622544
-825285,1073795,131.3030548,1592.88208,2,0.130999997,451.9902039,14.7965498,0.271886349,5,44.7859993,6.792749882,-1.111005783,2,5.83499893404879
-935285,1213795,173.8359222,1444.641357,133,0.24494949,291.1085815,14.81393909,0.190415055,5,50.01414108,1.062345862,-1.143739939,2,1.82148981227679
-835285,2233795,184.3087311,2207.617188,4,0.28091836,616.8950195,4.476122379,0.609892845,4,49.4224472,9.195843697,6.554142475,4,11.6705959636455
-545285,1813795,133.5256042,1308.751587,2,0.314639181,434.4378662,10.40304089,0.459710211,7,76.06906891,1.104309678,-0.15751873,3,5.19125995564308
-325285,1883795,177.4639282,716.585022,2,0.319999993,596.9890137,10.80236816,0.494800836,7,88.79368591,2.012312889,0.002301815,3,5.61868875715863
-115285,1583795,146.9438934,374.7524719,2,0.42630434,836.8458252,14.11902142,0.528896511,7,72.55651855,1.068774581,1.017454863,3,6.52636934573719
-245285,1813795,167.3891449,573.1151733,2,0.319999993,655.2751465,11.76826572,0.539485991,6,77.93775177,1.975585699,0.771289647,1,9.58292356159675
-285285,1723795,145.708786,633.7219849,2,0.319999993,613.0913696,12.56164742,0.499653399,7,81.68067932,1.341954947,-0.442629158,3,7.65776723026246
-965285,1413795,146.4089355,1735.764771,1,0.244499996,304.2628784,12.13168716,0.183593869,5,25.78624916,2.34534359,-0.181463957,2,1.96502220349004
-845285,1223795,145.7074738,1661.029419,2,0.25999999,377.3789063,13.09259987,0.262938082,6,58.98500061,3.078349113,-1.169882178,1,2.91134312836593
-765285,1163795,178.5187225,1088.212891,2,0.328099996,364.4317017,15.31494999,0.235435963,5,49.8030014,1.230456471,0.420256495,2,0.0328467200922676
-635285,1793795,147.2383423,1507.204834,2,0.189462364,378.9906006,9.725214958,0.369907022,6,37.5655899,1.621476054,0.479303509,1,3.83117110890293
-445285,1573795,137.4343262,901.9838867,2,0.20427084,483.8448181,13.21703148,0.579192996,7,27.41145897,0.891175747,0.242052764,3,4.23253468572837
-665285,1483795,160.5366516,1539.594971,2,0.274500012,415.5946045,11.67920017,0.30420503,6,54.60900116,2.501167297,1.669726372,1,2.66818470756102
-755285,1533795,175.9773865,1836.409424,2,0.430000007,402.5871582,9.749247551,0.343121707,6,72.36774445,1.717254758,0.365377933,1,5.8276064877991
104715,1693795,158.420517,264.4252014,2,0.342307687,1050.838501,13.14846134,0.775234401,7,84.70769501,2.843278408,1.10557127,3,10.3284010591884
-905285,1273795,209.5620117,1941.328735,2,0.33129999,395.276886,10.98744965,0.241161615,6,51.375,3.203082323,-1.325509429,1,3.61955043769008
-925285,1513795,175.2036133,2103.495605,3,0.246179774,299.5620728,9.795674324,0.26858604,5,56.09213638,11.31949997,0.414641798,2,3.04500225410126
-805285,1173795,151.826828,1213.941528,2,0.255100012,361.0848083,14.8682003,0.2129969,5,65.83799744,1.808967113,-0.637940824,2,2.32332767069949
-765285,2123795,140.5916595,1887.822021,2,0.236122444,392.515625,7.545102119,0.37645936,5,35.77449036,7.139299393,-0.41108942,2,5.97924138223385
-675285,2363795,197.3122559,1299.765991,4,0.293469399,370.3988953,7.333826542,0.359329849,6,68.54387665,2.288977146,-0.919108748,1,6.03379663986574
-975285,1563795,193.9510651,2231.202637,3,0.430000007,399.0109863,6.846849918,0.359467536,5,72.76999664,3.904064894,-0.128247052,2,5.54454661640411
-935285,1403795,125.1786499,2142.578857,1,0.213737369,515.414978,8.885807991,0.534471631,4,57.19292831,11.31717491,2.762457848,4,7.27099160336315
-1025285,1993795,176.6554871,2036.825562,4,0.270000011,443.5144958,7.024000168,0.382323325,5,51.0530014,9.028681755,-0.041463509,2,5.89997090044693
-1205285,1013795,186.2934723,1767.073486,3,0.158000007,504.9761963,13.45005035,0.314003438,5,57.68600082,8.693294525,-0.247174844,2,3.83612983835068
-955285,1303795,158.8758698,1903.777466,3,0.298000008,401.7883911,11.25759983,0.244140685,6,50.98400116,3.777754068,0.389619112,1,3.77652597985272
-945285,1803795,206.1916656,2971.976074,3,0.272599995,656.3004761,2.10194993,0.674119174,4,59.97900009,12.56809711,8.510782242,4,13.1668941615228
-745285,1093795,174.667038,1012.968323,2,0.229591832,346.6676636,16.57913208,0.220252872,5,35.3408165,1.404588223,0.234857693,2,1.36410991158046
-955285,1603795,194.067215,2366.74707,3,0.275454551,548.5891113,6.027777672,0.567273736,5,57.68787766,10.76451206,-4.134185314,2,6.68571315173111
74715,1723795,159.4374695,294.7477722,2,0.342580646,998.7390137,12.94795704,0.724689424,7,84.67527008,2.073633909,-0.925306201,3,11.0505565632681
-395285,1713795,152.4911652,876.272583,2,0.319999993,508.4755249,11.91489792,0.368177772,7,76.8959198,0.568882465,0.086846158,3,5.76565796597385
-685285,1133795,134.5976105,1215.974243,2,0.232626259,414.9207153,14.92454529,0.289758325,6,57.15353394,1.092869282,-0.119667225,1,3.44302779631939
-965285,1203795,182.4955902,1633.240723,133,0.106299996,307.7550049,14.08889961,0.207160965,5,52.94499969,10.29082966,10.64180565,2,3.04633875180917
-1015285,1253795,144.7473755,1691.692017,3,0.262100011,285.6348877,13.26685047,0.168413386,5,41.19100189,2.211207151,-0.776598573,2,3.0799434332351
-925285,1863795,192.2640228,2701.160645,3,0.189895838,595.3535767,3.826927185,0.701690078,4,45.03958511,19.71908379,11.30960178,4,15.1777105727972
-845285,2343795,168.5253296,1444.268921,2,0.321208805,333.2380066,7.456868172,0.271550149,6,52.60219955,3.476299524,-0.257977933,1,4.09299645288307
-985285,1563795,194.9152374,2184.390869,3,0.428799987,371.4641113,7.236299992,0.341541082,5,72.63600159,5.954231739,-3.358346939,2,5.947034496486
-1035285,2293795,144.5018005,1697.901123,4,0.33263737,282.1720886,6.312142849,0.373143107,5,49.64834976,3.312075377,-1.024839759,2,6.12971211135047
-305285,1703795,173.5391693,676.6921387,2,0.319999993,587.500061,12.6019268,0.456931025,7,81.3208313,1.339965463,-0.142456532,3,7.70594343182662
-1105285,1853795,182.3516998,1893.332153,4,0.258399993,307.5477905,9.817700386,0.270713717,5,32.27600098,8.406924248,-5.106683254,2,2.06008170931485
-1045285,1583795,185.8173828,1790.370361,4,0.217790693,249.7585449,10.72825623,0.219548315,5,50.10116196,4.887467861,1.4080652,2,1.69391455582385
-1015285,2253795,163.5513153,1853.315796,4,0.351752579,327.566925,6.316649437,0.292860359,5,53.60721588,7.877472401,2.304405212,2,5.20411041600268
-885285,1473795,218.0495453,2153.068115,3,0.274399996,347.7442017,9.438150406,0.313287318,5,40.59999847,8.819348335,-4.951290607,2,3.517747794135
-475285,1583795,157.3448944,966.2053833,2,0.229444444,466.3612366,12.91461086,0.574698448,7,38.67777634,0.781846106,-0.12567088,3,5.07457947149406
-905285,2303795,190.6238251,1989.897217,2,0.291700006,268.9739075,5.692450047,0.217928901,5,50.47999954,6.072952747,2.982410192,2,2.47261028082607
-1095285,1073795,214.6777039,1369.842163,2,0.25,273.5992126,15.80005264,0.214620575,5,47.253685,3.270202875,-7.613877773,2,1.96659908943841
-95285,1783795,159.5721893,375.7471924,2,0.362857133,831.4833984,12.6865387,0.612664342,6,80.7142868,1.786930919,-0.383810252,1,9.27286204951984
-685285,1433795,206.0999146,1340.12915,2,0.197999999,413.1932983,13.55440044,0.295618087,6,24.26000023,1.608544946,-0.357844949,1,1.6079447602735
-1175285,1383795,164.4407959,1963.243408,3,0.225600004,320.0076904,10.28750038,0.21172452,5,40.36800003,2.903081656,-0.538372755,2,2.04345935615556
-285285,1793795,193.713089,627.3657837,2,0.319999993,608.805481,11.76457405,0.540585101,6,74.97553253,2.551972389,-1.640330434,1,10.0770799475178
-1075285,2333795,143.9319916,2348.770264,4,0.132499993,339.8871155,3.369010448,0.353181511,5,57.15729141,12.05088615,-7.907737732,2,5.15669275609993
-1185285,1283795,150.0090637,2333.468018,1,0.203333333,529.6266479,7.525302887,0.472215265,4,43.4030304,8.491678238,5.124578953,4,6.20900444972451
-635285,1653795,169.3896484,1346.931641,2,0.370000005,369.3474731,11.94560623,0.278096944,6,57.40000153,2.881989241,-1.455780745,1,3.3794117709224
-545285,1923795,168.3025208,1185.587769,2,0.153571427,449.7249146,10.28984737,0.518585086,6,10.56428528,1.539976597,0.428978801,1,2.87908349356132
-975285,2023795,174.6343079,2143.006836,4,0.103600003,491.6794128,5.747399807,0.423697829,5,34.68199921,4.298725128,0.576624274,2,6.09798558619807
-1055285,2243795,198.5278931,2823.522217,5,0.056249999,636.0393677,1.061302066,0.542410314,4,56.72499847,11.54313469,2.77028966,4,16.6831664678695
-675285,1443795,208.4428101,1404.115356,2,0.165959597,418.1117249,13.00924206,0.299563974,6,18.51717186,1.347619295,-0.796349645,1,2.00852446857605
-65285,1643795,166.8928223,426.11026,2,0.412124991,906.1279907,13.31812477,0.666620433,6,80.61000061,1.232467771,-0.320839316,1,10.3170967627854
-1085285,1723795,201.8687592,2292.309082,3,0.3292,498.9195862,6.69659996,0.46298942,4,71.85500336,13.94722366,-3.41172266,4,7.38004380152458
-745285,1183795,191.5136871,1169.650146,2,0.230000004,378.2872314,14.95989609,0.257047743,5,25.27499962,1.110377431,-0.62798965,2,1.29529062750204
-1045285,2253795,142.9781342,2723.095459,5,0.060204081,695.2113037,1.344795823,0.574044108,4,57.3959198,11.96127987,1.680891752,4,15.5359806295364
-1035285,2053795,173.4232788,2115.702637,4,0.313499987,355.2036133,6.342150211,0.229830563,5,45.14899826,6.084172249,0.835643172,2,4.384135970245
-675285,1133795,150.4340057,1188.688477,2,0.276938766,419.7037048,15.04729557,0.330886126,6,53.94897842,1.050541401,0.059854481,1,3.29043866363551
-1115285,2123795,197.8627167,1994.556763,4,0.319999993,221.4612427,6.166093826,0.187201828,5,42.72083282,8.111644745,3.142090321,2,3.03488580801249
-375285,1653795,143.6233063,823.6002197,2,0.355154634,560.3817749,12.36231995,0.414190501,7,77.93608093,1.225845933,0.856324077,3,4.77837841553155
-615285,1603795,148.723175,1541.363281,2,0.156804129,425.5429077,11.19118595,0.321443826,6,31.13195801,1.357565165,-0.656329215,1,3.12515240769863
-715285,2323795,157.9111176,1335.574707,2,0.315200001,336.3626099,7.408549786,0.325156987,6,47.49200058,2.523608923,0.827659488,1,3.64760121550874
-325285,1783795,171.2810669,719.1518555,2,0.318709671,578.1969604,11.69596767,0.457921892,6,81.85161591,1.433612823,0.655413687,1,6.84184272996564
-1085285,1773795,217.1921387,1939.955322,3,0.373232335,372.8998108,9.642323494,0.315335542,4,44.4262619,7.343904018,0.189923242,4,3.79048757442661
-945285,1573795,163.5098267,2306.878906,3,0.377951801,493.3067017,5.951204777,0.447899878,5,67.6493988,5.705112457,6.862807751,2,8.33630501422412
-945285,1403795,236.9452057,2023.708252,5,0.144574463,431.8406982,10.2515955,0.371668458,5,34.3361702,15.27091503,15.78627491,2,5.12850285751481
-985285,1313795,206.0620422,1482.164185,5,0.219746828,215.7402496,13.98683548,0.203081742,5,35.4835434,1.89253664,-1.864725113,2,1.9619373887875
-1125285,1393795,184.061203,2226.729492,3,0.226799995,372.5553894,8.332550049,0.283290923,4,39.15399933,3.674555302,0.361710787,4,2.85737582267057
-1025285,2233795,164.4795227,2280.504395,4,0.116082475,431.2052917,3.603453636,0.391556799,5,57.05463791,6.36833334,5.789320946,2,6.40488366129472
-785285,1483795,141.6252747,2047.786011,2,0.320102036,498.6051331,8.937958717,0.341086388,6,63.42755127,1.792006373,-0.456190288,1,5.2572662582752
-1085285,1153795,168.2923126,1990.668335,3,0.221699998,546.9674072,12.22900009,0.405126393,4,54.84500122,14.6723814,-1.612318873,4,4.34180038558526
-615285,1593795,156.822998,1509.761841,2,0.172222227,425.0314331,11.33843422,0.336463958,6,37.2808075,1.925525784,0.053962167,1,2.79512249014289
-415285,1793795,155.5432739,921.8244019,2,0.319999993,509.7552795,11.25494671,0.430568427,7,88.18510437,1.415065408,0.165058777,3,7.12931151564781
-1195285,2373795,142.0477142,2357.987793,4,0.077303372,959.4199219,2.282640457,0.664418817,4,43.81685257,19.10424995,14.98410892,4,17.9155372984153
-335285,1773795,144.8300171,737.6239624,2,0.319999993,546.2600098,11.6964283,0.433496326,7,73.19230652,1.507932663,1.341740608,3,4.78314715791514
-55285,1553795,183.5542145,365.8706055,2,0.319999993,961.7345581,14.41554832,0.676255941,6,82.13013458,2.782038927,0.22927089,1,10.7482407060926
-1165285,2303795,141.5268097,2472.17627,4,0.163406596,479.858551,1.344450593,0.62855351,5,48.23077011,9.401226044,0.665192008,2,10.3767822793889
-1155285,1393795,200.9165955,2155.716797,4,0.239600003,371.6447144,8.816900253,0.29802078,4,39.2879982,2.917785168,0.55901134,4,2.63985053321966
-555285,1693795,167.65802,1106.795288,2,0.305869579,401.8469238,11.77418518,0.480706155,7,62.56630325,1.118474483,-0.993042707,3,5.34217844365872
-685285,1113795,150.1178436,1186.73877,2,0.248080805,404.6917419,15.40287876,0.280670792,6,57.22626114,1.185757875,0.063108176,1,3.39455344964833
-545285,1663795,135.6599884,1148.573853,2,0.370000005,419.7775879,11.9692421,0.328984648,6,77.89292908,1.564634562,-0.8623119,1,5.80195801127872
-465285,1623795,166.4238892,929.8272095,2,0.284000009,449.0539856,12.63933372,0.412281454,7,64.27999878,1.534264088,-1.206896544,3,5.0147908505639
-1155285,1353795,196.8018341,2074.0271,3,0.224399999,315.9717102,9.503649712,0.210036114,5,42.36299896,4.689906597,0.712371588,2,1.44392461199117
-435285,1683795,146.9229126,895.3474121,2,0.319999993,492.78479,12.04300022,0.537619889,7,75.99052429,0.723837852,0.095498845,3,6.18731796276201
-855285,2233795,204.6383362,1713.243896,4,0.299354851,315.6090088,7.604838848,0.30689013,5,42.36559296,2.997014284,-4.495271206,2,3.45543704906078
-995285,1843795,141.293396,2985.357666,4,0.283939391,807.8881836,1.48515141,0.736955941,4,59.97070694,9.136809349,1.34369278,4,12.0578818991475
-265285,1683795,131.868576,616.3552246,2,0.209195405,634.041626,13.0611496,0.569729507,7,36.33218384,0.799942195,0.090764791,3,4.50410980602114
-905285,1993795,217.057724,2512.948975,3,0.182857141,865.8840942,3.782197714,0.732269704,4,42.02637482,14.27453136,-4.676674843,4,12.6980925652936
-605285,1723795,165.0711212,1327.44397,2,0.259587616,376.0021057,11.00494862,0.294581234,6,63.98453522,0.815126181,0.152532756,1,2.68250213032157
-515285,1663795,167.4608917,1059.848999,2,0.382857144,432.8708496,12.08025551,0.354455441,7,77.8897934,1.36296308,0.747876704,3,4.60379460668263
-1005285,1883795,148.7604828,2484.475586,3,0.287200004,608.2488403,5.247650146,0.702497244,4,60.06800079,17.1556797,2.14653039,4,12.4381431748039
-175285,1783795,169.3587494,441.8609924,2,0.319999993,744.1137085,12.36569118,0.586698115,6,78.99681091,2.483055353,0.384655327,1,11.3532364195221
-925285,1723795,173.049408,3074.105957,3,0.117857143,542.9346924,2.092857122,0.520686984,4,51.17142868,10.00203609,6.452794552,4,4.78399582413682
-815285,1103795,149.8276215,1277.959106,2,0.291700006,415.2145081,14.99370003,0.226870164,5,64.57499695,2.014305592,0.388024569,2,3.25481841373943
-105285,1803795,184.9650574,396.540863,2,0.339387745,810.1488037,12.49428558,0.587575853,7,72.3959198,1.831972003,0.042107735,3,7.94947075164454
-1085285,1963795,180.6875763,1731.658813,4,0.249599993,278.9898071,8.779399872,0.218627036,5,38.42200089,5.359949589,2.390196323,2,2.4461292950861
-115285,1603795,138.7545166,380.7573853,2,0.283874989,829.6777344,14.1494379,0.623370647,7,57.68375015,0.771789551,-0.268679649,3,5.18371370213162
-585285,1873795,137.5069733,1367.158813,2,0.210315794,441.640686,9.90321064,0.409712225,6,27.07052612,1.024901152,0.216546357,1,4.32433321421921
-685285,1353795,145.4369507,1277.561401,2,0.36559999,435.9260864,14.16345024,0.280318558,6,57.20999908,1.330527306,-1.73115778,1,2.43857562728295
-525285,1973795,145.0494537,1137.498901,2,0.319999993,466.2458496,9.980052948,0.46314919,7,63.29999924,0.818257153,-0.206206843,3,5.16297555809068
-1135285,1423795,193.5458374,2110.412842,4,0.231020406,360.6208496,9.204183578,0.310501695,5,39.03061295,4.77588892,1.171883225,2,2.62835738680084
-845285,2043795,169.4127502,2727.885498,4,0.170000002,479.1167603,1.887806177,0.614638627,4,35.29999924,5.452499866,-2.908897161,4,8.3912744036013
-805285,2263795,185.4425507,1702.820557,2,0.319999993,303.325592,7.027299881,0.255029202,6,42.3370018,2.638573408,0.514658213,1,3.26372403021557
-905285,1333795,160.0191193,1852.751953,5,0.370000005,364.4255981,10.6931448,0.194318056,5,54.90000153,1.605117202,0.712996125,2,3.5844416295545
-915285,2373795,166.0460968,1485.376831,4,0.323500007,345.0848083,7.086299896,0.221288294,5,59.34400177,4.636083603,-0.19811596,2,4.20340510707519
-335285,1723795,161.6902618,708.0008545,2,0.319999993,568.8527222,12.42396736,0.407676339,7,81.7771759,1.183510423,-0.419629127,3,5.6193651121918
-285285,1803795,134.6043549,644.960144,2,0.319999993,618.2288818,11.70693207,0.51031971,6,81.15454865,1.16972959,0.801790476,1,6.81405194407481
-485285,1673795,172.9766846,993.6964111,2,0.392947376,445.2609863,12.071105,0.379903048,6,78.28315735,1.397673965,-0.629425526,1,5.5285913373345
-745285,1303795,207.8348389,1285.888184,2,0.251546383,391.3179626,14.38288689,0.270948261,6,31.59175301,2.106856108,0.219611019,1,1.28978105467355
-765285,1223795,163.6511993,1145.836426,2,0.326938778,365.7634888,15.06984711,0.249630153,5,46.26122284,1.403609633,-1.671112061,2,1.00742904433717
-1085285,2523795,163.7825317,2474.561035,4,0.078225806,712.4519653,1.280403256,0.556968212,5,45.7387085,12.26548958,-7.488827229,2,12.7624876188385
-1105285,2193795,170.3077698,2013.985962,4,0.283333331,206.8027039,3.869635344,0.287537485,5,33.55833435,0.907911181,-0.152127594,2,1.38977971822272
-1085285,2173795,155.6464386,2066.294434,4,0.324999988,222.0315704,4.447899818,0.18708168,5,32.68000031,2.129524946,-3.569530725,2,2.86616662932209
-1215285,2213795,207.361496,2230.12207,4,0.233368427,503.9656372,3.369263172,0.547534645,5,52.38736725,10.08417892,1.713274717,2,7.039370123568
-915285,2103795,159.7468567,2254.912598,4,0.303877562,432.2974548,4.435918331,0.288048625,5,49.29795837,4.057574272,4.64394331,2,4.17410564601909
-595285,1933795,129.6641846,1352.235474,2,0.268041223,423.2602234,9.565103531,0.384371966,7,44.71237183,1.175966859,-0.492429167,3,5.98174783997919
-915285,2483795,160.1156921,2439.594482,4,0.142800003,672.2053833,1.960349917,0.679655313,4,57.75,16.10619926,-1.85912466,4,13.0412366092814
-155285,1723795,152.3961029,446.2581482,2,0.315425545,782.9653931,12.87595749,0.584369421,7,79.57659912,1.490068555,-0.561173558,3,7.29700157758597
-95285,1603795,141.1228943,380.6455383,2,0.323176473,870.9197388,14.08323574,0.621739745,7,86.66000366,0.990570247,-0.346015245,3,7.99730474007495
-865285,1843795,144.4152527,3523.586914,131,0.163913041,900.1851196,-1.182337046,0.41550678,6,41.50217438,19.43544006,17.56324577,1,10.7623898987724
-705285,1403795,140.6681366,1320.010254,2,0.115999997,409.8429871,13.79055023,0.318323761,5,37.08399963,6.532381058,1.839622021,2,2.93158795517413
-915285,2313795,219.9864044,2151.576904,4,0.215050504,374.3361816,4.888383865,0.282466084,5,56.46363449,9.905179024,-3.246676445,2,5.00454400009526
-255285,1843795,148.3358612,544.8219604,2,0.319999993,640.8466797,11.38848972,0.514502466,7,81.75,1.667675495,-0.419396728,3,7.81270640065513
-905285,1283795,215.3637085,1998.553345,2,0.253300011,407.4695129,10.64659977,0.263287991,6,48.69900131,2.769100428,0.188430145,1,2.62119879498384
-885285,2413795,207.3061829,3127.474365,4,0.106224492,780.0007935,-2.286785841,0.360183567,6,45.02653122,13.91759014,9.350367546,1,11.2214752237416
-385285,1753795,163.014801,790.7346191,2,0.313402057,515.9938354,11.96144295,0.4354119,6,80.95979309,1.79663372,-0.648775399,1,6.28378507923365
-1105285,2153795,223.6651764,2132.471191,4,0.319999993,238.7098236,5.275350094,0.208894506,5,39.65599823,5.869858265,2.091696501,2,2.56584713109347
-905285,1723795,162.2613983,2829.446777,3,0.216000006,356.7477417,3.238736868,0.390431285,6,52.50737,8.62140274,-3.583863497,1,4.37332801794814
-1055285,2473795,144.4967499,2315.549805,3,0.128000006,508.4634094,4.201950073,0.452243567,4,58.10800171,15.9231739,-1.032629967,4,8.74455922918975
-715285,1363795,169.9223022,1342.843506,2,0.216199994,417.5177002,13.88549995,0.284604698,6,43.96699905,3.153934002,-0.122366473,1,1.99192964087596
-85285,1803795,188.7856293,373.079834,2,0.351875007,828.6957397,12.57787514,0.653713882,6,81.00875092,2.688649416,-0.05631892,1,8.11811564344611
-775285,2173795,177.4423523,2236.211182,1,0.114,475.6246948,4.771800041,0.518611193,4,33.58200073,11.94466305,4.847015381,4,6.21774590972175
-855285,2383795,125.2664337,1558.3479,2,0.319999993,339.6827393,7.224270821,0.353337079,5,57.25,3.765121222,-0.661676347,2,5.86152889304824
4715,1753795,161.6256104,363.9417114,2,0.4012371,920.8988037,12.44603062,0.713398755,6,83.08247375,1.928226352,-0.471038491,1,11.2633880032366
74715,1633795,170.7446136,313.5393982,2,0.389999986,1106.525024,13.61817741,0.715685546,7,80.67604065,1.164434433,-0.460563362,3,11.4125243321329
-525285,1893795,165.8571625,1131.940674,2,0.342916667,465.2379456,10.52838516,0.409230769,7,72.17708588,2.927690268,-0.145715997,3,5.94677644678026
4715,1833795,150.0211487,384.0845947,2,0.368124992,911.9235229,11.875,0.718838811,7,73.18958282,2.122855663,-0.136068016,3,10.656061874956
-1035285,1993795,170.068634,1953.174561,4,0.293199986,401.0065002,7.406799793,0.311900228,5,54.11299896,7.207732677,7.519890785,2,4.8391296985756
4715,1713795,149.9506226,346.5427856,2,0.428453594,952.5921021,12.62747383,0.709954977,6,80.89381409,1.735669017,0.919787169,1,9.96560497200693
-715285,2373795,177.4267731,1405.078125,2,0.319999993,368.0281982,6.940949917,0.387856424,6,48.4070015,4.265057564,0.53871578,1,5.93808582768236
-1165285,2273795,125.5900192,2387.573486,4,0.354659081,473.3468323,1.752272725,0.401549816,5,60.18863678,5.31248045,3.39128685,2,8.80572865876246
-235285,1813795,159.3371887,545.4747314,2,0.319999993,662.0841064,11.79973984,0.551044285,6,77.82707977,2.334984541,-0.320875645,1,10.1189319978603
-1205285,2263795,201.2348785,2573.352539,4,0.059696969,842.6102905,2.296565771,0.652869165,4,52.87272644,16.68017006,0.619870603,4,18.5546997910415
-765285,1573795,193.763031,2344.541016,3,0.150000006,516.4543457,7.729242325,0.607636869,4,34.09999847,11.22197056,-0.248963833,4,6.05003860950268
-855285,1443795,197.7554016,2802.884521,3,0.224299997,730.4119873,5.903900146,0.641167819,4,47.86399841,14.5233078,12.03702068,4,12.2347019076665
-705285,2283795,149.6691437,1309.95874,2,0.319999993,351.896637,7.858659744,0.290732145,6,44.61133957,3.535435438,0.771623373,1,5.17923137893847
-1065285,1733795,212.9118042,2484.003662,1,0.291515142,538.1222534,5.707221985,0.543347538,4,60.88787842,6.845797539,1.243219376,4,7.15447630327073
-655285,1583795,162.8268585,1737.922485,2,0.35679999,426.480896,10.23015022,0.363143444,6,64.56500244,4.028097153,4.424025059,1,6.10146029339261
-965285,1363795,198.7707672,1534.418701,5,0.215000004,236.4261017,13.03518772,0.301717669,5,32.13124847,1.740282893,-1.24900353,2,1.93654569715567
-1055285,1863795,150.8589935,1738.773682,3,0.21489796,348.1835022,9.975357056,0.289764166,5,41.11122513,15.68511105,-3.137838602,2,2.67130272315777
-1135285,1543795,125.3723145,1834.040649,4,0.162499994,203.1381989,11.00794983,0.155702055,5,38.34999847,2.379554987,-1.95130384,2,2.68557876138494
-995285,2153795,207.7355652,2059.346924,4,0.239999995,191.206604,5.334249973,0.18015562,5,30.20000076,1.632973194,-0.350298256,2,1.91767482285871
-945285,1053795,208.8641357,1323.834595,2,0.351999998,274.7839966,16.77569962,0.184302777,5,66.23200226,2.577762127,-0.851102054,2,2.66264227694352
-995285,1503795,190.045578,2169.55835,4,0.077878788,362.7009277,7.749848366,0.255263299,5,58.37878799,3.555091381,1.245372772,2,5.57121579758879
-825285,1763795,163.5037842,2598.417236,3,0.12141414,433.1657715,5.012474537,0.509345591,4,50.05252457,14.42765427,8.60731411,4,7.83698680860486
94715,1673795,157.5126495,300.6346436,2,0.378275871,1072.468384,13.22149467,0.752119899,7,82.5241394,2.148869753,1.341385961,3,11.5308414442591
-175285,1823795,149.5225525,441.4836426,2,0.319999993,709.9018555,12.21538067,0.523980141,7,84.20869446,1.651867867,0.527624249,3,8.17095827259313
-835285,2133795,182.7845612,2097.561768,4,0.28897959,299.2227783,5.514336586,0.251369745,5,43.89489746,2.859191656,1.320659518,2,3.89556317858806
-555285,1593795,139.7004852,1219.172974,2,0.244285718,437.6260376,12.24260235,0.335840195,7,49.54285812,0.910959125,-0.008616916,3,3.32524147534931
-635285,1803795,139.2580261,1524.107178,2,0.113750003,381.6059875,9.537968636,0.390609175,6,22.59375,1.418254137,0.224216461,1,2.92723276170421
-685285,1553795,143.5567474,1941.315063,2,0.212200001,454.0375061,9.934550285,0.356153518,6,51.67699814,1.92950809,0.353830099,1,4.46937900895112
-745285,1493795,183.0987701,1780.206909,2,0.354999989,402.2261963,10.54605007,0.313527226,6,64.26499939,3.877043247,0.181748003,1,4.48404602617148
-145285,1733795,150.6378021,414.3629761,2,0.333191484,802.0214844,12.8900528,0.54780513,6,80.57234192,1.749616504,-0.349942207,1,7.8753238456418
-1095285,2423795,189.6405029,3055.87793,5,0.050000001,939.7460327,-1.088434339,0.44329679,5,42.29898834,20.07901955,-13.61031532,2,13.8475979174645
-345285,1863795,180.3143005,750.2800293,2,0.319999993,576.427063,10.96675301,0.495124578,7,85.6907196,2.184037924,1.316575408,3,4.95547845587628
-565285,1703795,160.7064514,1132.795044,2,0.324897945,390.0576782,11.66525555,0.426324964,6,70.75918579,1.207489252,0.508363426,1,5.16560294507623
84715,1573795,152.6749115,257.8821106,133,0.29426229,1121.762451,13.96926212,0.671765506,7,80.15573883,0.860738873,-0.214431733,3,9.10908498444811
-905285,2363795,194.0983429,1579.21228,4,0.392268032,358.6078796,6.927422523,0.345126271,5,62.21546555,7.471691132,-1.810970187,2,6.86962851430464
-125285,1783795,163.0218658,400.971344,2,0.346808523,792.1216431,12.81117058,0.612396955,6,72.64680481,2.117050171,-0.506531596,1,8.71506782023815
-955285,1263795,205.9616241,1624.050049,3,0.215599999,301.5994873,13.1423502,0.194434613,5,25.45000076,0.997353375,-0.860058665,2,2.21392648816664
-1115285,1113795,176.576767,1463.031006,2,0.370000005,315.6990967,14.87161636,0.19948642,6,61.20000076,1.168699026,-0.715937734,1,2.20468193146376
-475285,1773795,151.005188,1031.884277,2,0.389175266,482.1687927,11.47572136,0.424521327,6,78.8453598,2.090979099,0.543774664,1,5.65669731941234
-795285,1253795,119.5489502,1376.045044,2,0.406599998,338.5997009,14.49779987,0.213428304,6,62.36600113,1.872838378,0.936585426,1,3.85740147490459
-775285,1363795,184.2845764,1483.724121,2,0.290102035,396.4579773,13.50010204,0.259355009,6,34.45816422,1.486689448,-0.112444207,1,1.92626899899078
-775285,1273795,146.5189514,1313.393799,2,0.391414136,355.7001038,14.38297939,0.232522562,6,57.34444427,1.80269587,0.497185528,1,2.63962777891757
-935285,1323795,169.0449066,2010.57605,3,0.230967745,417.052002,10.47634411,0.274033338,6,57.51075363,3.001787901,0.200714841,1,3.39438534731647
-1115285,2243795,182.7815857,2186.577637,4,0.319999993,270.0854187,2.087199926,0.198028728,5,36.40000153,1.64846766,0.659829438,2,3.2120594033573
-905285,2193795,154.2738495,2037.77063,4,0.276067406,301.9832764,6.425842762,0.308346063,5,37.73033524,5.830447674,-0.538993537,2,2.54775634646602
-745285,2103795,171.9470978,1866.644287,2,0.421030939,406.5959167,7.420824528,0.380150259,6,55.77113342,4.158072948,-0.855254352,1,8.30984915434079
-1045285,2153795,189.2705536,2120.406738,4,0.321999997,214.7758026,5.087900162,0.186200783,5,36.95999908,4.170826912,2.761487722,2,2.37682669427428
-1045285,2383795,171.6629486,2845.176514,5,0.223199993,597.2075195,0.251950055,0.441219002,5,57.35200119,21.15016747,6.411455631,2,8.6437756546634
-285285,1873795,168.7166748,635.6365967,2,0.319999993,605.3337402,11.10804081,0.525467515,6,87.97113037,2.291560888,0.772116721,1,9.37464726730322
-815285,1393795,167.227417,1646.990112,2,0.296200007,407.1625977,12.24804974,0.26031822,6,42.01399994,2.855082512,-0.720543623,1,2.94337817478845
-535285,2003795,142.6212616,1153.662476,2,0.304081619,453.2414551,9.945969582,0.367231995,7,59.59897995,1.266898274,1.167286038,3,4.50832095850829
-1025285,2503795,157.5575714,1321.03833,4,0.370000005,232.1594543,7.621530533,0.161808267,5,55.41836548,2.017971516,-0.467399091,2,1.74443340565241
-35285,1613795,168.4125214,379.0458069,2,0.345252514,948.4591064,13.52681828,0.715045631,6,82.03939056,2.444584131,1.084428668,1,13.7038166619693
-1055285,1783795,127.6374741,2353.717529,3,0.254599988,400.0725098,7.84375,0.581418872,4,61.91999817,10.48810577,-11.73126698,4,8.95808147870539
-825285,1983795,188.156662,3250.217041,4,0.072857141,1032.75769,-0.590071321,0.586088121,4,36.26571274,17.17962265,-15.67182159,4,21.0217993042478
-835285,1113795,146.9649658,1477.45166,2,0.100000001,397.7015076,14.19734955,0.245925426,5,62.59000015,3.125802755,-0.226174206,2,3.41351375787423
-335285,1833795,150.34198,738.788269,2,0.319999993,571.0084839,11.45682812,0.521937072,7,81.21398163,2.017730951,1.575828791,3,3.74255423217624
-1135285,2503795,192.6439972,2500.708008,5,0.162626266,757.8480225,0.799393892,0.605931103,4,53.30707169,11.43433094,8.878915787,4,11.2313400816239
-1095285,2513795,183.2123413,2769.990479,5,0.0605,992.5263062,-0.417249888,0.425133139,5,42.51399994,21.5965004,12.10888195,2,12.9023543121535
-925285,1653795,177.3701935,3415.586914,4,0.070919544,1144.810303,0.228678226,0.591364205,4,48.95287323,15.61242867,2.58503747,4,22.5394120114097
-755285,1143795,166.3976898,1090.600464,2,0.290505052,362.9507141,15.51095963,0.246656656,5,40.71010208,0.980164528,0.170545027,2,1.17232418161676
-155285,1743795,169.5603943,427.1733093,2,0.322727263,781.7144775,12.79979801,0.63014853,6,70.67878723,1.950549722,0.401397556,1,9.04382359096399
-1205285,2243795,196.3576965,2502.182129,4,0.050000001,723.527832,2.347549915,0.626599669,4,48.74399948,17.6992588,7.541221619,4,19.6297276419575
-985285,2213795,190.6669006,2153.275391,4,0.322299987,319.4429932,4.6177001,0.240913913,5,48.73699951,3.899526834,1.56924367,2,3.66348560645762
-1145285,2253795,160.8456573,2104.579102,4,0.329259247,204.6240692,2.234259367,0.344023496,5,52.80740738,2.464330912,0.681607664,2,3.8952324885534
-1045285,1943795,171.7636108,2002.836792,3,0.200000003,394.9068909,7.195400238,0.288089573,4,50.00600052,5.85011673,5.485803127,4,3.30218214111476
-1085285,2093795,163.4409637,2304.915039,4,0.298099995,327.8304138,4.826499939,0.32164827,5,47.7140007,7.155213833,-0.807645619,2,5.01065913741258
-15285,1733795,156.0665741,396.9625854,2,0.426842093,914.1109619,12.40205288,0.716900051,6,82.27368164,1.540216565,0.241710126,1,11.3299811440349
-985285,1433795,169.3243103,1849.058228,4,0.265399992,267.3150024,11.23130035,0.175313756,5,48.27999878,3.781621218,-8.484426498,2,2.09157821281891
-1205285,1023795,200.8366852,1820.652954,3,0.184,568.8386841,12.32979965,0.364564866,5,56.82799911,16.39159203,16.03243637,2,4.83308431090156
-875285,1313795,153.5328369,1890.009521,2,0.352653056,385.9133911,10.88122463,0.237160489,6,52.79795837,1.881923914,-1.243880153,1,4.21464911692314
-715285,1773795,200.6160889,1775.238037,2,0.112000003,398.9107056,9.209349632,0.337872237,6,21.42000008,1.878275752,0.203297034,1,2.75121288495124
-725285,2433795,197.4280548,1252.309692,2,0.319999993,389.5162048,7.103849888,0.449062288,6,56.69300079,4.702277184,1.268280625,1,9.06448582245496
-765285,1683795,146.3359985,1819.264771,2,0.32249999,432.6322937,9.918450356,0.323775291,6,73.99199677,3.098930836,0.311401188,1,5.43739018650156
-825285,2003795,170.6739349,2967.834473,3,0.063222222,642.0581665,1.216388822,0.649837494,4,38.46777725,17.74866295,-8.259710312,4,17.6026818052897
-1165285,2433795,208.9731598,2360.572998,5,0.268222213,1121.274414,1.358666658,0.602835298,4,45.02000046,9.663214684,6.502155781,4,12.4795695778639
-1095285,2163795,182.2170258,2101.457764,4,0.328999996,235.2216797,5.107950211,0.198157743,5,34.75999832,3.221657276,1.176579833,2,1.95084409439539
-135285,1783795,176.6363373,396.0287781,2,0.337010324,785.305542,12.95649529,0.551050723,7,73.45567322,1.295891285,0.35755524,3,6.70417166147051
-45285,1853795,177.8378296,384.8815918,2,0.370000005,853.4213867,11.58929348,0.673454821,6,73.64347839,1.973193049,1.782428503,1,11.2847646320532
-1005285,1733795,187.3175354,3199.358398,131,0.050000001,792.9385986,2.25425005,0.586234927,4,60.32699966,26.62937164,-7.444164753,4,20.251483356967
-855285,2423795,126.4297409,1635.910278,2,0.280000001,374.9786682,6.886277676,0.479382962,5,54.20222092,7.220977306,-5.800490379,2,10.4024581408635
-245285,1693795,168.6908569,587.6931152,2,0.19195877,664.6730957,13.18659782,0.56770891,7,38.95773315,0.746468067,-0.058795925,3,5.31807281209567
-965285,1953795,190.7331848,2702.168457,3,0.253061235,750.4204102,3.368469477,0.770299137,4,52.58469391,13.88063431,2.608840227,4,8.99055618996874
-865285,1083795,160.8534241,1553.727783,2,0.127499998,384.3774109,14.39925003,0.190566704,5,70.16500092,8.163103104,2.590046167,2,6.89492754373183
-355285,1613795,161.8655396,794.8564453,2,0.316907227,559.1651001,12.70288658,0.401303649,7,76.88865662,0.874405086,0.265574604,3,4.00057909460452
-1065285,1563795,208.0666962,1880.820557,4,0.370000005,256.4052429,10.23302078,0.286796451,5,30.59895897,2.005181074,-0.536134779,2,1.92026954483146
-1115285,1493795,200.3068085,1865.689697,3,0.200000003,230.2433929,10.38799953,0.144691274,5,30.70000076,1.969061255,-0.025712257,2,1.2752668997318
-735285,2323795,155.5331268,1478.308594,2,0.180600002,331.4753113,7.179900169,0.336092502,5,45.48400116,3.75336194,3.279801846,2,4.01578836915814
-675285,2113795,149.9687805,1354.376587,2,0.257628858,389.4861145,8.795876503,0.384414405,6,33.20721817,1.576267362,-0.708830059,1,6.89299422181169
-375285,1713795,148.1241455,824.897644,2,0.319999993,538.446106,12.06659985,0.384944737,7,75.60399628,1.154898405,0.184378341,3,5.02303839269512
-325285,1723795,142.4611053,684.3538208,2,0.319999993,572.1194458,12.49318695,0.424872249,7,82.37911987,1.185782909,0.1034927,3,6.53519219402917
-1075285,1873795,233.232605,1615.325562,5,0.4014,276.7416077,10.57079983,0.177652717,5,73.36299896,5.906705379,-1.816433072,2,4.02143754194842
-685285,1933795,149.6768188,1419.763672,2,0.168775514,367.3445129,9.561275482,0.410689741,6,30.15714264,1.478275061,0.245183945,1,3.01096396308404
-675285,1573795,151.4591064,1752.204956,3,0.19265306,414.308197,10.54443836,0.393403947,4,46.91020584,8.341561317,-1.562847018,4,5.4103190631299
-605285,1953795,164.0327759,1316.914429,2,0.184081629,419.7229919,9.598010063,0.392014205,6,28.17551041,1.115506649,-1.221678019,1,3.80512971583188
-895285,2363795,247.7805328,2058.462402,2,0.319393933,515.0638428,4.990151405,0.542765856,5,53.64444351,8.681059837,3.089938402,2,9.18251596741328
-485285,1653795,145.5131073,1000.479248,2,0.334742278,444.9104309,12.27999973,0.324867904,7,74.96392059,0.915929914,0.188822463,3,3.87283413773668
-1005285,1713795,168.4286041,3666.163574,131,0.050000001,1135.049561,-0.788585842,0.392090261,6,21.71818161,26.88052559,18.56268692,1,11.8980343982455
-875285,1873795,203.4406128,3306.536377,4,0.07141304,639.2692871,0.174347848,0.63904804,4,36.75217438,17.35997009,11.81352711,4,21.6742270536906
-645285,1753795,141.2967224,1440.311768,2,0.370000005,347.3900146,10.5177002,0.280232996,6,65.12799835,1.75668931,0.937688649,1,7.12152665496777
-895285,1743795,167.1980591,3016.702393,3,0.117299996,543.4708862,1.741649985,0.628540933,4,50.70899963,14.6996851,8.669547081,4,8.13978016658077
-1075285,1593795,196.6896057,1700.765869,3,0.147377044,249.984848,10.91458988,0.186604381,6,47.67049026,4.722461224,1.778373361,1,2.32260173611284
-1125285,2483795,184.8715668,2515.123047,5,0.118831165,631.2277222,0.423571497,0.586945772,4,50.95324707,7.635351658,3.549474478,4,10.1871109482413
-825285,1693795,133.3299713,3148.064209,3,0.142020196,784.3232422,1.317171812,0.585554898,4,40.84040451,23.66439629,5.767096519,4,12.3687598598498
-685285,1233795,154.6388855,1339.075684,2,0.311020404,418.1779785,14.25209141,0.286315531,6,57.86326599,1.224566936,0.738071859,1,2.3581781351018
-1035285,1733795,193.3147888,2970.061768,3,0.225799993,674.5054932,3.444499969,0.629650176,4,60.16699982,14.07913399,9.789335251,4,11.1371265739828
-775285,2203795,150.213028,1845.412964,1,0.121212125,429.2006226,6.534545422,0.457131684,4,34.39696884,11.37673187,5.598881245,4,5.97468907679731
-245285,1563795,169.7302399,509.0133057,2,0.355979383,690.098999,14.09216499,0.467147589,6,68.35876465,2.264326096,1.239617348,1,5.85089006087998
-785285,2253795,155.338028,1591.173096,2,0.319999993,315.9377136,7.50274992,0.284681499,6,39.22800064,2.416713238,0.160260797,1,3.04022931352386
-815285,2133795,156.5693817,2079.707275,4,0.319999993,318.4520264,5.204550743,0.317318857,5,50.56517029,2.35918951,-0.043807361,2,4.10309976212645
-685285,2453795,184.253891,1241.889771,2,0.304800004,450.3825989,6.91230011,0.575172246,5,57.47999954,5.06979847,1.082967401,2,6.980802640165
-735285,1813795,143.7497864,2200.706299,2,0.10076087,517.4856567,7.082282543,0.49536702,6,40.1782608,2.30886817,0.743839622,1,7.27024270560241
-465285,1883795,144.9110565,1030.479126,2,0.354020625,514.5505371,10.6839695,0.419105828,7,87.71546173,1.911791921,-0.559373856,3,7.59183715325757
-1025285,2023795,225.1604156,1900.791504,4,0.257040828,322.9562378,6.944591999,0.234241575,5,44.3408165,8.346375465,0.05104702,2,3.15403212802956
-745285,2173795,136.740387,1519.97229,2,0.225714281,370.5535889,7.866173267,0.342871755,6,33.37142944,2.268119574,1.221212745,1,3.80187011910939
-805285,1113795,151.4808502,1190.360229,2,0.370000005,401.5797119,15.27025032,0.229695544,5,65.30000305,1.238084674,0.238377541,2,3.29410041651646
-955285,1233795,235.1463318,1869.315796,3,0.139699996,381.8575134,12.38930035,0.276889205,5,42.71500015,9.072834015,8.002943039,2,2.69755454346939
-875285,1813795,128.0727844,2928.095947,3,0.134639174,360.2515869,3.047783613,0.488569289,4,33.81855774,12.56051254,-6.236325741,4,8.2126759004505
-775285,1773795,168.6355286,2703.171631,3,0.074242428,585.3397217,3.933990002,0.64670217,4,36.33434296,17.36091042,9.715166092,4,18.2782678236154
-1045285,1613795,182.6450043,1949.677856,3,0.244505495,358.9408569,9.35384655,0.313637376,5,43.25054932,10.05780983,6.67494297,2,2.72431033289946
-1015285,2133795,184.6869659,2146.874023,4,0.319999993,190.8849487,5.058247566,0.195981994,5,36.40000153,2.331181049,0.332024485,2,2.52130047361054
-915285,1293795,161.3955536,1957.598633,2,0.156161621,429.0958557,11.16075802,0.259059757,6,39.74747467,2.1656425,1.395660639,1,2.84701493348145
-135285,1673795,162.301178,441.408905,2,0.332105249,815.6845093,13.3116312,0.588226616,7,69.97579193,1.010026693,-0.136008769,3,7.94741230723556
-735285,1593795,124.1662827,2111.423584,3,0.292400002,445.7539063,9.336549759,0.55141294,4,52.11399841,9.902562141,-13.51848412,4,10.0142703255851
-885285,1723795,177.0107422,2579.710938,3,0.1728421,278.5426941,4.909420967,0.376461506,5,56.77894592,6.557744026,-8.900704384,2,5.46387854734015
-925285,1433795,185.5892944,1669.795776,2,0.143608242,273.4224548,12.05324745,0.182265386,6,37.9814415,2.269726276,-0.212576106,1,2.16965804344985
94715,1583795,194.9636841,272.2623901,5,0.192602739,1126.816528,13.84993172,0.661757708,7,79.96438599,0.917754948,-0.256960839,3,6.99183024761033
-755285,1813795,192.7313843,2165.013672,1,0.105268814,536.8562012,7.63166666,0.46930331,4,40.5,3.647217751,-1.916866541,4,6.28180382615268
-685285,1683795,137.7697296,1357.122681,2,0.310303032,310.4062805,11.73419189,0.244954675,6,76.09494781,0.980949044,-0.181235954,1,4.69233288066983
-765285,2323795,161.1953125,1509.94812,2,0.319999993,331.7879944,7.027900219,0.317011803,6,42.61000061,2.511988878,-0.395449877,1,4.24715087165768
-885285,1693795,125.4479904,2351.126709,3,0.144999996,200.7297668,5.309821606,0.54301542,5,42.55833435,0.765389144,-0.664126396,2,5.85147425574763
-1175285,1143795,218.9460754,1523.792358,3,0.345999986,369.3761902,14.23134995,0.235810205,5,60.125,5.189269543,-2.135437489,2,2.20620266628072
-475285,1803795,153.252533,1062.165894,2,0.360824734,490.2015686,10.96845341,0.436788738,6,80.77629089,2.153824329,0.128524318,1,5.60900565293866
-865285,2493795,143.3654327,1226.62207,2,0.264328361,404.9863281,6.992985249,0.366221279,6,60.04925537,5.744520664,1.719930768,1,8.1539958638356
-345285,1583795,176.9224396,687.2020874,2,0.281875014,589.6053467,13.26609421,0.449034184,6,62.43333435,2.8776896,-0.077673741,1,4.81056463855546
-745285,2253795,155.8799133,1514.664551,2,0.319999993,328.5798035,7.393949986,0.336739868,6,40.29999924,2.186164141,0.30736804,1,3.64021217938903
-835285,2443795,160.7598724,1338.981689,2,0.334210515,372.4517517,7.030210495,0.439338714,6,54.04000092,6.677583694,0.366633713,1,11.7058503190204
-885285,2363795,175.3603668,2315.083252,4,0.050000001,500.7556763,3.233080864,0.558891475,6,56.29999924,10.85371113,10.30585575,1,13.5122395164818
-945285,2313795,183.506424,1645.784302,4,0.350526303,181.3076782,6.478210449,0.177662581,5,44.68841934,2.372367144,-2.525253773,2,2.02503840110504
-505285,1933795,136.7545319,1105.453247,2,0.174999997,469.3890076,10.38562489,0.62772727,6,17.39999962,0.788222611,-1.102889419,1,7.30704550337117
-195285,1793795,191.2092438,469.6407471,2,0.319999993,712.1187134,12.19278908,0.515994608,7,81.26841736,1.815814495,0.399162143,3,8.6578199221109
-875285,1803795,107.7849197,2778.427734,3,0.169139788,312.2616882,4.277096748,0.42047444,4,34.02688217,9.231048584,-5.419569016,4,6.97436065349777
-785285,1713795,124.3363113,2313.475342,3,0.132799998,507.4273987,7.343349934,0.669659555,4,40.71699905,15.2477169,-0.47125864,4,10.0566730020103
-515285,1603795,130.1451263,1064.908936,2,0.319999993,436.5803528,12.52149487,0.334240437,7,75.5,0.880338311,0.248943925,3,3.70693888095606
-645285,1473795,174.473999,1428.423462,2,0.243232325,409.4214172,12.34494972,0.30037272,6,46.65656662,2.168080568,-0.318330854,1,1.89834840551333
-635285,1703795,171.7207794,1242.642822,2,0.27458334,332.2293091,11.8868227,0.297906488,6,67.09999847,1.193900228,0.486070603,1,3.02958027829872
-1165285,2253795,138.2116852,2319.257813,4,0.338333338,377.0747681,2.013000011,0.31938538,5,54.34666824,4.683427811,-0.845270276,2,5.9031046522132
-755285,2413795,147.4949951,1334.185791,2,0.319999993,399.3318787,7.182925701,0.362651914,5,41.19574356,4.5386343,-0.978426516,2,6.25244082098444
-605285,1633795,141.2018433,1436.869385,2,0.328000009,411.6502991,11.68929958,0.292371929,6,76.80999756,1.608789325,-0.023543011,1,4.05843625859953
-1195285,1103795,218.0596466,1344.675903,2,0.254500002,309.4490051,15.60424995,0.148967952,5,58.54700089,2.738885403,-1.248059154,2,1.32036722285652
-975285,2303795,194.8022614,1523.991699,4,0.370000005,190.0375824,6.956414223,0.175967515,5,45.08181763,2.444839716,-0.034315534,2,1.81642638788492
-605285,1593795,153.4951019,1466.265259,2,0.304897964,430.7377625,11.59433651,0.332542479,6,62.29898071,1.115246415,0.22008191,1,3.40369157666359
-895285,2373795,246.7267151,1999.346313,2,0.262800008,485.0307007,5.521999836,0.484100252,5,55.64300156,10.32805347,-2.387911558,2,6.27234792435126
-355285,1703795,137.5524597,745.8953857,2,0.319999993,557.1237793,12.36999989,0.393900871,7,82.20207977,1.183290005,0.042724077,3,5.44673847245066
-595285,1893795,151.1112823,1385.472534,2,0.239183679,432.2808228,9.692346573,0.386294007,7,46.36122513,0.965514362,-0.21241121,3,5.1788778714644
-1125285,1683795,208.1416931,1931.743164,3,0.293673456,371.1670532,9.463111877,0.339522243,4,51.67346954,6.553713799,0.472479433,4,2.48396347258361
-625285,1533795,137.918396,1469.530151,2,0.293636352,420.5798035,11.81823254,0.351200938,6,51.304039,1.437999845,-0.378015518,1,2.59451038926594
-1005285,1113795,126.7389679,1325.740234,5,0.255899996,284.9012146,15.46070004,0.202324376,5,37.41600037,0.949197233,-0.503982365,2,2.03422925151485
-855285,1313795,125.0903778,1909.716919,2,0.337272733,390.7555542,10.75136375,0.277354836,6,51.59090805,2.643951178,0.551001132,1,5.06274873695746
34715,1683795,175.9173584,330.6353455,133,0.381724149,995.6669312,12.89476967,0.705429256,7,80.38505554,1.03046906,-0.23687768,3,12.3564389125281
-185285,1633795,174.4413147,490.2335205,2,0.198351651,775.65802,13.70912075,0.527923107,6,35.68901062,1.557613373,-0.761081278,1,4.67005329478225
-1095285,1573795,197.7267456,1750.530151,4,0.327979803,234.3734283,10.81065655,0.258736938,5,37.06969833,2.087736368,0.282971263,2,1.89948370915505
-815285,1343795,145.8408661,1656.461548,2,0.33039999,372.3085938,12.29675007,0.276782542,6,51.93199921,3.809829712,2.885565758,1,4.73408756684708
-815285,2043795,201.2265625,2374.349365,4,0.26515463,361.5637512,4.517732143,0.307709068,5,34.79484558,3.473097801,-4.192044735,2,4.15728787371642
-915285,1043795,134.7015228,1553.046509,2,0.550000012,324.9030762,15.54918385,0.198129028,5,46,1.335643053,0.282258719,2,2.67443091885315
-1045285,1563795,161.2071838,1953.180176,4,0.139599994,288.6570129,9.62749958,0.192550823,5,45.31999969,4.569065094,2.326352119,2,2.56945719449281
-575285,1973795,120.4307022,1304.853516,2,0.239999995,436.0296326,9.459072113,0.381476849,7,59.29999924,0.979160309,-0.034776192,3,5.1958387146113
-885285,1313795,206.0429688,1928.39856,2,0.334300011,384.5683899,10.64855003,0.265402228,6,49.68199921,1.555702209,-0.086514518,1,3.46457061821923
-395285,1673795,146.0440063,851.3843994,2,0.321515143,517.9998169,12.26616192,0.412160069,7,75.51515198,1.31259954,0.02159271,3,5.21732981906834
-695285,1383795,167.2288971,1219.457275,2,0.304795921,419.9442139,14.4710207,0.281301379,5,43.68673325,2.105920553,-0.333287269,2,1.79367218640646
-565285,1763795,209.8439789,1322.402588,2,0.326122463,402.2543945,10.5223465,0.326668352,6,71.8795929,1.37799871,0.94037497,1,5.68645605413704
-615285,1743795,134.5266876,1388.947388,2,0.357731968,384.1467285,10.56515503,0.300291538,6,76.46082306,0.873541117,-0.416208446,1,5.21465010983353
-715285,2403795,151.9159393,1301.724976,2,0.319999993,381.263855,7.013787746,0.431010425,6,49.7444458,3.16812706,-0.289130658,1,8.02884888623524
-835285,1943795,180.8572235,2586.283447,3,0.304939747,373.6382751,2.761506081,0.560985625,4,55.82048035,9.481746674,-5.368662834,4,5.6344841118163
-1155285,1223795,155.7386322,2508.036621,1,0.18540816,581.7019043,8.561224937,0.547323108,4,55.8928566,11.31261539,-0.223698139,4,7.51627483126761
-1145285,1433795,183.3924103,2165.382568,1,0.216969699,367.189209,8.893535614,0.313291609,4,38.60909271,2.980352402,1.130700946,4,2.92071844420324
-825285,1033795,169.5186157,1938.185547,1,0.173571423,551.1557617,12.78660679,0.423775524,4,45.66666794,17.16709328,0.129120126,4,6.50408453005808
-935285,1283795,187.8352661,1942.386841,3,0.216999993,409.361908,11.19985008,0.311504781,5,47.36999893,4.038356304,-0.929405808,2,2.77985042217188
-85285,1563795,176.6431427,355.3154297,2,0.355294108,930.0319824,14.45252895,0.624272943,6,83.60353088,1.899845123,0.982784271,1,8.24564219298162
-795285,1053795,138.5235748,1277.90979,2,0.140499994,395.906311,15.90460014,0.265922159,5,63.17499924,5.944662094,-2.220501661,2,5.37187396765008
-845285,2323795,129.9539642,1590.21106,2,0.351599991,288.211792,7.439650059,0.359997362,6,46.72000122,6.351317883,3.971890688,1,6.42697759224008
-1125285,1443795,156.906311,2349.668945,1,0.278499991,472.6055908,7.35860014,0.49313727,4,48.20399857,5.123814583,3.414008856,4,6.39107980569124
-895285,2233795,174.0084991,1920.434692,4,0.250999987,266.0921021,6.505599976,0.239767447,5,33.73400116,3.96338129,-0.332549572,2,1.12297488539725
-625285,1603795,128.6028137,1595.069946,2,0.150000006,416.8114319,10.87212086,0.343566269,6,29.70000076,1.481011629,1.390003681,1,3.59197512366531
-1015285,2243795,152.9611816,2001.657959,4,0.310102046,364.3908386,5.716428757,0.314261436,5,54.47653198,8.579433441,1.271053314,2,5.7144240428186
44715,1623795,144.8943634,294.3053894,2,0.39688313,1078.299072,13.57649326,0.656112075,7,79.43506622,1.087520123,0.055065066,3,7.93211255633389
-935285,2473795,212.4138947,2097.137695,4,0.318673462,566.230835,5.190663338,0.378844023,4,54.29081726,14.07331371,-4.560256958,4,5.67587253665835
-1075285,1173795,160.316925,1844.827026,3,0.164000005,401.3259888,13.24240017,0.26789251,5,54.84199905,12.53718853,3.843719482,2,4.07307983708287
-1095285,1483795,151.8990784,2008.967407,4,0.167300001,256.4608459,9.995300293,0.154211044,5,36.66899872,2.115382433,-0.741750002,2,1.9408624377092
-1155285,2133795,136.4477997,2031.168823,4,0.297373742,222.5503082,5.635656357,0.172954217,5,38.15353394,2.798912287,-1.12898469,2,2.39544995517814
-1235285,2203795,106.749588,2031.067139,4,0.189999998,346.7702637,4.013750076,0.340744138,5,61.23749924,6.262183189,17.832304,2,4.78437205227202
-935285,2263795,198.6208496,2019.855103,4,0.317799985,243.0383148,6.052100182,0.235710561,5,42.10200119,4.025891304,-1.741875648,2,1.78875049025151
-925285,1943795,159.0621338,2798.290771,3,0.196907222,782.6798096,2.239639282,0.719176471,4,50.434021,8.847085953,-0.033584844,4,10.5335271165356
-1145285,2083795,136.9525909,2052.232666,4,0.334603161,274.1306152,6.670873165,0.223652259,5,50.44126892,4.905250549,-0.455480397,2,3.08020244471449
-775285,2263795,176.896637,1629.526611,2,0.319999993,311.5523071,7.06675005,0.295535564,6,42.47399902,2.302369356,0.444332242,1,3.55105273960654
-655285,1613795,161.1265564,1699.096924,2,0.274444431,404.545166,10.79298019,0.335871071,6,52.70909119,3.901685476,-1.028291464,1,3.65082163534916
-1115285,2393795,193.7207947,2924.666992,5,0.097812504,971.4248657,-0.856093764,0.494391918,4,48.04791641,16.53092003,-7.657249451,4,11.659325041661
-145285,1583795,182.8759155,390.2870483,2,0.295833319,798.9428711,14.36135387,0.463539988,7,59.67291641,0.96122098,-0.602526128,3,2.55312203362381
-865285,1053795,176.1841278,1296.476074,2,0.125,281.792511,15.6590004,0.185497195,5,70.08000183,5.289064884,-0.422344357,2,5.65755093159455
-1045285,2223795,160.0454407,2318.696289,4,0.312842101,386.359436,2.562526226,0.280612946,5,50.1042099,2.17978549,-0.294307083,2,5.38993605257303
-355285,1643795,165.4523621,789.843689,2,0.301139235,567.6664429,12.60480976,0.504021227,7,65.26329041,1.117688894,-0.000850657,3,3.53909878671038
-295285,1623795,141.9971466,699.2559814,2,0.228736848,637.2529907,12.84326363,0.527522802,7,45.08842087,0.976019144,-0.355791897,3,0.800046021506641
-895285,2223795,181.6655121,1836.111084,4,0.283037961,253.1013489,6.922974586,0.240820944,6,29.69493675,1.727795243,-0.183180586,1,1.70337272411204
-785285,1623795,131.4023285,2802.71875,3,0.171399996,663.4378662,5.099349976,0.631620407,4,35.09000015,11.41908741,-10.61368752,4,10.5004424706751
-635285,2433795,131.4425049,1088.843262,2,0.306969702,486.7950745,7.613484859,0.564061999,4,50.30303192,5.53057003,-2.447046757,4,8.08403472165989
-25285,1703795,146.328064,370.724884,2,0.342500001,920.5560913,12.70159054,0.687017143,7,83.69091034,1.657273054,-0.021634556,3,10.2160231931005
-885285,2143795,162.0586548,2079.862061,4,0.319200009,285.6817932,5.56099987,0.235518694,5,49.87799835,3.2203269,0.805291176,2,2.70866891247834
14715,1853795,175.6248779,369.0347595,2,0.370000005,899.517395,11.88000011,0.743164182,7,72.59999847,2.35117054,-1.097385287,3,10.4326499909503
-585285,1843795,150.6468811,1401.460327,2,0.319285721,445.2893982,9.838775635,0.365316212,7,77.62142944,1.221766472,0.231410772,3,5.50456886608257
-745285,1423795,140.0148926,1397.266846,2,0.23092784,398.113739,13.60427856,0.261374444,6,40.55979538,4.77710247,0.366676867,1,3.24548453942278
-825285,1743795,166.3736267,2272.261475,3,0.095353536,408.6075745,7.619494915,0.441603929,4,37.33333206,10.82518005,0.634095967,4,5.47326618097569
-975285,1713795,189.848465,3367.808838,4,0.142499998,683.9158936,0.631358624,0.576534927,4,47.71630478,11.92376423,12.92490578,4,11.0356102308033
-1005285,1533795,195.8573761,2072.128418,4,0.288399994,316.2629089,8.586999893,0.198995546,5,40.56000137,2.399813414,-1.773805261,2,3.66323083772524
-905285,1493795,142.7747803,1890.517456,3,0.215869561,320.9328003,10.4401083,0.256328881,5,38.95869446,7.414807796,2.047822237,2,3.01583747417869
-1025285,2053795,152.2147675,2112.02832,4,0.293000013,346.3143921,6.397399902,0.238032714,5,51.72700119,4.42252779,3.070559502,2,4.05717071445077
-735285,1693795,153.6937561,1590.291138,2,0.33829999,353.3259888,11.03444958,0.275289029,6,64.2440033,3.838591099,-3.471641302,1,6.76881469746136
-745285,1343795,182.4510956,1483.040405,2,0.402399987,412.6250916,13.9140501,0.270373821,6,46.1629982,2.978000641,-1.541875362,1,2.77321809050827
-695285,1123795,162.1762085,1233.371948,2,0.201752573,404.2852783,15.09159756,0.270356178,6,57.00824738,1.349266052,0.09558028,1,2.81156561008418
-785285,2173795,192.129425,2333.009277,2,0.104999997,533.8255005,3.732199907,0.526179969,5,32.56499863,10.2196455,-0.324093312,2,6.45571672601144
-785285,1343795,143.5553131,1451.741821,1,0.338979602,380.7419739,13.88933659,0.285203725,6,48.30306244,3.84843111,1.812315226,1,4.76988053537951
-655285,1643795,162.3039703,1434.544434,2,0.370000005,372.1633911,11.66024971,0.315752029,5,57.40000153,6.322777271,-0.348589897,2,4.25307488282535
-475285,1673795,169.5847321,996.8167725,2,0.358210534,458.7655334,11.95994759,0.353077203,7,79.59894562,1.189620972,-0.026794745,3,4.98192104866089
54715,1823795,179.5470734,334.1981506,2,0.327419341,947.2142334,12.22096729,0.724155903,7,73.82042694,2.040808439,0.748440802,3,10.2572265157009
-1105285,1583795,196.7578583,1622.586548,3,0.126185566,210.3627777,11.40345383,0.124979727,5,39.64948273,3.883255482,-0.615643084,2,1.88959622022624
-1175285,2143795,138.6224213,1976.481323,4,0.326200008,216.5532074,4.968100071,0.187615126,5,39.59799957,1.812746167,0.063322082,2,2.86059785084229
-1225285,1043795,237.587204,1573.300293,3,0.169333339,407.4465942,15.03199959,0.246875927,5,57.31200027,11.73572922,-3.876187801,2,3.37990630966773
-855285,1173795,183.4184113,1798.319336,3,0.128999993,430.4627075,12.19095039,0.317816466,6,58.4469986,5.289561749,1.423456669,1,3.22173457769155
-1045285,2093795,135.8627777,2287.653564,4,0.324000001,282.7815857,5.371600151,0.196926638,5,45.8429985,5.97806263,-0.555490613,2,4.54217171941766
-1235285,2113795,171.8805847,2216.324219,4,0.345408171,361.7807312,4.674592018,0.463244647,5,60.6204071,5.576189041,0.925796866,2,10.0045889455998
94715,1803795,173.5293884,268.8752136,133,0.319999993,995.6021118,12.3905468,0.741181135,7,82.8125,2.520822287,-0.317453206,3,10.7400565747177
-1175285,2303795,155.012146,2690.172119,5,0.100000001,818.0501709,1.178112268,0.627106309,4,45.09999847,14.35419655,-0.109768517,4,13.5847253712827
54715,1723795,132.4233551,304.6722107,2,0.302959174,981.152771,12.83984661,0.728796601,7,72.92652893,1.948560596,0.812250376,3,9.41178441603856
-675285,1743795,163.56427,1436.049683,2,0.353163272,314.5357361,10.94999981,0.242784023,6,66.15102386,1.161478758,-0.906269193,1,3.75087758780715
-935285,1353795,139.4345093,2197.935791,3,0.282499999,595.4007568,8.509130478,0.540427864,4,59.54565048,6.931738377,-1.013692498,4,6.29781887180786
-735285,1783795,188.0871429,1866.34082,2,0.231752574,412.1753845,9.141649246,0.341205895,6,54.7680397,1.844168782,1.439135909,1,4.49256588115911
-745285,2083795,139.9085388,1965.553711,2,0.399666667,402.8467712,7.112277985,0.401128262,6,55.71777725,3.700726748,3.282074451,1,9.42336029165805
-315285,1613795,174.2094727,734.8069458,2,0.319999993,640.3845215,12.83956528,0.462627769,7,79.40000153,1.478283763,-0.009604993,3,5.36126099813836
-925285,2273795,155.6899414,1959.753418,4,0.238199994,287.3731079,6.253849983,0.273326039,5,34.70500183,3.845409393,1.710487008,2,2.06125212673915
-1015285,2223795,166.7155457,2224.07666,4,0.166494846,397.328064,3.776185513,0.286218762,5,51.21134186,4.516988754,1.806199074,2,4.74480075353976
-765285,1633795,165.3917694,2149.076904,3,0.190526322,502.1582642,8.525210381,0.544528365,5,43.8578949,7.325781345,0.393234819,2,4.93565969937617
-665285,1443795,185.8840332,1459.180664,2,0.25767678,422.411438,12.52318192,0.318746567,6,34.66969681,1.18138051,0.410520464,1,1.71336758064245
-1075285,1283795,163.9957428,2140.904053,5,0.184,334.3656006,9.008299828,0.218001634,6,15.26399994,1.274569273,-1.359778762,1,3.53157309698264
-15285,1773795,159.2849274,373.6366272,2,0.319999993,904.7088013,12.27631283,0.702842951,6,82.09999847,3.918823957,-0.305336654,1,13.4804875816936
-305285,1563795,177.8029785,545.5887451,2,0.253673464,644.4680786,14.27040863,0.40566355,6,49.9122467,1.174557447,-1.195698261,1,3.35262199110095
-425285,1583795,169.0699463,848.1998291,2,0.190322578,498.635437,13.16951656,0.515451729,6,31.81720352,2.00143981,-0.300305903,1,3.35467745489187
-395285,1763795,150.6541443,815.9728394,2,0.319999993,522.8418579,11.68257713,0.466293365,6,84.39897156,1.339761138,0.544230163,1,6.40495389162401
104715,1713795,181.8114319,279.8096924,2,0.344431818,1030.990479,13.06482983,0.732777297,7,84.59204865,1.916922569,-1.545529604,3,10.301760442908
-1175285,2103795,178.9257813,2260.945068,4,0.187299997,296.2070923,4.668449879,0.226122633,5,48.38100052,6.801324368,1.455873251,2,4.39924820140971
-1155285,1143795,159.8173065,1797.155884,3,0.191499993,426.3717041,13.06550026,0.27794981,4,51.66999817,6.754589558,-4.58033371,4,3.10714672603043
24715,1603795,146.2764282,270.2767334,2,0.345274717,1049.358765,13.81785679,0.701136351,7,84.41648102,2.567891598,0.213868678,3,10.6547589880602
-815285,2243795,178.9556732,1635.235474,2,0.31872341,333.6408997,7.759255409,0.330058873,6,38.77021408,3.226284027,0.552542627,1,4.55590267829988
-965285,1683795,154.7949219,3110.908691,4,0.076818183,707.2979736,1.507670403,0.609953165,4,49.30113602,17.00354958,-1.422069907,4,19.0374741254173
-875285,2233795,160.3265533,1840.656982,4,0.213400006,292.3377991,6.698400021,0.258709699,5,43.00099945,4.101200104,2.956417322,2,2.76263777455802
-1025285,1733795,159.8933868,2985.187988,3,0.205799997,655.9884644,4.123400211,0.664723933,4,60.63700104,15.47059155,-15.3425808,4,10.3018986882135
-585285,1973795,118.7903137,1335.658936,2,0.227676764,436.2802124,9.358586311,0.379509032,6,53.60909271,1.072678208,0.836108029,1,4.88578764273171
-845285,1923795,197.0815125,3017.1604,4,0.131212115,636.2973633,2.084595919,0.648862302,4,39.77676773,15.67373848,-4.265475273,4,11.9635377315106
-1175285,1163795,158.7457428,1578.392822,3,0.234899998,423.5062866,13.72885036,0.305003196,5,61.17699814,13.56197834,0.461729884,2,4.87205294605755
-435285,1563795,150.829422,874.5560303,2,0.231666669,491.789917,13.34120369,0.425471246,7,41.22962952,1.248526096,-0.339232594,3,3.89953684597072
-1025285,2183795,178.921875,2067.081543,4,0.328500003,219.0153961,4.702750206,0.169352815,5,40.68399811,1.339182138,0.288620442,2,2.10935394697485
-1085285,1803795,179.4030457,2617.063232,3,0.263900012,570.6129761,6.032100201,0.731343925,4,62.13499832,8.96826458,-0.485025316,4,10.163795515847
-995285,1153795,234.7305756,1652.070679,133,0.146200001,322.4906006,14.65695,0.225250334,5,37.80099869,5.613997936,1.367994785,2,2.6104776290634
-905285,2333795,203.847229,2398.292725,4,0.289696962,672.5073853,2.867171764,0.559059978,5,57.65757751,8.733739853,2.093038321,2,10.6973987476483
-755285,1243795,157.8465424,1171.559204,2,0.174949497,370.6893921,14.79126263,0.259360582,5,31.39292908,1.59212327,-1.132415175,2,1.88630383477773
-1185285,2263795,171.1938171,2811.510254,5,0.094897956,1000.127319,0.614234686,0.550208211,4,46.31428528,19.68917847,17.34600067,4,11.6777396870144
-795285,1993795,188.2080383,2690.819092,3,0.050000001,535.3843384,4.029432774,0.659713507,4,39.09999847,13.54433346,1.953509331,4,12.9802919412805
-1145285,2503795,165.2527618,2508.843506,5,0.176595747,787.0534668,0.373138249,0.564691067,4,54.0893631,6.908034325,-0.028633144,4,10.3078859802307
-1055285,2053795,166.1371002,2009.802002,133,0.318800002,298.9162903,7.01060009,0.174554944,5,36.56000137,6.904099464,-3.247006416,2,3.1667990821211
-1035285,1143795,171.0198517,1504.42627,133,0.140100002,322.2579041,15.78499985,0.18908298,5,47.16400146,7.034943581,3.001473904,2,3.96509045952277
-955285,2373795,169.3365173,1378.393799,4,0.368499994,304.4360962,7.569550037,0.219615936,5,56.25400162,3.827032566,-1.529073596,2,1.3359614419136
-455285,1723795,139.4412842,985.772583,2,0.319999993,482.8501892,11.54214954,0.410001963,7,76.85399628,1.016168833,0.307321876,3,5.92424570945069
-1085285,1253795,169.8407745,2388.028076,1,0.2379798,438.1335449,9.126161575,0.314587057,4,44.72121048,7.235325336,4.689925671,4,2.76107964939718
-15285,1643795,178.1577606,332.2608337,2,0.351818174,952.1472778,13.44707108,0.702382445,6,81.90908813,1.762608647,0.026718797,1,11.1211803722766
-725285,1733795,166.8891144,1457.143433,2,0.198229164,306.5281677,11.12755203,0.255888611,6,49.796875,1.300315619,-0.578815758,1,3.43411765513093
-195285,1673795,142.5426025,517.0100098,2,0.188181818,743.2683716,13.29035378,0.472313195,7,36.59090805,0.968248665,0.151402459,3,4.02428585767423
-775285,1373795,175.469162,1492.540161,1,0.366400003,395.434906,13.4066,0.249378622,6,44.93600082,2.099843025,-0.056538355,1,2.4521280615971
-675285,1873795,158.3092499,1600.907959,2,0.331789464,400.4417419,9.403841972,0.341067314,7,60.16210556,2.52487278,0.333367318,3,4.42636985187775
-805285,2413795,184.8235016,1247.069824,2,0.319999993,337.6136475,7.129394054,0.316331029,6,50.71515274,5.394604206,-1.833709121,1,5.42934424847707
-175285,1613795,155.5779114,468.660553,2,0.205204085,783.0150757,13.91494942,0.512467623,6,40.78775406,1.285740852,-0.165546119,1,3.81933646005158
-315285,1693795,154.7460785,668.7456665,2,0.319999993,572.6583862,12.72744656,0.468950868,7,84.19361877,1.188055754,-0.054051198,3,7.3492180935236
-1135285,1653795,227.4650421,1627.81311,5,0.097959183,290.9833984,11.10887718,0.260748029,5,47.0908165,3.23026228,-2.725521564,2,2.92225162461751
-975285,2113795,186.6016235,2084.820068,4,0.320505053,238.162262,5.550757408,0.182932213,5,49.89393997,1.806635857,-0.390741229,2,2.16426192485838
-935285,1533795,166.5198822,2225.525635,3,0.395000011,410.1722107,7.996749878,0.355535299,4,63.75600052,6.212749004,3.55515933,4,6.32170719101467
-975285,1903795,201.3408813,2309.564209,3,0.241855666,561.2246704,6.661701202,0.617266774,4,50.71752548,19.89702797,-9.810660362,4,8.07823091156753
-1015285,1383795,150.8661957,1740.954346,4,0.370000005,244.3595123,12.10765266,0.176246434,5,58.40000153,1.170624733,-2.330700636,2,2.22138896310492
-165285,1823795,183.9978027,442.8699341,2,0.323846161,723.6113892,12.18736267,0.543554544,7,84.23296356,1.767229557,-0.302585036,3,8.40102523926061
-65285,1843795,188.3001251,403.7409058,2,0.364949495,832.7789307,11.74197006,0.666692674,7,78.98989868,2.235589981,-0.071542844,3,8.77076290475786
14715,1883795,156.5756531,381.5296631,2,0.364805192,882.1604614,11.53136349,0.727537692,7,75.41558075,2.173680782,0.282933861,3,11.1413389468222
-1065285,1513795,167.5644073,1912.883667,3,0.190799996,239.2363892,9.991749763,0.145966023,5,49.68600082,4.953485966,1.644096255,2,1.92320177628285
-895285,1443795,233.9877014,2043.633911,3,0.280000001,362.2298279,10.06464672,0.241682276,5,40.90000153,2.352276564,-2.400013685,2,3.09694922652086
54715,1743795,169.3215485,315.2589722,2,0.324505508,968.4918213,12.74522018,0.716418862,7,75.84505463,1.967467308,-0.310444117,3,11.4662797693401
-545285,1633795,127.760437,1188.527832,2,0.367448986,433.7987976,12.16275501,0.31636405,7,75.9744873,0.832343161,-0.083393551,3,4.07814981221298
-835285,1093795,149.4263763,1605.499756,2,0.100000001,435.1961975,14.04360008,0.254607886,5,61.12900162,5.718565941,-2.39053154,2,5.34959833457879
-385285,1713795,123.7845154,853.9498901,2,0.319999993,523.7997437,12.00086689,0.375676721,7,76.42857361,0.804622233,-0.055115826,3,6.45721234508179
-655285,2393795,193.2001953,1627.211426,1,0.351500005,574.8363037,5.356249809,0.672275007,4,60.09999847,8.249743462,3.309663534,4,12.0732304083822
-655285,1963795,144.9484711,1412.799072,2,0.154583335,369.9566956,9.271822929,0.375371724,6,26.99791718,2.162726164,1.776396871,1,3.28944241706164
-605285,1993795,137.5812531,1239.682251,2,0.236428574,417.5012512,9.571190834,0.469207585,6,51.79999924,1.530853152,0.60149318,1,3.18863953778358
-985285,1073795,155.6606903,1596.430176,3,0.063699998,399.3894043,16.0461998,0.245827824,5,38.47499847,14.08982754,9.405999184,2,5.40223521436235
-995285,1973795,193.1056976,2265.367188,3,0.200000003,553.7025757,5.976326466,0.606017649,5,44.20000076,15.36948013,-1.67371726,2,9.39536678794243
-1185285,1183795,150.9110565,1781.024658,1,0.172000006,456.9502869,13.11260033,0.283875704,5,58.77999878,9.17417717,0.788354099,2,4.76203975074477
-395285,1833795,139.6962891,887.352356,2,0.319999993,534.2393799,11.13333321,0.576803803,7,88.34848785,1.293301582,-0.203601688,3,7.05353947896224
14715,1803795,179.6327667,329.214386,2,0.367300004,933.2929077,12.35560036,0.725263476,7,75.50099945,2.077486753,1.330190182,3,10.6478959855595
-685285,1103795,163.0901031,1169.627075,2,0.220606059,394.8052673,15.59631348,0.288206637,6,57.0969696,1.303946614,0.442169249,1,3.2938995480117
-135285,1693795,172.4424133,461.4294128,2,0.370000005,820.9611816,13.17747402,0.469967246,7,80.11649323,1.06552279,-0.245975152,3,5.41571290974038
-985285,1823795,190.346405,2302.298096,3,0.223814428,471.1540527,7.704484463,0.651736498,4,64.48144531,18.86198807,-1.935906172,4,9.92275030384172
-1115285,2383795,154.8734436,2734.946045,4,0.224583328,754.8109741,0.262239605,0.628655255,4,52.32395935,11.1561718,0.096170679,4,10.8543140591736
-645285,1323795,160.6425781,1355.923584,2,0.312083334,452.3208618,13.79609394,0.330833882,7,59.78125,1.221884847,0.517476737,3,3.5943828694845
-775285,1533795,142.0748444,1896.660889,2,0.430000007,421.098175,9.574285507,0.2990821,6,72.54285431,1.742807508,0.179863289,1,6.32786397056231
-295285,1583795,196.4525146,628.862915,2,0.222967029,664.5946045,13.80769253,0.500109613,6,47.36263657,1.409115791,-0.006482897,1,3.71588684209637
-705285,1423795,190.0731812,1424.788452,2,0.090000004,407.0855103,12.99160004,0.32221365,5,39.93999863,5.230088234,-0.787812054,2,2.6260055883198
-495285,1843795,128.621109,1124.53186,2,0.319999993,486.2274475,10.6157732,0.434441358,7,88.42783356,0.929501593,0.404187202,3,6.18565508459126
-925285,2163795,149.3292084,2043.558228,4,0.312886596,262.7051086,5.880412579,0.17308946,5,47.21752548,3.754749537,-1.085454226,2,1.45128119590796
-985285,2183795,211.0731812,2043.669312,133,0.2465,215.8390961,5.418250084,0.174741402,5,31.77000046,1.194589376,-0.245575175,2,1.7315771702817
-185285,1783795,174.6504211,447.9867249,2,0.319999993,733.1130371,12.37905216,0.533989191,6,78.94526672,2.388861418,0.695327878,1,10.3534563519185
-1095285,1083795,158.9854889,1313.443848,2,0.406962037,257.5654907,15.84506321,0.2148761,5,62.12151718,1.059924006,-0.52579689,2,1.99887466401316
-1085285,1813795,177.2960968,2532.718994,3,0.274800003,473.776001,6.626200199,0.549600124,4,53.49300003,6.550171375,-3.490359545,4,7.27296183999682
-125285,1653795,168.7867279,424.6264343,2,0.278315783,817.9505005,13.4668951,0.59818387,7,60.78842163,0.684316576,-0.263942271,3,5.91661520068394
-135285,1633795,153.1357574,431.4042053,2,0.383263171,804.324707,13.56378937,0.517146528,7,68.71473694,0.900904536,-0.120328084,3,6.71087277604493
-145285,1723795,166.2188568,431.6695862,2,0.315638304,804.3616333,12.9493618,0.589551032,7,77.44255066,1.499510169,0.036654864,3,7.65422127522675
44715,1633795,154.3358154,291.0243835,2,0.389148951,1078.047607,13.63281918,0.687045574,7,81.14787292,1.097371697,-0.501485765,3,11.3958018699006
-685285,1493795,174.6998901,1699.657837,2,0.301699996,410.2926025,10.83475018,0.312230676,6,57.09700012,3.693693638,0.502878189,1,3.58615357787743
-765285,1813795,150.6248627,2490.609863,3,0.124731183,601.3528442,5.540645123,0.622718513,4,37.09462357,10.39152336,-1.183437943,4,9.65060295331806
34715,1603795,163.7171631,271.04953,2,0.361818194,1075.333862,13.7728281,0.681340635,7,74.24040222,1.124795437,-0.486857444,3,10.0234634892768
-645285,1503795,152.7638092,1531.370972,2,0.271010101,408.3209229,11.54712105,0.326861531,6,47.18484879,1.749562025,-0.208366901,1,2.65289661809331
-1045285,1483795,204.9441681,2081.708984,3,0.254200011,267.9410095,9.20470047,0.170524985,6,40.64500046,2.316247225,-2.557303905,1,2.77874767209395
-905285,2433795,223.2712708,2656.564697,4,0.147171721,723.9242554,0.73929286,0.611942351,4,50.16262436,10.68967915,9.144145966,4,13.5988194349549
-1165285,2393795,234.4831238,2238.686768,4,0.319784939,817.9403076,2.100483894,0.652540863,4,49.15914154,9.681410789,1.090584517,4,20.6548056313135
-1075285,1653795,204.5247345,2249.207275,3,0.158061221,506.1845093,7.637550831,0.574428499,4,50.0775528,12.50805473,5.973050594,4,5.75728762661131
44715,1693795,174.7538452,325.5299377,2,0.386774182,987.5021973,12.91467762,0.708381414,7,79.43118286,1.583971262,-1.112281084,3,12.0220284276756
-1005285,2253795,151.783493,1747.882446,4,0.329473674,292.7010193,6.344789505,0.249888629,5,53.45158005,3.707774639,-1.179085612,2,2.86162038387301
-785285,1363795,157.625,1475.599365,1,0.314597696,395.3696899,13.59706879,0.27031073,6,42.57931137,3.638690472,3.203609943,1,3.20871695969946
-1165285,1123795,173.5813141,1827.527466,1,0.274599999,412.2922058,12.69849968,0.309301466,5,51.83800125,6.71753931,3.899929762,2,0.711029083085727
-1185285,1303795,170.5999908,2461.92334,1,0.206100002,451.7633057,7.318449974,0.327668339,5,49.06700134,4.146248817,3.067664385,2,5.61021973024244
-935285,1803795,146.8286743,2867.047607,3,0.247448981,631.3716431,2.169744968,0.665519893,4,54.73163223,13.21430397,-7.740172386,4,9.46078545229304
-1035285,1953795,181.5511932,1960.985229,4,0.200000003,372.8323975,6.906199932,0.308441907,5,50.69900131,7.848963737,-3.947054148,2,3.02246143228284
-735285,1713795,125.3276215,1469.21814,2,0.304444432,325.9117126,11.12393951,0.25483945,6,76.97777557,1.233432651,0.652850449,1,6.50462712021611
-1135285,2253795,170.8803253,2129.722412,4,0.33382979,226.3306427,2.209361792,0.252607822,5,52.33191299,3.508847713,0.903889358,2,3.32012740090781
-795285,1133795,163.3665161,1114.803223,2,0.368787885,362.4647522,15.5266161,0.284092665,5,63.91818237,1.096752286,-0.374810815,2,2.68398686210148
-685285,2403795,203.0572357,1359.176758,2,0.308400005,449.6289063,6.743100166,0.519467652,6,55.59000015,4.977798462,-0.344872922,1,7.1348899252728
-855285,2283795,174.9605255,1683.453857,2,0.335000008,322.3031921,7.336949825,0.271449924,5,46.08000183,1.529586792,-1.334368825,2,2.05933338116838
-1125285,1793795,131.9987488,2155.397461,1,0.254042566,528.0275269,8.93500042,0.556548715,4,57.40000153,14.13045979,20.97911072,4,6.34926436764069
-735285,1583795,169.5840759,2344.318359,3,0.230736837,623.3216553,6.407473564,0.702039003,5,58.89263153,12.90799999,10.14370251,2,13.6647325367791
-1015285,1563795,167.8117828,1987.77063,4,0.192900002,307.1643066,8.93239975,0.225644171,5,50.87900162,6.17074728,4.643867016,2,2.53053202916225
-745285,1403795,147.7828522,1329.833984,2,0.335697681,396.8230591,14.12592983,0.282684684,5,42.44883728,3.140310287,4.15512991,2,3.2844126144552
-835285,2463795,169.8010712,1339.012939,2,0.358775496,400.9294128,7.277806282,0.471899986,6,60.72857285,8.995192528,2.642611504,1,13.4480710936387
-85285,1773795,197.7340088,364.8605957,2,0.322151899,843.1038208,12.75341797,0.618956268,6,77.19367218,1.943502545,-1.104686141,1,8.65632016049051
-1095285,1983795,175.7264404,1793.969116,4,0.284155846,280.5839233,8.612597466,0.215371251,5,39.30649185,4.138154507,0.610294819,2,2.1769285068583
-725285,2163795,185.879364,1433.747559,2,0.323571414,356.1904297,8.307295799,0.344488084,6,32.90000153,3.765794992,3.588692904,1,6.60227446758571
-105285,1743795,172.0889435,396.1221619,2,0.319999993,846.0673828,12.89307308,0.53501159,7,83,1.695143461,-0.000330176,3,8.62451363266662
-1045285,1673795,173.8343658,2905.515137,3,0.050000001,828.1893311,3.740950108,0.729204714,4,1.748000026,23.57317924,-10.40679932,4,20.5884314891982
-745285,2473795,160.6344452,1163.4104,2,0.33684212,384.0356445,7.371894836,0.426153928,6,54.5189476,4.232953072,-2.171203852,1,7.73780036672801
-1015285,1793795,202.5272675,2066.327148,3,0.215399995,369.0443115,8.48690033,0.337549984,5,58.07899857,18.21278191,3.030591011,2,5.6460006599189
-735285,2423795,142.9077911,1253.634888,2,0.345499992,380.9067993,7.22480011,0.391935587,6,55.40100098,4.415410995,1.567820907,1,9.45371420726824
-705285,1993795,149.386795,1523.936646,2,0.341666669,349.9066162,8.9296875,0.344044268,6,52.46666718,1.658958077,0.721019268,1,5.01229390120241
-185285,1613795,145.3684082,484.6894836,2,0.236170217,777.0179443,13.82074451,0.44242686,7,43.83297729,1.441361666,0.362647712,3,3.55708560865701
-1055285,1813795,138.723526,1733.558105,3,0.279791653,255.6823425,10.58755207,0.210082322,5,54.68645859,11.87967777,3.013634682,2,2.76739310199728
-665285,2003795,129.7862244,1527.697144,2,0.244081631,369.3240051,8.586326599,0.35908401,6,47.27142715,2.675305605,1.070998311,1,3.76502284234159
-1035285,2423795,143.673172,2000.437866,4,0.319999993,368.772583,5.023010254,0.28834936,5,60.09999847,6.417392254,-0.788148999,2,7.18005041775978
-865285,1063795,159.2338257,1346.542358,133,0.119499996,308.5136108,15.40100002,0.186849296,5,69.1780014,5.619977951,1.232164383,2,6.28869849651515
-985285,1243795,175.6523132,1486.109619,2,0.194000006,264.4364929,14.21940041,0.168464705,5,27.31999969,1.242166281,-0.437761098,2,1.70681320623767
-735285,1183795,185.5501251,1207.525024,2,0.200000003,386.6337585,14.80176735,0.279366791,5,18.29999924,1.028684974,-0.22056748,2,1.13570201774512
-1015285,2203795,178.0578156,2136.74585,4,0.337010324,268.3686218,4.142010212,0.180332109,5,45.4670105,2.118665218,0.410252482,2,3.37312640169939
-565285,1693795,149.1999817,1116.876587,2,0.24425,391.5191345,11.85606289,0.472457051,6,46.1875,1.285276651,0.321109325,1,4.1813999832275
-1005285,1823795,191.9402771,2170.557617,3,0.225199997,436.5309143,7.659699917,0.512556314,5,62.6629982,11.27563763,5.399005413,2,6.26876357089656
-675285,1373795,155.052948,1204.841553,2,0.308124989,424.1891174,14.47697926,0.307441056,5,49.69374847,1.828904033,-0.421718597,2,2.58208471700959
-955285,2003795,187.7212677,2003.695923,4,0.319999993,434.9229431,5.786354065,0.463160455,5,65,5.995025635,0.021901343,2,8.55424587266575
24715,1643795,137.5878143,316.774231,1,0.364432991,1053.547607,13.4446907,0.711973071,7,75.60309601,1.461435795,0.222659364,3,11.0734727779768
-685285,1633795,161.1218719,1527.844238,2,0.370000005,344.1691895,11.51150036,0.279275,6,57.125,2.951368332,-1.115970492,1,4.51542049863747
44715,1863795,168.5613556,332.9673157,2,0.297234029,927.6222534,12.00234032,0.765100479,7,85.7414856,2.051376104,0.925605655,3,7.08510032692903
-955285,2353795,166.3019104,1569.936035,4,0.319999993,344.1260986,7.420149803,0.27930057,5,55.54199982,5.795842648,-1.16422224,2,3.67782572055424
-775285,2143795,156.7420044,2107.571289,4,0.152999997,417.1838989,5.539549828,0.412088931,5,34.65000153,9.213578224,5.372794628,2,5.66530204654879
-675285,2343795,149.0030212,1237.311768,2,0.319999993,327.4808044,7.846049786,0.325517118,5,47.86000061,2.160350323,-0.003645092,2,3.81195525161794
-845285,1933795,169.7117157,2742.796143,3,0.213298976,485.5965271,2.716134071,0.671503663,4,45.14432907,12.34211159,5.864108086,4,8.83798056350116
-865285,2253795,147.7068176,1708.463867,4,0.319999993,326.7407227,7.326717377,0.26791054,5,31.9626255,2.284714937,-1.602873683,2,2.29225810544788
-775285,2283795,156.8641968,1577.940308,2,0.319999993,311.5125427,7.189797878,0.329726517,6,41.17373657,3.187053442,-2.458808661,1,4.15631089789746
-1155285,1133795,165.1952515,1904.442749,1,0.223900005,467.3588867,11.83010006,0.395423263,5,61.13499832,7.600941181,10.39138889,2,3.78523261486163
-1015285,2483795,129.8329315,1430.765259,133,0.329770118,212.3220673,7.388391018,0.510946989,7,53.67011642,1.899906874,-2.492804289,3,6.27944669687312
-835285,1313795,161.8936005,1797.350586,2,0.370000005,349.9700012,11.85840034,0.258084029,6,51.61199951,1.813534498,0.633009255,1,3.17392154796986
-855285,1453795,198.4489594,3021.544678,3,0.200000003,900.4860229,3.807149887,0.652248561,4,51.23799896,15.27476215,8.88958931,4,11.5335208586916
-895285,1843795,161.4447021,3628.197266,131,0.144565225,928.7017212,-2.303750038,0.39249289,3,38.79347992,25.29491234,20.25779343,,10.5158665543828
-895285,1763795,202.9678192,3041.023682,3,0.257653058,553.1715698,1.524948955,0.584098756,4,36.9448967,16.57430649,-6.866098404,4,7.88486364067335
-1055285,2103795,207.3170776,2239.789307,4,0.32249999,276.017395,5.489049911,0.210074604,5,36.93999863,5.166722775,-4.379382133,2,3.56233547553784
-1145285,1513795,182.9562683,2594.133545,1,0.25050506,565.5531616,5.773484707,0.512821138,4,33.89393997,7.937887669,9.632697105,4,6.65253844459275
-1085285,2153795,198.6095428,2039.535278,4,0.319999993,237.6658173,5.667083263,0.165280119,5,35.13333511,4.267986298,-1.791481256,2,1.8811592752531
-885285,1253795,166.8130493,2014.001953,2,0.413199991,422.175415,10.94474983,0.31634447,6,58.47399902,3.754859447,-1.634741068,1,3.99170507706993
-645285,1273795,139.3927307,1254.372437,2,0.226712331,452.2333984,13.95068455,0.469255179,7,30.49452019,0.809310913,0.182938084,3,4.1387716824514
-665285,2333795,161.8097534,1199.781128,2,0.319999993,361.7660828,8.122323036,0.31126681,6,69.51818085,1.753738165,-0.755249918,1,6.39707464008433
-925285,1353795,138.0636444,2011.783447,2,0.326875001,453.8857727,9.754843712,0.292223573,6,58.36875153,3.191674709,0.074459158,1,5.01700530301497
-5285,1593795,183.1019745,296.7555847,1,0.373157889,1027.623901,13.81126308,0.728144765,7,73.96105194,2.264889002,-0.020526748,3,10.8160194942759
44715,1883795,165.8674011,303.1761169,2,0.280000001,912.4685669,11.62458897,0.81383419,7,87.31643677,2.128893375,-0.654105425,3,7.83263977250038
-755285,1963795,134.7418671,1511.605957,2,0.271460682,362.1601257,9.475111961,0.571013033,7,55.17640305,1.529423237,0.251608342,3,6.58748288472673
-645285,1993795,143.2515411,1394.949341,2,0.25393939,379.5829468,9.140000343,0.386219501,6,49.86060715,2.232429743,-1.072690845,1,3.98866237640016
-205285,1583795,173.436554,467.0774536,2,0.196907222,755.3168335,14.13458729,0.524202466,7,41.5587616,1.410531044,-0.237257436,3,2.61493298095048
-985285,2133795,178.6950531,2071.082275,4,0.269791663,187.4334412,5.324843884,0.179888651,5,40.83646011,1.670082927,-2.264533758,2,2.37188433096373
-875285,1383795,199.1845703,2146.653076,2,0.354545444,433.4165649,9.511919022,0.318060786,6,53.03434372,2.794390917,-0.385181367,1,3.12105425082439
-685285,1483795,163.78479,1633.652222,2,0.327199996,406.969696,11.33285046,0.325764626,6,61.1609993,4.770067692,0.006770797,1,5.05803914175494
-1145285,2143795,168.7981415,1942.984131,4,0.293894738,213.4867401,5.36847353,0.149594188,5,38.42315674,1.917630553,-0.079637446,2,1.83619060758367
-1045285,1863795,176.9710541,1816.440918,3,0.240309283,332.9014893,10.12304115,0.319505066,4,45.78659821,12.10806561,4.662202358,4,2.19568792667343
-1015285,2463795,173.3987427,1632.131592,4,0.323500007,293.6247864,7.280399799,0.244735345,5,50.00600052,6.456663609,5.71762991,2,3.19698594170462
-755285,1463795,136.315918,1749.067261,2,0.362199992,425.7273865,10.99769974,0.316519648,6,62.44100189,4.608817577,1.084094048,1,6.42295923348509
-675285,1293795,148.1954041,1357.463623,2,0.251958758,447.6112671,13.97886562,0.303127438,6,43.98865891,1.039007902,0.417636454,1,3.27535566547785
-1115285,1183795,186.9779205,2194.746826,1,0.205300003,589.7617188,11.08810043,0.475930452,4,53.79499817,9.916354179,-1.277471542,4,6.77927897752869
-925285,1273795,155.2205353,1916.798218,2,0.267399997,405.547699,11.3295002,0.28913343,6,45.11399841,3.100658655,0.829006493,1,2.83347129333872
-995285,1073795,234.992157,1364.187012,3,0.149494946,283.3695679,16.57166672,0.198640108,5,36.4272728,4.880512714,-3.303696632,2,2.64419523501457
-625285,1973795,134.4405823,1309.580322,2,0.20260416,400.380249,9.380104065,0.399564922,6,34.11771011,1.112515926,0.537851691,1,3.96653620871691
114715,1763795,168.6181641,299.7623291,2,0.319999993,1018.264099,12.62370396,0.615822375,7,81.80000305,1.988796711,-1.70723772,3,9.98650240436473
-835285,1333795,127.9095306,1793.262939,2,0.3583,358.004303,11.62730026,0.276253283,6,54.7519989,2.177490711,-0.597995162,1,4.98937912359497
-645285,2473795,122.8256683,1045.375977,2,0.370000005,388.6000977,7.280434608,0.427328885,6,75.90000153,3.330503225,2.137900114,1,8.95993517043841
74715,1643795,157.2612,321.3242798,2,0.298705876,1095.762207,13.49699974,0.707947671,7,76.53411865,1.337555528,0.386396229,3,10.0840786028406
-795285,2013795,148.8805237,2395.876709,3,0.200000003,427.1777039,5.145706654,0.535952091,4,37,10.19955158,0.656840086,4,10.5654398949333
-605285,1923795,125.4232101,1399.771606,2,0.283870965,423.1819153,9.449569702,0.380776614,7,55.16236496,1.179606557,-0.297162116,3,5.54638891817246
-755285,1193795,149.6189117,1183.489136,2,0.2333,375.9428101,14.91679955,0.282179207,5,25.8409996,1.024504662,0.290555596,2,1.66569706092032
-865285,1473795,197.0504608,3162.877686,3,0.191,831.8096924,2.507149935,0.658502817,4,49.05899811,19.56362152,5.836398125,4,15.5847758429731
-655285,1983795,154.2319641,1439.872559,2,0.263368428,371.7309875,9.124526024,0.385532141,6,49.56736755,1.830789089,-0.470966041,1,3.94233706659376
-735285,1413795,176.3078461,1322.724609,2,0.337727278,392.4204712,14.13289738,0.250123918,6,42.99658966,3.146541595,-0.371935427,1,2.05773188706679
-1095285,1863795,156.0068665,1672.075195,3,0.200425535,270.5912781,10.82718086,0.244064942,4,31.62553215,12.30897617,2.254778862,4,1.49751216833172
-55285,1733795,159.3436432,442.1040344,2,0.3475281,876.7214966,12.22853947,0.66261822,6,83.51010895,1.382674694,0.534442306,1,10.9033662645357
-1065285,1373795,133.2417908,2357.337646,1,0.191546395,387.3394165,8.638917923,0.340846092,4,54.08866119,5.121791363,-2.482473612,4,5.6804418555337
-945285,2203795,150.1035309,2198.083496,4,0.265454531,361.5950623,4.961464882,0.370760262,5,46.62727356,9.160347939,3.338782787,2,3.67779565680374
-685285,1783795,143.5784607,1733.146851,2,0.21102041,372.4739075,8.875152588,0.344321668,6,38.1204071,1.408326149,-0.542357385,1,4.14628604051682
-1075285,2443795,149.9679413,2598.868896,3,0.101818182,641.7108154,2.285202026,0.414467007,4,53.84040451,21.4774456,-0.885043919,4,11.8728995589778
-1125285,1203795,177.2359772,2008.011719,3,0.24454546,446.6289978,11.46464634,0.340208292,4,54.5484848,10.90041828,2.295655489,4,3.772061466529
-825285,2033795,201.8115234,2612.484131,4,0.21041666,509.628479,2.750624895,0.517438293,4,38.71875,7.813617706,2.311033964,4,7.2757031640785
-125285,1593795,158.4368286,391.3135071,2,0.453571439,826.0911865,14.01607132,0.48219493,7,73.06122589,0.989527225,0.022501349,3,5.22024755699418
-945285,1303795,194.9042664,1963.659668,3,0.263799995,426.6026917,10.84500027,0.286505073,5,44.73300171,7.849349976,4.068538666,2,2.66798579517139
-1125285,1453795,158.2238007,2219.239502,3,0.214639172,349.313324,9.17283535,0.320662975,4,45.60721588,4.45761013,1.430229306,4,3.29571518928403
-135285,1703795,169.705368,469.0657043,2,0.370000005,819.6324463,13.16081524,0.502964258,7,80.01412964,1.353291154,0.631373823,3,5.22757546580981
-1005285,1493795,196.8928986,2085.674316,4,0.272599995,304.1749878,8.743499756,0.190162495,5,32.81800079,2.298950434,0.465562373,2,3.34235189746217
-1095285,1233795,175.3359833,2299.520752,1,0.260600001,401.4513855,8.369549751,0.302070916,4,40.49599838,4.353863239,-4.287355423,4,3.2369442232436
-745285,2293795,145.9008484,1422.626465,2,0.303200006,323.8602905,7.539199829,0.302613646,6,40.93700027,1.609364152,-0.684648097,1,3.6435846286987
-325285,1833795,153.0048523,709.0602417,2,0.319999993,579.819397,11.44063187,0.499245554,6,80.75157928,2.08938241,0.150657445,1,7.00122133500408
-245285,1773795,174.0841675,534.9362183,2,0.319999993,654.1491089,12.20649529,0.538219094,6,81.5628891,3.797112226,-0.342366457,1,10.406801714876
-865285,2133795,202.4653625,2193.660156,4,0.319999993,320.5553894,5.071849823,0.298402429,5,50.20600128,5.266810417,1.687804699,2,5.68805190712547
-995285,1253795,188.5343933,1431.449707,5,0.207012981,249.4799042,14.38136387,0.26814732,5,38.10389709,2.352801561,-2.202033758,2,2.00626068275996
-715285,1783795,209.0749817,1842.243408,2,0.148399994,406.2633972,8.831399918,0.35850957,6,27.18199921,1.675572276,-0.320705146,1,3.84596630563719
-1195285,2133795,167.8613586,2075.064453,4,0.326060593,230.6959991,5.252979755,0.213434577,5,51.18484879,2.863540411,0.342212915,2,3.1480713580413
-1075285,1243795,140.1243591,2160.691162,3,0.113775507,382.2216492,9.997244835,0.283251524,4,40.45306015,7.887080669,-2.054862738,4,3.28161785333811
-595285,1653795,156.714798,1348.435425,2,0.33950001,388.7984924,11.79199982,0.277673393,6,74.16400146,3.018293142,0.160679966,1,5.85327341497574
-15285,1843795,168.3007202,389.0942383,2,0.370000005,889.1245117,11.74847412,0.716855824,6,72.66736603,2.360705614,0.343345255,1,12.0257530296174
-515285,1813795,144.1827393,1207.57019,2,0.335555553,454.3616333,10.59818172,0.498828918,7,84.22424316,0.984351993,0.261918634,3,5.37542987938617
-815285,1953795,181.8514709,3369.340576,131,0.096710525,1091.537476,-1.414013147,0.371757835,3,33.30789566,30.22198105,-12.45063114,,10.1553245322975
-665285,1323795,160.1567841,1395.630371,2,0.307755113,455.7088013,13.59239769,0.318917453,6,58.14081573,1.122055769,1.045879006,1,3.43134755885489
-1115285,2323795,186.765152,3082.712891,5,0.054591838,875.937439,-1.000051022,0.300313234,6,54.95101929,23.07207108,20.9745903,1,14.0302550199887
-1015285,1843795,184.1490479,2938.164063,4,0.179583326,1017.231689,1.224531293,0.692842305,4,54.30104065,9.305354118,6.777272224,4,12.4551423627248
-525285,1683795,137.3531036,1048.380249,2,0.277500004,429.4633179,11.89624977,0.430866063,7,50.60795593,1.119110942,-0.312255502,3,4.40312301374552
-945285,1703795,188.4364471,3289.480225,3,0.113510638,708.508606,0.461170226,0.489990115,4,50.50744629,19.64059258,7.021491528,4,12.5010916454864
-685285,2173795,162.4667206,1391.127441,2,0.198400006,352.34021,8.106049538,0.347909451,6,30.34300041,3.754772425,3.16249299,1,4.68357699899882
-945285,2443795,155.5549164,1279.079224,133,0.333600014,230.331192,7.583350182,0.178529575,6,54.68399811,3.389604092,2.117999077,1,3.21837328806023
-145285,1643795,142.6347351,448.6340637,2,0.365212768,812.2595825,13.4806385,0.55973506,7,68.5063858,0.90565002,-0.223145261,3,6.93408684492637
-885285,2123795,136.4968109,2106.885986,4,0.285957456,278.0068665,5.620797634,0.341004521,5,43.14149094,2.357550859,0.318808883,2,3.44012626507083
-1165285,1283795,183.6909485,2300.199707,1,0.230499998,436.7867126,8.548999786,0.430656314,4,59.29700089,6.559409142,2.532899141,4,4.72885969379207
-1205285,2163795,147.7131958,2122.931396,4,0.333636373,271.0558472,4.625656605,0.250586957,5,61.06363678,4.333678246,1.17235148,2,5.02445980057031
-1035285,1933795,198.7337952,2095.208008,3,0.200000003,439.1780701,6.892448902,0.368478298,4,49.62347031,8.84499836,0.026829042,4,3.58456430549931
-1055285,1513795,177.5009155,1948.015015,4,0.333000004,242.2223663,9.68694973,0.152132928,5,40.9620018,2.003029108,-0.487409592,2,1.32520410566999
-645285,1723795,142.6139374,1332.307861,2,0.243367344,330.5487976,11.37158203,0.279431462,6,57.18367386,0.998013794,-0.351918399,1,2.05624775815125
-15285,1703795,178.3814545,352.2511902,133,0.334756106,929.729126,12.76402473,0.675608099,7,84.4121933,1.107806206,-0.044511214,3,10.372648916364
54715,1803795,178.3624115,326.8704224,2,0.321931809,966.5783691,12.43715954,0.748036206,7,77.76818085,2.782664537,-0.002429898,3,10.7884591415498
-1085285,2403795,180.9880066,3164.068604,5,0.075051546,971.4319458,-1.560103059,0.28878203,4,31.83917618,26.76364899,12.39617443,4,16.437204242665
-1225285,2223795,174.158844,2031.852661,4,0.233146071,422.3773193,3.965955019,0.446050465,5,58.08876419,10.35045719,11.79605675,2,6.93823211880387
-965285,1813795,172.9598541,2842.392578,3,0.178800002,796.0939331,3.537549973,0.632358491,4,56.4640007,21.34100533,13.84738636,4,14.3429822120512
-1145285,2123795,140.0149536,1949.677124,4,0.282000005,221.8869934,5.992949963,0.131050691,5,39.34500122,2.026493311,-1.822184563,2,2.48699348223944
-925285,1403795,192.0988617,2042.880981,1,0.185000002,397.7940063,10.83845043,0.271325916,4,58.15399933,6.141860485,-6.043874741,4,2.96362225504926
-1075285,2053795,208.7785034,2044.811157,4,0.218437493,321.8856506,6.74484396,0.321675837,5,36.20520782,8.27723217,-3.259275913,2,3.61144182509106
-1095285,1463795,193.8618469,2289.01416,1,0.172000006,373.5440063,8.242950439,0.272439927,5,53.65599823,5.317210674,0.173487917,2,3.12749379670553
-685285,2023795,161.0032959,1593.891846,2,0.177142859,368.6801147,8.406785965,0.379119575,6,44.32653046,1.371471524,0.794245183,1,3.12577254894046
-1205285,1043795,153.5826111,1490.849976,2,0.267399997,370.5855103,15.06529999,0.214607269,5,60.59199905,1.443117857,-1.3591187,2,2.87214826068636
-1205285,2113795,148.2598114,2321.21582,4,0.327499986,408.5579224,4.310535908,0.435265541,7,54.22499847,4.732799053,1.610706568,3,9.24656938660368
-715285,2313795,179.8739166,1333.004883,2,0.297142863,312.6239014,7.611989975,0.312130332,6,43.15612411,2.837039709,-1.260339737,1,3.16475798935097
-755285,1483795,156.4858856,1827.370117,2,0.321200013,436.9706116,10.33479977,0.32300669,6,59.81800079,3.587811708,0.810954094,1,5.21063843208311
-835285,1903795,192.8627777,3523.540039,4,0.08529412,765.0964966,-0.975367665,0.473509431,4,34.72352982,27.02446365,3.069689035,4,14.8136473756466
-35285,1833795,177.5619354,421.5028992,2,0.370000005,888.2466431,11.61484241,0.6919595,6,78.68631744,2.75472331,1.009124756,1,11.3455639399083
-915285,1453795,187.2512817,1995.810913,1,0.295100003,388.7211914,10.56369972,0.29470703,5,62.2159996,6.410440922,6.034021378,2,4.38536910409958
-1125285,1733795,192.5818329,2166.067383,3,0.297600001,415.5917053,7.985050201,0.352570444,5,44.34600067,7.823801517,3.176232338,2,4.90851405316753
-1025285,1673795,220.7496185,2968.450195,3,0.083939396,875.406311,3.091262579,0.656148672,4,30.23434258,18.7652874,3.719666481,4,15.9607705853617
-745285,1243795,190.6751862,1194.960693,2,0.164499998,379.6680908,14.70705032,0.261638522,5,25.11599922,1.000278831,-0.669387639,2,1.5413010424231
-795285,2363795,185.3889008,1466.084106,2,0.319999993,352.1430969,7.084400177,0.335717916,6,57.0909996,3.174081326,0.432430863,1,5.24269488887084
-975285,1553795,199.3427887,2275.144531,3,0.395900011,411.0252991,6.799600124,0.401502639,4,69.57700348,4.413648129,-0.472984076,4,5.98492797746151
-765285,2113795,183.5377045,2069.339111,2,0.201632649,423.6228638,6.325561047,0.42054081,5,36.93877411,7.456727028,3.771303415,2,6.63332894161148
-915285,1483795,132.9666443,2212.056641,1,0.229200006,467.3695984,9.255999565,0.363900661,5,43.4640007,10.22468376,-5.145346165,2,6.3672919758843
-1045285,2493795,120.002388,1692.55603,4,0.248723403,439.1402893,6.598776817,0.369356185,5,56.23617172,12.40462303,9.867384911,2,5.24634243091463
-915285,2273795,155.4838257,1905.131104,4,0.305000007,316.0541077,6.682300091,0.247472823,5,28.61000061,2.572395802,-0.552156925,2,2.68653893214958
-415285,1683795,182.8312988,889.2791748,2,0.30916667,501.2185974,11.9842186,0.439874649,7,73.89167023,1.529022455,0.13107869,3,4.92027287837069
24715,1573795,154.7243347,247.7397003,2,0.411153853,1083.80127,14.03339767,0.660203695,7,72.32435608,1.347255826,-0.673522115,3,6.47089078867845
-905285,2223795,151.4763489,1867.659058,4,0.289777786,256.9360657,6.829944611,0.228689387,5,30.57111168,1.366894007,-3.236461878,2,1.436001956048
-785285,2023795,134.5480499,2148.277588,3,0.176499993,442.2197876,6.235300064,0.472622156,4,38.31600189,11.20463562,-3.397518635,4,8.89355659098653
-695285,2363795,159.0999603,1367.679565,2,0.319999993,350.8367004,6.98995018,0.396289438,6,43.61700058,3.242570639,0.53772217,1,5.53169871245342
-795285,1393795,176.6176147,1626.121948,2,0.340999991,406.184906,12.39190006,0.251821011,6,44.61399841,2.640898705,0.220653668,1,2.57345496644529
-635285,1693795,146.6622162,1232.241577,2,0.255319148,329.9608154,12.05707455,0.402576596,6,49.29999924,1.220893025,0.331782222,1,3.13000464072507
-985285,2083795,179.7044678,2091.121826,4,0.239999995,361.2789001,5.86714983,0.232566938,5,36.79999924,6.965788841,4.130557537,2,3.33478132794774
-995285,1753795,165.3263397,2928.079102,3,0.231616154,610.4208374,3.665404081,0.734168649,4,56.20909119,15.11319447,-9.360009193,4,11.2360161458013
54715,1573795,168.8118134,266.957489,2,0.370000005,1117.872192,13.89657593,0.667637169,7,81.97934723,1.037661672,-0.277922332,3,9.95853379062781
-565285,2003795,152.7524872,1166.768555,2,0.180823535,447.3734741,9.758000374,0.520431876,6,36.40235138,1.369283438,-0.551334739,1,5.70135247664021
4715,1683795,167.972702,352.7845459,2,0.362577319,959.6264648,12.83644295,0.689058423,7,80.26288605,1.201505065,-0.167978883,3,10.5640946379992
-855285,1913795,159.7158966,2870.56665,3,0.105106384,561.4888916,2.113936186,0.60738951,4,45.25531769,16.55133438,-2.313932657,4,11.4312363549838
-1145285,2213795,162.8392944,2104.357178,4,0.33377552,225.3039856,2.905561209,0.174578518,5,48.5775528,3.028581381,1.555059195,2,2.95176334881602
-515285,1793795,155.2152557,1195.889893,2,0.393505156,447.1022034,10.6343298,0.397134215,6,81.03814697,1.961832762,0.665750146,1,6.7440067937771
-505285,1563795,155.4433136,1045.375732,2,0.300937504,462.0621338,12.93328094,0.367835939,7,58.88124847,1.549664974,0.590891778,3,3.7866395636547
-1165285,1263795,218.8034973,2037.374634,3,0.112371132,459.1398315,10.43675232,0.347949356,4,43.27628708,11.76629448,-5.241648674,4,3.71603160705592
-225285,1773795,160.6374512,512.1913452,2,0.319999993,666.605896,12.30047607,0.559302688,6,77.00952148,3.735072136,1.90702343,1,10.8812030139562
-145285,1553795,173.7174225,355.8097839,2,0.455714285,827.5853271,14.84547615,0.463894337,7,76.16825104,1.290586114,-0.228488281,3,5.34569947573211
-1125285,1463795,195.376709,2126.736328,3,0.168181822,343.5110168,9.272828102,0.228937775,5,50.4515152,7.414909363,5.320160389,2,1.46635304923341
-795285,1273795,114.785553,1401.190063,2,0.513999999,344.9902954,14.42630005,0.222411945,6,52.61999893,1.709164023,-0.512809217,1,2.87174009757861
-625285,1923795,180.7227631,1387.047119,2,0.204432994,405.5022888,9.483865738,0.394023776,6,36.96391678,1.504996061,-0.50135994,1,4.26295866959459
-865285,2023795,141.5535126,2452.341064,4,0.311666667,320.1042175,3.246770859,0.330210268,5,36.51041794,2.331437826,0.25736621,2,2.99792805095962
-1025285,1803795,203.1502838,1681.904785,4,0.173030302,223.5868683,10.24055576,0.239676639,5,80.29898834,3.467577696,-5.180294037,2,5.37375206499366
-1025285,1863795,189.4252014,2042.711548,3,0.280000001,409.5812988,8.709687233,0.446880311,4,53.61562347,6.524786949,-6.026343346,4,4.3537396858062
-945285,2373795,198.7373352,1378.466431,4,0.370000005,266.8326721,7.455249786,0.219119191,5,56.20000076,3.930375099,1.298489571,2,1.24535794982087
-465285,1683795,112.2222061,994.7617798,2,0.319999993,470.2948914,11.90126324,0.372510076,7,79.30631256,0.777667582,-0.148780167,3,6.34024839281046
-935285,2093795,182.6557312,2365.694336,4,0.266666681,651.736084,4.233080864,0.463411868,5,49.8282814,6.949314594,2.195008278,2,7.43387405575944
-765285,2083795,152.014801,2129.9104,2,0.305773199,428.2245789,6.553453445,0.386931539,6,49.98659897,6.280982971,-1.775554419,1,7.19057451949919
-1015285,1473795,154.3468781,2047.535522,4,0.164949492,287.8470764,9.345302582,0.183066294,5,45.1232338,5.874555111,4.332366943,2,2.73907706521851
-1015285,1893795,180.8592987,2172.186035,4,0.287157893,408.8078308,8.510842323,0.392196834,5,53.12842178,12.48283482,-17.39626503,2,4.38000081618525
-715285,2013795,148.620697,1632.44873,2,0.211999997,369.9147949,8.440600395,0.372378677,6,46.72000122,1.872362256,-0.126771018,1,5.24144953323354
-665285,1933795,141.5145569,1369.374878,2,0.13612245,358.5663452,9.681735039,0.419612825,6,16.24081612,1.222882271,-0.14491801,1,3.00974217490727
-975285,1233795,166.9315186,1438.848022,2,0.315600008,260.5072021,14.50640011,0.169951454,5,40.34000015,0.808693469,-0.182152376,2,1.66447822311639
-945285,1333795,138.4948578,2271.473877,1,0.173333332,625.2479248,7.438535213,0.583135068,4,47.66262436,13.07153797,15.88001823,4,9.6238219896381
-805285,1703795,216.1956482,2844.868408,3,0.093232326,538.7772827,4.066111088,0.436920255,6,34.84343338,9.099694252,-4.437577248,1,6.25696460735339
-1115285,1593795,148.2586212,1565.795532,132,0.372916669,195.5961456,11.76749992,0.126626566,5,54.22083282,2.245587111,0.261873007,2,2.18614236019038
-1125285,1673795,203.5619049,1832.642944,5,0.228200004,341.7633972,10.07460022,0.274786413,5,51.98699951,11.63132858,2.579478979,2,2.2070098657979
-855285,1333795,183.5638275,1913.277344,2,0.33129999,397.9269104,10.66460037,0.26920858,6,50.19300079,1.670877218,-0.980627537,1,3.70567940305824
-355285,1773795,170.4966278,756.2213135,2,0.319999993,549.0265503,11.67716503,0.443815917,6,81.64536285,1.285163999,-0.344576448,1,5.66328192549302
-155285,1683795,146.5466766,460.2695007,2,0.363478273,800.0181885,13.30472851,0.527905583,6,77.89130402,1.155339479,-0.058790732,1,6.6819143195589
-645285,1223795,120.0629425,1223.601929,2,0.239999995,440.2506714,14.19874954,0.321168274,6,32.09999847,0.885576189,-0.882313728,1,4.01782110497091
-1115285,1233795,188.8951874,2228.438721,1,0.149494946,422.722229,8.787727356,0.283482224,4,47.24848557,5.080088615,-3.431720495,4,3.03271923227265
-675285,1183795,137.9292145,1252.295044,2,0.179393932,404.5974731,14.53338337,0.336591303,6,26.25151443,0.906989694,-0.034744427,1,2.16862259830724
-1095285,1753795,164.8625488,1932.029907,3,0.275999993,382.0759888,9.383250237,0.288508087,4,56.66500092,8.581334114,5.637217999,4,3.78465353622675
-1045285,2303795,123.5722656,1820.476929,4,0.322105259,297.5527954,5.929157734,0.272754341,5,51.24315643,5.249447346,-2.266369104,2,3.9858782431748
-655285,1423795,165.476532,1354.562866,2,0.150399998,420.8702087,13.10919952,0.31764254,5,25.12999916,1.411602616,0.368785679,2,1.68223674535046
-1175285,2113795,141.173584,2110.650391,4,0.327731967,242.391098,5.487319469,0.193411514,5,39.8639183,3.364641905,-1.458773851,2,3.13097368956459
-665285,2133795,128.6021118,1260.355469,2,0.337714285,374.790863,8.882928848,0.529874206,7,42.431427,1.884966493,-0.007341129,3,7.69408471394569
-635285,1993795,150.0496063,1352.975952,2,0.257319599,390.8413696,9.201288223,0.396018058,6,54.56804276,1.579854012,-1.171071887,1,4.20857049808477
-775285,1853795,143.7942505,2220.952881,3,0.1096875,579.4763184,7.686458111,0.690561831,4,33.01458359,13.42792606,13.38755226,4,11.4107170219564
-365285,1583795,145.9308624,724.3577881,2,0.313333333,559.5994873,13.52555561,0.419212103,6,62.88787842,2.341963768,0.040069509,1,4.18263802006589
-525285,2013795,151.7949524,1090.108521,2,0.248750001,444.8536987,9.971405983,0.520881951,6,36.35625076,1.250493526,-0.23184213,1,5.44950275413121
-645285,1633795,189.7550812,1508.389648,3,0.370000005,384.872406,11.40775013,0.354109019,5,57.40000153,6.709261894,-1.456148386,2,4.19199547811965
-885285,1923795,174.3022919,2793.037109,3,0.068631582,500.3200378,3.088842154,0.673511446,4,41.84737015,13.30357552,3.108475685,4,13.8193670151911
-765285,2233795,164.5271454,1512.43811,2,0.319999993,333.9648132,7.694629669,0.405881137,6,60.85926056,3.170976639,-0.284461528,1,5.65681168789879
-1015285,2473795,189.5885162,1538.349365,4,0.360500008,253.8185425,7.385700226,0.180223316,5,55.09400177,9.796918869,-2.637138128,2,2.72748836023104
-905285,2393795,217.4346924,1636.824097,4,0.368631572,381.9729919,7.560631752,0.362360358,5,57.23579025,9.329904556,-0.028821558,2,5.52539281408516
-845285,2143795,147.6303406,2053.112549,4,0.319999993,282.1680603,5.700520992,0.251632631,5,49.828125,1.749269724,-0.444150567,2,3.7695872907863
-635285,1953795,134.3344727,1303.09436,2,0.166951224,384.1799622,9.675183296,0.510189116,7,30.64878082,1.282466412,-0.360342771,3,7.47713397292797
-435285,1823795,138.9476929,982.3356323,2,0.319999993,516.0366821,10.73239326,0.530194163,7,88.42021179,0.942098022,0.11240714,3,11.0807918154041
-885285,1663795,155.85112,2345.613281,3,0.183220342,199.1833954,5.288220406,0.660141945,7,44.97457504,0.752187729,-0.500848055,3,7.16835772508346
-645285,1483795,158.3948822,1458.509644,2,0.282799989,411.4233093,12.09644985,0.316854447,6,56.30599976,1.51722455,-0.251940995,1,2.49820356265485
-1185285,1263795,163.0617371,2214.098633,1,0.2560606,532.1873779,8.687878609,0.536328733,4,57.11212158,13.57865334,11.70857334,4,1.87378960940588
-845285,1683795,164.7007751,2323.894775,3,0.141499996,215.7877045,5.589550018,0.227068409,5,16.55400085,0.98424238,0.186420649,2,0.508583242212981
-795285,1333795,145.6708221,1541.608276,2,0.344399989,359.2770081,13.43029976,0.256288975,6,46.36399841,1.876014948,0.113070317,1,3.20047775557884
-1065285,1883795,179.4723511,2117.113281,3,0.277399987,444.1690063,7.636350155,0.502024472,4,55.49499893,15.7906971,-5.018261909,4,4.73093701169552
-1065285,2183795,153.2323456,2278.423584,4,0.285252512,313.0575867,3.418838501,0.28753072,5,48,8.452103615,6.661698818,2,4.64730734596131
-1095285,1103795,183.9350891,1433.675659,133,0.240899995,304.6755981,15.06309986,0.167747393,5,53.85499954,2.693981647,-2.001276731,2,1.51456098499693
-325285,1733795,153.4923248,715.3769531,2,0.319999993,571.3470459,12.24222851,0.470728934,6,79.65869904,1.524994493,-0.156909168,1,5.32773703222476
-1165285,1183795,165.56633,1508.53833,1,0.201299995,424.7401123,13.95899963,0.249670804,5,50.81600189,4.348221302,-2.131086588,2,3.30172487837254
-755285,1493795,160.8721313,1791.620117,2,0.345400006,428.4596863,10.35879993,0.319432616,6,62.99900055,2.441810369,1.399871707,1,5.70416383081723
-385285,1763795,145.8268585,797.5375977,2,0.319999993,528.4776611,11.67510319,0.45519504,7,85.58144379,1.313548565,-0.570402622,3,6.44609353639743
-1005285,1233795,206.2955475,1424.493286,131,0.159999996,253.2474976,14.67373657,0.177122876,5,28.59890175,1.92094481,2.332921743,2,1.73598271268343
-445285,1703795,114.9819412,950.6279907,2,0.319999993,492.2487793,11.81906223,0.369984537,7,75.93333435,0.896789193,0.087273173,3,6.41544901413379
-665285,2363795,188.5124207,1437.231201,1,0.301818192,437.0264893,6.65792942,0.488039345,4,63.5727272,6.674035549,-1.875299573,4,7.02985535655594
-775285,2073795,126.0237503,2392.727539,2,0.164639175,482.4187012,4.814175129,0.389131516,6,35.14535904,3.807944775,1.541918993,1,8.09396543514689
-865285,1533795,135.7765808,2151.249268,4,0.318666667,329.9786682,8.132111549,0.211669028,5,61.10111237,3.050661802,3.796284199,2,4.52123165119442
-995285,1803795,219.9346161,2175.558105,3,0.285894752,436.0683594,8.005947113,0.511432469,4,55.73052597,8.924925804,-10.03297329,4,6.75356328401503
-435285,1713795,125.9866409,922.015686,2,0.319999993,504.1073608,11.85840225,0.419024587,7,76.39484406,0.835973144,0.039510671,3,6.64059107409787
-1115285,1543795,152.0541534,1674.919434,132,0.235699996,183.9073029,11.45030022,0.125649273,5,31.89699936,1.727019072,-0.200653389,2,1.68617748417988
-815285,1263795,140.6767578,1500.634644,2,0.370000005,349.138092,13.75415039,0.213750586,6,59.5,1.825109482,-0.490730226,1,3.13139979920614
-1065285,1533795,218.8387146,1934.264282,4,0.363599986,242.5327148,9.865099907,0.156447262,5,41.39599991,1.614604592,-0.341342986,2,1.35734153472588
-815285,2363795,181.9507599,1338.998291,2,0.319999993,333.9304504,7.406598091,0.285395265,6,54.12577438,2.839433432,-0.0000319,1,4.15359699004759
-945285,2503795,204.6351471,1733.7229,4,0.304029852,406.9794617,6.244701385,0.35166052,5,60.19552231,13.26704693,-14.89976597,2,4.600743787862
-755285,1853795,161.6958313,1949.728027,2,0.24092105,466.5259705,8.905920982,0.476686656,6,43.79473495,5.35059166,3.881699085,1,5.48529996651462
-315285,1653795,124.6847839,710.1200562,2,0.319999993,595.8969727,12.80505371,0.386321634,7,79.40000153,0.912530243,0.085894443,3,5.67972839447146
-885285,2153795,186.4759369,2007.383545,4,0.319999993,283.1712341,5.973080635,0.206358105,5,49.94141388,2.867394447,-1.414796233,2,2.48452601057801
-725285,1773795,173.9947968,1730.657837,2,0.11717172,391.9944458,9.741161346,0.336800665,6,22.11818123,1.745193839,-1.018070102,1,3.55970327745599
-905285,2443795,199.7920227,2791.949707,4,0.121100001,743.4876099,-0.143400043,0.558710456,4,54.15599823,11.24029541,7.495387554,4,11.5341695053856
-35285,1803795,168.1753387,343.4487305,2,0.30872339,876.9144897,12.45016003,0.686184347,7,67.53936005,2.007032871,0.586978674,3,10.2802728436071
-775285,1763795,174.2701721,2174.034912,3,0.144329891,504.7369385,8.743402481,0.49715364,4,45.12268066,14.27164078,-3.920945883,4,5.87054226554075
-495285,1693795,150.5490265,1073.426392,2,0.345473677,443.8646851,11.69047356,0.326454639,7,78.58946991,0.903816998,0.248703748,3,3.94575609239429
-725285,2193795,185.2185669,1493.643066,2,0.124200001,379.3309021,7.647900105,0.402735025,5,36.77999878,6.369925022,0.943655729,2,4.52271311306327
54715,1553795,185.5564728,277.6903687,2,0.378800005,1104.874756,13.93713379,0.720568955,7,82.52933502,1.300253868,0.601937771,3,11.0083100027153
-275285,1833795,177.3035583,574.8477173,2,0.319999993,614.8738403,11.41863155,0.515321255,6,80.20526123,1.914343596,1.506156802,1,7.88715072781351
24715,1793795,181.4154358,311.9098816,2,0.36511904,940.5144043,12.41505909,0.723428905,7,75.79285431,2.457776546,0.070251271,3,11.458934689415
-755285,1383795,157.3231201,1410.920532,2,0.287600011,395.2431946,13.65610027,0.275053948,5,43.11999893,4.343762875,-0.909010947,2,3.02558325028396
-95285,1793795,161.4551849,385.6235352,2,0.364949495,828.7735596,12.52131271,0.595546603,6,81.45858765,1.67469418,0.070893355,1,9.13202581344855
-995285,1863795,194.4702759,2596.124023,4,0.280000001,636.0114746,4.738571644,0.785598457,4,60.75918198,10.81723881,3.184344053,4,9.95731084921645
-865285,2423795,140.8248749,2173.283203,4,0.26699999,431.3960876,3.725850105,0.619921088,4,40.97999954,12.44620705,4.991718769,4,10.4522275180087
-135285,1563795,159.4487305,356.0000916,2,0.378210515,833.7686157,14.64599991,0.497740299,7,67.73262787,1.171342492,-0.135516077,3,5.40595014927698
-645285,1953795,162.7561951,1341.599854,2,0.145806447,369.3414612,9.562903404,0.477757305,7,24.6354847,1.580956697,0.795390904,3,3.42540758349399
-1145285,1133795,141.6930237,1777.212036,3,0.167171717,404.6151733,12.94944477,0.239643484,5,51.52929306,3.754314661,-1.651898146,2,2.90283019202493
-1015285,1513795,165.946228,2141.400146,4,0.166700006,301.6300964,8.465350151,0.217322007,6,49.84500122,3.323436022,1.219814777,1,3.45410807828099
-475285,1623795,134.4221802,945.9207764,2,0.300206184,430.1292114,12.71659756,0.424310744,7,68.82783508,1.059047699,0.371548802,3,4.99921058891319
-355285,1673795,135.5029602,776.078125,2,0.324842095,561.182373,12.58647346,0.400649428,7,79.02315521,1.592903852,-0.059097577,3,4.9247182938302
-1095285,1873795,161.364212,1433.602295,4,0.410430104,243.6156311,11.24327946,0.407229751,7,70.71720123,3.650353193,1.624865651,3,2.90424473139231
-895285,2353795,207.9228516,2173.189453,4,0.306363642,537.8582153,4.64449501,0.586467564,6,56.34444427,9.727214813,-4.949977875,1,9.53621552082203
-1005285,1393795,168.4151306,1807.275391,3,0.128199995,269.4614868,11.65929985,0.185922146,6,38.2840004,4.718645096,-0.824762106,1,2.41168843986579
-345285,1573795,146.2063751,625.4155273,2,0.250312507,589.0288086,13.65052128,0.419962198,6,44.06041718,1.290701509,-0.549881816,1,3.48789337833097
-875285,1453795,181.7816925,2886.890381,3,0.200000003,796.5258179,4.816699982,0.678012729,4,43.93899918,18.84483147,-2.005034208,4,14.0733459767777
-825285,2243795,141.2353058,1691.30188,2,0.312526315,352.90625,7.466421127,0.361688375,6,40.10315704,3.970698118,1.7775805,1,9.13303081574976
-525285,1693795,176.8246002,1093.839111,2,0.403333336,428.572937,11.66782856,0.411916733,6,83.30000305,1.451720476,-0.092882983,1,5.57727825402468
-605285,1833795,153.1857605,1506.932495,2,0.286808521,426.2187805,9.467393875,0.387541145,7,54.25638199,1.132916808,1.131747603,3,3.75220938185775
-1045285,1093795,169.5386963,1415.297485,133,0.188299999,290.1419983,15.64179993,0.166136816,5,46.44499969,2.80701685,0.018190991,2,2.00512600368394
-895285,1473795,230.1916199,1845.528076,3,0.319999993,273.0381775,10.62828159,0.217609063,6,45.04583359,3.622823,-0.674192429,1,1.8807071278966
-595285,2013795,143.3858185,1316.095337,2,0.309494942,444.884552,8.868232727,0.379877388,6,66.22019958,1.62482357,0.106466666,1,4.76473489361259
-725285,1153795,196.8230133,1272.665039,2,0.200000003,389.8999023,14.84176731,0.277830034,6,31.20000076,1.344307899,0.059196979,1,1.50382376257687
-925285,1103795,223.7224426,1283.020386,133,0.2465,282.394989,16.21985054,0.196199864,5,49.8429985,1.348505735,-1.421387672,2,1.03483988268373
-725285,1683795,115.350296,1599.705444,2,0.347499996,356.1000977,11.08880043,0.282679886,6,67.01399994,3.118793964,-0.313868046,1,6.24011477345836
-395285,1643795,151.6995239,847.2723999,2,0.179489791,539.317749,12.38234711,0.561131895,7,28.39897919,1.0023458,-0.322580516,3,4.40256328976076
-1115285,2313795,207.4215393,2841.527588,5,0.098163262,756.7398682,0.657346964,0.526481032,4,35.98571396,17.20489502,17.81895828,4,12.8218795815088
-935285,1893795,163.2394562,2418.716064,3,0.197142854,455.9594116,6.123928547,0.560314238,5,42.83673477,12.14425373,-2.177067041,2,5.49924554367659
-515285,1593795,118.4078674,1064.255493,2,0.319999993,436.0191956,12.57923508,0.372091502,7,75.5,0.775409579,0.06577076,3,5.21613707561815
-1045285,1933795,207.2084045,2107.124756,3,0.200000003,417.8862,7.333250046,0.371683806,4,50.37900162,8.29683876,-6.404659271,4,3.7091020196265
-435285,1733795,151.0651093,944.9122925,2,0.319999993,509.3031311,11.77608204,0.428351462,7,76.62577057,1.130829811,-0.451718509,3,6.74563291816361
-665285,1503795,153.0816803,1646.909546,2,0.235454544,420.3754578,11.08808041,0.318882763,6,36.15454483,2.523618221,0.28959924,1,3.02599220102753
-745285,1673795,201.8962708,1787.479492,2,0.370000005,414.8233948,10.28645039,0.294196218,6,56.79499817,3.614872694,0.267077386,1,3.54329131333639
-1045285,1123795,163.384964,1396.20166,2,0.213434339,286.2603149,15.93383884,0.202746511,5,38.88787842,3.604382277,-3.275929689,2,2.47940405612131
-815285,1363795,138.2498779,1655.665161,2,0.370000005,391.5497131,12.49974537,0.243326679,6,54.71836853,1.612162828,-0.783588409,1,3.44049433765104
-755285,1633795,136.2296295,1961.77771,2,0.247553185,457.1925049,9.840744972,0.353745788,6,55.59468079,3.491118908,-2.148088694,1,5.25342383712918
-615285,1773795,152.5202026,1419.348389,2,0.115714289,387.8643188,10.10857105,0.361546248,5,22.49183655,1.347284079,1.259749174,2,1.8691739771472
-835285,1493795,172.6437378,2728.939453,3,0.200399995,636.3019409,5.29640007,0.627163351,4,57.78300095,10.98737717,-12.38450909,4,9.94031649358616
-945285,1623795,213.7917328,2857.22998,3,0.25494948,848.9938354,3.145151615,0.706891775,4,56.90808105,15.72415924,26.86836052,4,17.7125113675488
-1025285,2223795,163.3746338,2276.157227,4,0.235567003,389.7070313,3.101340294,0.284513086,5,50.52061844,3.28602767,-0.903141916,2,4.50094685888293
-1125285,2493795,173.8350525,2556.468018,5,0.154255316,767.7663574,0.314999968,0.594444215,4,52.8382988,8.149199486,4.46454525,4,9.55574985346001
-1055285,1453795,143.6850739,2181.119141,3,0.163699999,290.3196106,9.175350189,0.175381541,5,47.73500061,4.033233643,-1.15334475,2,3.30159723227958
-525285,1643795,109.2324448,1096.727051,2,0.319999993,431.7934265,12.30636883,0.368580729,7,75.5,0.851919591,-0.327058345,3,5.17909811915221
-835285,1763795,160.7853088,2765.588623,3,0.104900002,394.4764099,4.439949989,0.471835256,4,45.93700027,12.41540718,2.764759302,4,7.32774780014888
-695285,1553795,162.9790649,2078.922363,2,0.340000004,461.3336487,9.507113457,0.400546104,6,61.89072037,3.019368887,-2.123785019,1,6.93968742153641
-655285,1763795,179.6253967,1554.977051,2,0.273913056,360.3259583,9.94201088,0.302630782,6,59.99891281,1.420647025,1.322666407,1,2.43078353261594
-855285,2313795,176.8651276,1581.574341,2,0.363999993,283.7062988,7.259399891,0.255411863,6,60.94100189,2.350816488,-2.905441999,1,4.12933085136806
-295285,1853795,158.7750854,617.6864014,2,0.319999993,583.5028687,11.38663292,0.527719975,6,83.0581665,1.857053161,-0.911506891,1,9.55029120932294
-815285,1113795,121.2021561,1269.446533,2,0.297100008,423.1164856,15.02175045,0.240395963,5,64.625,1.839856386,-0.657607436,2,4.04043489238593
-515285,1633795,126.2101517,1060.594849,2,0.31042105,432.256897,12.46226311,0.385234207,7,72.68526459,0.742166162,-0.217198268,3,4.16529186039264
-745285,2453795,137.6721191,1181.31897,2,0.319999993,380.2471008,7.428349972,0.407711565,6,48.04899979,4.912848473,-2.423447609,1,7.8450004444823
-1055285,1583795,178.2694092,1758.02002,4,0.205975607,232.4207611,11.04115868,0.243014395,6,49.54756165,2.946932793,-1.329339266,1,2.28865852119881
-1105285,1443795,126.6504898,2299.712646,1,0.200000003,375.5511169,8.322626114,0.334894121,4,48.11616135,3.14502573,-3.031231642,4,4.29273191823081
-1055285,2483795,156.4410095,2424.426514,4,0.178787872,649.2843628,2.639797926,0.564262211,4,58.66666794,16.78717995,7.444338799,4,11.5643174815488
-905285,2153795,160.4917603,2036.153442,4,0.317575753,265.0042419,5.872272491,0.195937023,5,49.78585815,3.867822886,-5.315643311,2,1.79557856151343
-1075285,1043795,152.2083588,1216.63208,2,0.430000007,249.8895111,17.0699501,0.139948905,5,63.09999847,0.731784463,-0.393284649,2,1.91541725262278
-415285,1613795,149.791275,879.0540161,2,0.319999993,499.6082764,12.67556667,0.503740847,7,75.76082611,0.806529999,0.018563472,3,5.14169473279664
-1065285,1583795,190.4333801,1732.150024,4,0.217294112,231.3066254,11.11299992,0.243012533,5,48.09176636,4.321892262,0.72232163,2,1.91344548285768
-785285,2153795,183.6183014,2212.231934,4,0.183636367,432.1279907,4.75848484,0.386700362,5,37.62121201,4.53061676,4.692564011,2,5.08877113296675
-1015285,1903795,184.0746307,2408.334473,3,0.231000006,612.772522,5.113649845,0.684904456,4,57.61999893,15.22395229,14.98552132,4,13.1376909646021
-935285,1993795,186.0825043,2116.820557,3,0.24215053,501.3879395,5.610483646,0.564833879,4,57.00322723,8.842394829,0.649774194,4,6.86335296175092
-1085285,1273795,161.5879974,2163.053711,3,0.169,341.6575012,9.039750099,0.212602273,6,29.13999939,3.04449749,-1.905516624,1,3.77138884282414
-175285,1663795,165.0313263,481.7381287,2,0.200000003,772.2320557,13.34223366,0.544089794,7,42.79999924,0.952967703,-0.042670202,3,4.14338173021364
-815285,2293795,186.3202667,1690.252319,4,0.306400001,349.4601135,7.027150154,0.291054308,5,50.75699997,5.116978645,-1.383847356,2,3.41076440894264
-35285,1593795,171.5456543,378.8295288,2,0.340000004,952.7974243,13.64005852,0.706925809,6,81.98000336,2.249897242,0.894841909,1,11.8565959205219
-815285,1783795,157.1235657,2693.90332,3,0.150000006,418.0865479,4.460102081,0.501576483,6,46.56122589,12.7565155,7.477208614,1,6.74333081411922
-905285,1383795,133.5400848,1911.090454,2,0.334222227,416.8602295,10.11283302,0.406674325,6,58.09777832,0.966766,-0.38945207,1,5.84461202178876
-795285,1793795,184.1801147,2660.841797,3,0.06666667,418.3996277,4.536927223,0.474436402,4,38.72499847,10.46975231,0.335762799,4,9.33758037174659
-955285,2063795,209.9528046,2080.517334,4,0.319999993,380.3248901,5.505578995,0.421786249,5,49.86631393,4.63547802,-0.127946675,2,6.18040303531206
-915285,1403795,151.7579193,2102.875732,2,0.243469387,465.6962585,10.12704086,0.34575206,6,59.67959213,5.814691544,-0.015224119,1,3.94223665625481
-1115285,1263795,191.6105652,2187.293701,3,0.205799997,350.7189026,9.350999832,0.226328686,5,67.32499695,6.000713825,0.503916621,2,4.30658773332636
-905285,1673795,158.2713013,2555.571533,3,0.141797751,299.488678,4.833258629,0.411035538,6,56.78427124,5.4679842,-2.407373905,1,7.67003895815395
-55285,1663795,179.0554657,453.6730957,2,0.430000007,860.5759888,12.85180855,0.682549715,6,80.19999695,1.038972497,-0.070456199,1,11.5365130243714
34715,1883795,172.1466217,306.8416443,2,0.312727273,902.6055298,11.64467525,0.785096943,7,82.17922211,2.074877024,-0.074055083,3,9.35274237925888
-925285,1613795,156.647995,3266.225586,4,0.12846154,1060.571167,0.786043942,0.624127984,4,51.60439682,16.1109066,1.345844984,4,14.1697061528715
-845285,1093795,159.1135254,1777.826172,3,0.163000003,462.1393127,13.50249958,0.31352517,5,49.61700058,7.664991856,0.178881064,2,4.780729523036
-965285,2473795,161.1880493,1275.154541,133,0.382959187,198.0042877,7.407295704,0.138574153,6,55.88367462,4.945436478,0.074003167,1,2.69816511981394
-1205285,2213795,134.2676544,2316.218018,4,0.307586193,519.6855469,2.952241421,0.580187321,6,64.52069092,7.044015408,-1.767740607,1,9.97271888683409
-1145285,1153795,179.6682281,1885.236328,3,0.256249994,500.3510742,12.06447887,0.361706078,4,54.12291718,9.427497864,-2.572769403,4,3.31545304315008
-125285,1873795,147.2166748,477.989563,2,0.370000005,761.3696899,11.32546425,0.623681307,7,79.5,1.387202024,0.017309049,3,7.69520834677376
-1005285,1203795,190.3599396,1476.134521,3,0.374500006,273.5729065,14.52025032,0.165025368,5,53.2820015,1.038859129,-0.07863088,2,1.88602861945324
-985285,2263795,185.5878601,1869.625977,4,0.321500003,266.7883301,6.653800011,0.218307912,5,47.7879982,6.210484505,0.769497395,2,2.10650859472872
-1025285,2203795,155.3455658,2136.466797,4,0.351500005,286.532196,4.158599854,0.156807169,5,52.32799911,1.751339912,0.131814584,2,3.96579035911136
-285285,1783795,188.0307007,639.1271362,2,0.304583341,603.019104,11.85838509,0.51632154,6,68.765625,2.496297121,1.082357168,1,8.11367895453747
-75285,1803795,182.4120178,391.449585,2,0.370000005,836.4448242,12.38893223,0.688087106,6,82.59999847,1.617756248,0.314394563,1,10.947224203382
-845285,2113795,162.8671112,2409.31543,4,0.265555561,403.3347778,3.745111227,0.426730096,5,42.86444473,6.661734104,3.135252953,2,8.65785593311463
-985285,2493795,151.1898499,1245.075562,133,0.30388236,153.5765839,7.376352787,0.352369636,5,47.26941299,2.13218236,-0.225111291,2,3.36050397684859
-1065285,1863795,206.6396942,1708.812134,133,0.349898994,323.6511841,10.12979794,0.213834673,5,64.47071075,8.073428154,-0.588630974,2,3.5318268142945
-925285,1813795,183.203537,3300.959229,4,0.228,795.4979248,0.385105193,0.653197408,4,47.71578979,18.40003777,20.70262527,4,14.6590030864232
-825285,1273795,139.7153015,1611.115845,2,0.370000005,356.3142395,13.06575775,0.227432936,6,59.5,2.195490122,1.068663478,1,4.19859475744477
-985285,2433795,148.1281586,1430.106689,133,0.368000001,243.1563873,7.297450066,0.138600528,6,56.05599976,6.027357101,0.057479911,1,2.46711762244853
-295285,1843795,149.4955902,632.8028564,2,0.319999993,591.4310303,11.39956951,0.52432549,6,82.63440704,1.739403605,-0.284837246,1,8.52174841496595
-845285,1913795,179.4685822,3219.830322,5,0.061904762,715.1498413,0.465297639,0.587554038,4,38.29285812,19.49959373,-3.4814744,4,21.1146508200459
-705285,1343795,139.4438019,1367.983398,2,0.312727273,430.961731,13.95111084,0.306936234,6,53.22727203,1.300890923,-2.188422203,1,3.08944464714076
-925285,1873795,187.7574158,2871.941162,4,0.154444441,633.3053589,2.420000076,0.62437439,4,41.06666565,22.54938126,8.209506035,4,13.1606252177463
-935285,1603795,188.0384369,2812.883545,3,0.19628866,810.7637329,3.387525797,0.71172893,4,59.85154724,10.41893959,7.823258877,4,13.3126440470497
-675285,1533795,133.7725372,1823.561401,2,0.359693885,425.1365662,10.39556122,0.362355083,6,58.52754974,1.679535508,0.275852561,1,5.83256126904373
-725285,1033795,168.0323181,1023.262329,2,0.164800003,332.0028992,17.12965012,0.260970712,5,15.48200035,1.107533693,0.010705471,2,1.05400950298099
-1135285,1153795,178.8197479,1918.536377,1,0.17095238,483.7221069,12.40041637,0.322670162,4,56.5976181,5.394116402,0.600456774,4,3.24587661734335
-1075285,2073795,142.5011597,2483.282227,4,0.319999993,422.5310974,4.186150074,0.378525972,5,43.69300079,9.307117462,4.913662434,2,8.56242852171654
-335285,1653795,141.6580353,746.8710327,2,0.319999993,581.5718384,12.77073002,0.418011546,7,76.69663239,1.486079335,0.353441209,3,5.63735992760664
-755285,2123795,192.5739136,1848.249023,2,0.25737375,399.4497986,7.446767807,0.416539788,5,42.60808182,8.665314674,0.875109434,2,5.86363986456155
-1015285,2323795,131.6717377,1660.208252,4,0.325617969,220.4932556,6.589606762,0.368442059,5,40.70561981,2.218703985,1.151756048,2,5.09053722662991
-725285,1083795,156.1074829,1076.686768,2,0.153913051,357.7847595,16.55467415,0.226271808,5,26.13695717,1.116383076,-0.247790426,2,1.72497699688289
-1095285,2253795,167.2619476,2212.470947,4,0.279489785,281.3324585,2.002551079,0.280679792,5,33.93061066,1.423281312,-0.342951745,2,3.12768524190316
-825285,2083795,126.2623901,2287.127197,4,0.214315787,323.8187866,4.847473621,0.450556368,5,43.15999985,1.681623936,-1.461719275,2,8.36018620552029
-735285,1523795,215.1855316,1993.536987,2,0.426699996,435.4277954,9.361650467,0.297223568,6,72.23100281,2.965173006,0.79185307,1,5.82137947768749
-1125285,1653795,209.2639008,1989.536621,5,0.147400007,440.8631897,8.66380024,0.394297242,5,41.95399857,12.84472466,14.81896019,2,4.4821338225955
-1075285,1193795,174.1056061,1891.990967,3,0.152700007,358.8454895,12.30529976,0.248324171,5,58.17499924,12.20875931,8.052700996,2,3.37824420369983
-795285,2283795,165.4225159,1707.723755,2,0.319999993,288.8145142,6.821700096,0.315433025,6,39.36299896,3.804419041,-2.959626436,1,3.67564247201199
-165285,1633795,166.2972412,452.9824524,2,0.199666664,789.4136963,13.67277813,0.517749488,7,38.48777771,1.122736096,0.527416706,3,4.84310908265051
94715,1743795,163.1157227,305.8862305,2,0.362894744,1023.512207,12.65256596,0.751712084,7,83.5868454,2.181643486,3.442943335,3,11.3593426402004
-695285,2013795,159.881897,1560.795532,2,0.208762884,360.1534424,8.741030693,0.392196536,6,46.6360817,1.041279435,-0.86109376,1,3.8924470041522
-925285,1713795,182.1098633,3240.952881,3,0.145979375,653.8197632,1.740463972,0.501178861,4,51.82268143,13.69922638,0.579504251,4,9.46727470309194
-1155285,1043795,196.2241974,1444.200806,2,0.243100002,313.2414856,15.2130003,0.175539225,5,58.14500046,3.488332033,-1.339336038,2,1.50994649533497
-495285,1563795,148.9958496,1023.792969,2,0.284473687,458.9937439,12.95328903,0.465047538,7,55.15789413,1.15632844,-0.011306729,3,3.70709909707412
-765285,2163795,161.7335205,1995.771851,1,0.101000004,410.0889893,6.096250057,0.520602643,4,32.04999924,9.373448372,9.855930328,4,6.74830412840008
-675285,2323795,152.5084839,1248.835205,2,0.319999993,338.2011108,7.866099834,0.338641256,6,42,3.076169968,2.156280518,1,5.49821483921775
-1055285,2253795,168.4497223,3125.349121,5,0.050000001,875.4255981,-1.157222152,0.358331472,6,57.09999847,17.56288338,5.645568371,1,14.5680038006162
-205285,1753795,173.4179993,511.9208679,2,0.292903215,710.2556763,12.61032295,0.499039173,7,70.06881714,1.495698333,-0.347301364,3,6.5196390968849
-1165285,1493795,207.5927734,2227.097656,3,0.280000001,348.5289917,8.847187042,0.282702804,4,20.39999962,6.501458168,-0.016265834,4,3.62886753296372
-925285,1743795,185.3715973,2936.850342,3,0.190500006,423.9588928,2.444050074,0.414971828,4,51.95000076,9.345746994,-4.227343559,4,3.19513672820957
-865285,2243795,137.811554,1695.664429,4,0.280800015,317.4277954,7.415599823,0.273063093,5,36.41600037,3.230573654,0.921657145,2,2.8315164319477
-905285,1073795,132.7602997,1484.452515,2,0.509500027,391.4162903,14.88309956,0.190143883,5,47.82699966,1.650998831,-0.29775551,2,3.19566194497852
-1025285,1293795,155.3517303,2006.039917,3,0.154081628,325.916748,11.56204128,0.219589576,5,35.97959137,4.99374485,-1.376475692,2,2.51760267811362
-555285,1873795,145.1009216,1259.581055,2,0.285520822,450.0102539,10.24296856,0.50768888,6,51.44791794,1.981383085,0.660375714,1,4.71799244025243
-695285,1813795,161.8664398,1922.246094,2,0.189897954,444.2755432,8.327959061,0.403940916,6,38.32448959,2.649379492,1.949887395,1,3.92722170775078
-855285,1293795,114.3386536,1881.55896,2,0.366400003,391.1495056,11.35404968,0.269545168,6,56.75799942,1.235074043,-0.27187717,1,4.3339470617092
-1145285,1183795,189.5655975,1997.052979,3,0.131400004,524.6262817,11.91619968,0.512515843,4,41.66999817,19.32492447,1.590677381,4,5.73435749536071
-1085285,2383795,176.4266815,2724.77124,5,0.303799987,711.5099487,1.140250087,0.532448709,4,55.2120018,15.1755724,5.955149174,4,9.08482231488728
-705285,2053795,133.1018219,1735.401733,2,0.185494512,398.7756042,7.930439472,0.39253968,6,45.11538315,1.490072131,0.006478101,1,3.85926059581465
-495285,1603795,142.1900635,1000.543396,2,0.319999993,437.5502625,12.69252586,0.365123332,7,75.5,0.780193925,-0.232919365,3,4.52665957098335
-935285,1953795,148.2027283,3091.420654,3,0.200000003,1071.201904,0.621521711,0.608794749,4,52.38695526,13.30326271,14.11517429,4,8.61938554021807
-1135285,1623795,170.5126038,1503.248047,5,0.424536079,195.2207184,12.04041195,0.132112071,5,56.69278336,3.177737474,1.497515082,2,2.55480355669883
-965285,1423795,155.1550903,1788.470947,3,0.240869567,305.5706177,11.683424,0.183295965,5,27.5891304,3.297442913,1.013565063,2,1.94721566359021
-1125285,1293795,171.9749146,2493.375488,1,0.280299991,466.1023865,8.578300476,0.541175187,4,59.8730011,11.96480179,3.531647205,4,5.25972672087898
-145285,1803795,185.298996,413.0682678,2,0.367959172,770.3021851,12.6643877,0.505844474,7,82.23673248,1.067819118,-0.057080775,3,7.1320628299359
-835285,2493795,159.1911163,1226.887695,2,0.319999993,412.7671814,7.190908909,0.408447385,5,58.25454712,9.552035332,2.888450623,2,10.1741679613485
-1145285,2333795,193.9430847,2624.439209,4,0.09244898,641.1582642,1.114745021,0.674819231,4,44.49795914,15.07500076,5.572525024,4,16.9980820225261
-225285,1763795,171.4596252,520.5950928,2,0.319999993,671.0236816,12.32744694,0.539441109,6,80.79361725,3.001107693,0.437042892,1,10.3366012900888
-55285,1713795,184.8394165,414.6082764,2,0.355263144,879.8822021,12.70899963,0.692079067,6,84.35157776,2.746207476,0.377615631,1,12.0076905909139
4715,1563795,191.4432983,256.0459595,2,0.388749987,1028.385986,14.18187523,0.683613122,7,69.06874847,2.3284688,-0.034655999,3,8.70706336144065
-1165285,2313795,161.9228058,2464.550537,4,0.107282609,510.3318787,1.311521769,0.695015132,4,45.81304169,8.796679497,-0.302520216,4,13.0460709461419
-705285,1093795,194.073822,1160.518311,2,0.175151512,382.1990051,15.75878811,0.287512541,5,17.9878788,1.191108704,0.292786151,2,2.48571875891617
-875285,2023795,152.7614288,2534.542725,4,0.291222215,425.9536743,2.636166573,0.439639211,5,47.27666855,4.770760536,0.944972038,2,6.22999270239598
-785285,1163795,128.799469,1104.133301,2,0.430000007,353.8760071,15.37125015,0.211216435,5,65.48999786,0.871844113,0.126611248,2,3.1992797210448
-1135285,1613795,171.5895233,1525.697388,5,0.314606756,191.7635956,12.12219143,0.118058391,5,50.310112,3.239442825,0.24360095,2,2.17826327203783
-855285,1343795,163.4922333,1936.977905,2,0.320408165,418.9482727,10.67724514,0.267537504,6,48.72040939,2.653485298,0.519686043,1,4.21163548453763
-1025285,1903795,199.454071,2325.813965,3,0.209393933,518.6728516,6.474444389,0.571387529,4,55.29090881,21.35246658,1.363746524,4,7.7866249960186
-1165285,1503795,226.4068756,2238.412354,3,0.280000001,343.5722351,8.987096786,0.279092103,4,20.39999962,9.765124321,-8.054772377,4,3.49266191477986
-1085285,1263795,143.6835327,2311.352539,3,0.112499997,418.7080994,9.125849724,0.341888398,4,47.95100021,9.569527626,4.972780228,4,3.87524435526477
-925285,1923795,145.302887,2427.914551,3,0.167600006,422.6733093,5.464250088,0.51078552,5,46.23600006,11.94461727,-3.756630421,2,5.83708070169878
-785285,1383795,148.1123505,1553.232788,2,0.350199997,398.6332092,12.8512001,0.243245736,6,44.72399902,1.992745876,-0.290771544,1,2.92764787717916
-75285,1693795,153.3442535,417.8611755,2,0.353440851,850.1536865,13.07387066,0.655297637,6,85.02258301,1.911907315,-0.112544164,1,11.1398525877257
-835285,2433795,157.9618378,1354.361694,2,0.319999993,363.8808594,7.130979538,0.401663095,6,53.07835007,6.953008652,0.979315996,1,11.3057505773009
94715,1553795,152.0688782,260.2462158,133,0.360136986,1139.668945,14.20397282,0.670638323,7,70.88219452,0.976469398,0.342017442,3,10.0817688569331
-695285,1443795,126.537941,1368.082886,2,0.265833348,405.0809937,13.25239563,0.298522979,6,42.01458359,2.752635002,-3.073763847,1,3.68894760978026
-705285,1623795,157.6757202,1623.356812,2,0.324499995,356.2225037,11.30714989,0.242512047,6,77.41999817,2.395422697,0.442010373,1,8.81241491131391
-1075285,2163795,197.7997589,2157.324463,4,0.324999988,234.5687256,4.984700203,0.207040817,5,38.7480011,7.660159111,2.753539562,2,3.74614241665033
-895285,2103795,146.6334076,2105.870605,4,0.297721505,262.242157,5.860063076,0.439123988,5,45.74303818,2.115856886,-2.009684563,2,4.65877091355042
-865285,1093795,153.8413239,1698.394409,3,0.136899993,425.713501,13.20794964,0.224972785,6,63.92599869,8.726717949,1.920060873,1,5.67714295956053
-1085285,2103795,143.1829681,2277.782227,4,0.304444432,294.0265808,5.076060772,0.284698725,5,39.36262512,4.556987286,2.044353485,2,3.94862230152819
-665285,1493795,152.2127686,1601.619263,2,0.252999991,416.4111023,11.31760025,0.316152811,6,46.35499954,3.06893754,-0.572689474,1,3.03816508198805
-1025285,1693795,190.9389801,3336.523193,4,0.050000001,1131.684692,1.368556619,0.611928523,4,31.67113495,19.0588913,-5.473783016,4,21.9038231765757
-745285,1763795,165.2365112,1659.748779,2,0.258953482,404.8236389,10.60465145,0.335086823,6,62.72441864,1.939236283,-0.235464245,1,5.33641598296713
-655285,2473795,175.3059845,1071.544922,2,0.315660387,400.891449,7.16849041,0.44580555,6,73.18868256,2.244033575,-0.307959676,1,8.67535336852388
-55285,1863795,166.9606476,382.2986755,2,0.363258421,834.8190308,11.53241539,0.680378199,6,77.24269867,2.262236357,-0.142775461,1,12.1359610060587
-775285,1463795,175.8360901,1904.150269,2,0.377799988,477.8981018,9.870300293,0.320663482,6,62.62099838,2.710248947,0.823173106,1,4.83556728101663
-815285,1553795,178.6329956,2974.284668,3,0.185499996,632.5331421,3.933949947,0.558917701,4,39.1629982,17.26514626,-0.120619282,4,10.4614274845969
-875285,2413795,138.5036316,2748.604736,4,0.164742261,647.5196533,0.75865984,0.533720195,4,44.37216568,11.67521095,0.205950126,4,10.5418571766281
-675285,2293795,151.823822,1193.221069,2,0.300606072,378.7536316,8.081717491,0.338838518,6,44.4272728,2.903541327,1.731895685,1,4.9534744420926
-645285,2373795,205.7310181,1840.288574,1,0.297439039,622.4932861,4.12871933,0.640132308,4,62.20243835,5.060513973,3.901763439,4,9.51696580936045
-645285,2383795,175.3112335,1845.179443,1,0.370000005,626.2719727,4.048351765,0.71184957,4,74.00439453,6.611377239,1.945164323,4,11.9397066716417
-415285,1893795,147.3708191,887.8409424,2,0.319999993,537.6782227,10.47091961,0.440130264,6,87.80574799,2.999275923,0.287831753,1,7.87332991843974
-665285,1853795,157.6788177,1651.854004,2,0.239183679,409.4487915,9.113214493,0.359488577,6,53.3795929,4.529510021,-4.249788284,1,3.46228393032314
34715,1743795,197.1350861,330.0685425,2,0.366860479,952.4060059,12.53482533,0.728852093,6,81.92325592,2.214608192,-0.062588304,1,10.0925375384312
-785285,2183795,180.9375305,2409.587402,2,0.175555557,573.3411255,3.477121115,0.53888756,5,40.2808075,9.322118759,2.273192644,2,8.80694874636515
-815285,1323795,162.3994293,1626.764404,2,0.367300004,362.1574097,12.99565029,0.249763742,6,54.29999924,1.75375843,-1.071469069,1,2.75458131997711
-1135285,1103795,139.8185272,1489.775879,2,0.234999999,329.3692932,14.75045013,0.185135573,5,48.85499954,2.51423502,0.073313445,2,1.8889078711497
-755285,1373795,173.3724213,1438.848877,2,0.335799992,398.7496033,13.66195011,0.263064444,6,44.44400024,1.942138314,1.022271633,1,2.84006299347121
-1065285,1893795,175.4165802,2233.055908,3,0.189099997,505.2604065,6.756199837,0.641080797,4,52.84500122,23.22079659,-4.258568764,4,9.12423656715108
-1205285,2153795,175.2411957,2086.51001,4,0.328247428,237.6542206,4.67448473,0.211430147,5,57.2979393,4.840540409,-2.460296392,2,3.91975518596559
-755285,2103795,169.0605774,1968.610352,2,0.357653052,403.0690918,7.18005085,0.373537689,6,55.98775482,5.291854858,-5.826668262,1,9.58269836697991
-665285,1263795,175.3354034,1233.919922,2,0.187222227,441.7946777,14.1920557,0.367379636,6,24.75333405,1.055165052,-0.071619824,1,2.36345338956677
-815285,1043795,158.3751221,1780.171509,1,0.108099997,517.8109741,13.80140018,0.407101482,5,33.59199905,13.46807098,4.657249928,2,5.95758353932058
-375285,1643795,156.7442932,822.2212524,2,0.217319593,572.8473511,12.44933033,0.579417288,7,40.55773163,1.154184222,-0.797832906,3,5.791619298175
-945285,1533795,154.3281097,2245.495605,3,0.374500006,438.6502991,8.581999779,0.398833722,4,61.45600128,9.635529518,-4.394755363,4,5.69195508634521
-985285,1403795,204.8647156,1707.926025,3,0.24242425,257.3227539,12.34893894,0.163516209,6,33.76565552,1.949192524,-3.292852163,1,2.23722158394818
-925285,2073795,206.1423798,2667.732178,4,0.164040402,961.4666748,2.303888798,0.65714407,4,37.92323303,11.5103941,4.074436188,4,11.233065649835
-795285,1453795,153.1221924,1983.726807,2,0.35374999,465.3496399,9.48197937,0.339027196,6,62.73749924,2.43729043,-1.229195356,1,6.04582578547485
-1115285,1213795,178.0333099,2101.033447,1,0.159999996,447.2081909,10.15267658,0.367440432,4,50.27878952,9.236923218,-5.308695316,4,3.37073566318324
-275285,1743795,171.5727692,605.1913452,2,0.319999993,614.6409912,12.46821022,0.461018324,7,81.57473755,1.877770066,-0.371944457,3,7.58727203849118
-1085285,1173795,163.7172089,2129.206055,3,0.155599996,563.5512695,11.30080032,0.446348757,4,40.38800049,17.53183937,0.82323283,4,5.73783255964211
-765285,2263795,154.8755188,1597.853149,2,0.319999993,325.8744507,7.195100784,0.295865685,6,42.62626266,2.831857443,-0.749228776,1,3.62661440071702
-995285,2243795,179.8896942,1971.64856,4,0.330606073,322.7789001,5.828787804,0.269620955,5,47.02727127,4.674510956,3.553563833,2,4.08836169184705
-1075285,1733795,186.9009552,2424.570068,3,0.291443288,546.2576294,5.969278336,0.549623847,4,61.92886734,9.1587286,6.181853771,4,7.00674422383119
-655285,1993795,156.2038269,1434.870728,2,0.241414145,373.1081848,9.02929306,0.381599963,6,48.78888702,1.986101866,0.50554347,1,3.54028990924719
-685285,1833795,160.6568298,1786.523438,2,0.329381436,420.9702454,8.675103188,0.416977942,6,63.4412384,2.556730032,-0.190636575,1,5.02884091625503
-865285,2323795,147.7262421,1675.531738,2,0.332500011,328.0961914,7.001749992,0.303051859,5,50.4620018,6.800573826,3.017621756,2,5.54645210500555
-985285,1813795,181.5487061,2551.84082,3,0.205400005,630.0529785,5.40075016,0.701430321,4,57.97000122,18.82477951,13.57089615,4,16.1842716013223
-995285,2403795,151.5164337,1614.797729,4,0.348787874,259.0441284,7.124747276,0.209457815,5,56.3535347,5.142740726,1.437179208,2,2.86223519768414
-645285,1343795,141.2685547,1330.67749,2,0.280824751,459.6533203,13.60809231,0.329684615,6,51.59896851,2.543166399,0.513849139,1,4.98915216693218
-735285,2463795,149.2628784,1110.114014,2,0.319999993,375.4572144,7.28515625,0.395117909,6,54.02187347,2.340567112,-0.880233824,1,7.28881927265033
-1165285,1473795,176.9178619,2083.265869,4,0.234736845,299.3605652,9.428289413,0.199954048,5,30.41447449,4.636125565,-0.980147362,2,2.03904371623683
-885285,1453795,198.1296387,2385.320801,3,0.227692306,458.4945068,7.956208706,0.474846989,4,36.2142868,11.90383625,-9.058950424,4,5.37597649835107
-1035285,1283795,164.7564545,2119.416748,3,0.153877556,357.2348022,10.49811268,0.217501283,5,48.8275528,3.069023371,-3.261966944,2,2.9599840662487
-1215285,1133795,159.3207092,1264.390137,5,0.336938769,309.6545105,15.82030582,0.159306243,5,57.05918503,1.192869902,-0.977934837,2,1.38561847033425
-545285,2003795,179.6377563,1164.755615,2,0.255051553,452.883728,9.917473793,0.425312281,6,49.48659897,1.645035744,0.147397041,1,3.7884865541524
-75285,1623795,178.8148651,407.0424805,2,0.35857144,918.1380005,13.49461555,0.665176213,6,83.89121246,1.393009424,0.14906466,1,9.90165376173447
-825285,2143795,175.2459869,2068.885986,4,0.296000004,296.7777405,5.443210602,0.236870319,5,39.21263123,2.506275415,0.475472987,2,3.31871444805131
-845285,2383795,162.6138458,1457.778687,2,0.319999993,330.7120972,7.178199768,0.316902518,6,50.88299942,2.632830143,-1.456294775,1,4.74683419026703
-935285,1233795,153.4559021,1762.178101,3,0.189999998,374.243988,13.39795017,0.226213023,5,53.26599884,6.209003448,0.991387188,2,3.39414029330348
-1125285,2413795,187.5103302,2758.684814,5,0.053199999,1049.124512,-0.27214998,0.486556441,4,40.93299866,18.51626205,3.626955986,4,15.6108199080344
-765285,1453795,136.9671326,1775.682983,2,0.341800004,443.6434021,10.78619957,0.314655542,6,61.39599991,2.806522846,1.446469188,1,7.17433354011159
-1115285,1243795,180.0316772,2358.726807,1,0.150000006,450.943512,9.526049614,0.239922181,5,47.29999924,5.334593296,0.932365537,2,3.19121735616439
-695285,2273795,172.8101501,1296.005615,2,0.319999993,357.5682983,7.901836872,0.321013689,6,48.5,3.080448151,-1.14011991,1,4.05617049655163
-405285,1603795,114.9281387,857.6080933,2,0.347127646,515.9942017,12.78265953,0.570506394,7,78.87872314,0.703875065,-0.261058211,3,6.11886967132715
-415285,1563795,183.235199,824.0297852,2,0.177179486,509.0675964,13.36890984,0.466006339,6,25.38205147,1.198914289,1.319730878,1,3.18722220009856
-1005285,2113795,130.7400055,2136.037354,4,0.281599998,221.1269684,5.573800087,0.165611476,5,39.9679985,3.039846659,3.305836201,2,3.02519149405589
-65285,1713795,170.9637756,430.8584595,2,0.363085121,856.4354248,12.73792553,0.685427845,6,84.0063858,2.312563181,0.186526746,1,14.3864859921546
-735285,1023795,203.2640381,956.50354,2,0.150000006,314.7302246,17.56292343,0.22736077,5,30.10000038,1.511955261,-0.165945649,2,1.53381836085751
-725285,2443795,171.3333435,1240.473267,2,0.319999993,404.5885925,7.138549805,0.466505796,6,53.2820015,3.358609915,1.429659963,1,9.17634108077488
-655285,1323795,119.4516678,1374.10144,2,0.312989682,451.6480713,13.73608208,0.321344405,6,57.69587708,1.020594716,0.421749145,1,4.35543559245008
-1095285,1733795,205.044754,1980.29834,3,0.317373723,375.692627,8.676817894,0.233286783,5,62.27676773,6.788077354,4.003260136,2,4.41541935635211
-1065285,2153795,165.6641693,2117.490234,4,0.343737364,236.9465637,5.333787918,0.198085681,5,44.06060791,6.713866234,6.63855505,2,3.36091878952823
-85285,1743795,160.2026825,406.3945007,2,0.319999993,877.2671509,12.76274204,0.619196117,6,83.69677734,1.880864263,0.078873664,1,11.2338632059165
-135285,1813795,176.4009552,450.4816895,2,0.364736855,780.9543457,12.18068409,0.579800785,6,80.3368454,1.731899977,-0.004796916,1,7.08041454578457
-1005285,1793795,139.2188721,2295.626953,3,0.310600013,403.0335999,7.641550064,0.443558514,5,55.47700119,7.495732307,7.068157673,2,6.43993518228948
-995285,1043795,145.3661957,1166.425415,5,0.284000009,212.207428,17.37299919,0.467694342,7,55.76285553,2.004680157,-0.910910547,3,5.18523041950975
-715285,2253795,170.4932098,1471.464478,2,0.319999993,388.7220154,7.562020302,0.347790778,5,46.71818161,4.763756752,0.395811081,2,4.35663077296892
-825285,1453795,155.8591919,2139.194336,2,0.352346927,492.526947,8.6443367,0.394324422,6,66.43367004,4.038752556,-1.860035658,1,5.74588024223406
-695285,2143795,157.4110413,1328.880371,2,0.302812487,361.1993103,8.829166412,0.362254202,6,47.8125,1.130552411,-1.14417994,1,5.01985053494905
-745285,2333795,156.2822876,1459.414307,2,0.299600005,331.5469971,7.08010006,0.297030151,6,47.95199966,2.808314562,0.194384515,1,4.5523488487538
-1155285,1363795,158.2458191,2157.894043,3,0.2359,369.9385986,9.087200165,0.291935503,4,39.0890007,3.881002188,-0.598220289,4,2.99774043382176
-1155285,1163795,191.6373901,1689.362915,3,0.217979804,445.7401123,13.21399021,0.289734781,5,55.59595871,8.102111816,0.846651793,2,2.32712041016849
-675285,2303795,146.2961426,1208.531372,2,0.319999993,361.1152039,8.142550468,0.32560572,6,48.5,3.37809968,2.05685854,1,6.14104030084761
-905285,1083795,168.6440735,1507.061646,2,0.541000009,387.8797913,14.99855042,0.194695443,5,47.55199814,1.232785344,-1.433558226,2,2.20788869673271
-645285,2413795,177.7870636,1376.728149,2,0.291299999,611.3897705,6.99450016,0.662289619,4,60.10400009,11.52210236,0.490368903,4,9.12351399302835
-995285,2373795,139.4408112,1543.664307,4,0.322525263,285.0160828,7.09752512,0.192139313,5,57.6222229,4.803664684,1.435906053,2,2.82781340273781
-765285,1923795,190.3676453,1588.558228,2,0.260512829,347.1810608,10.16717911,0.385846555,7,58.56922913,2.121209383,-0.077095501,3,4.6979155201709
-735285,1383795,136.0414581,1495.25354,2,0.154599994,437.1134033,12.50384998,0.312480778,6,42.75400162,3.626550198,3.625655174,1,2.71160787520718
-635285,1893795,158.7130585,1441.868164,2,0.350412369,392.1870422,9.38386631,0.347081482,6,64.92783356,1.4875983,0.580690086,1,6.23462363779538
-475285,1793795,166.8176117,1032.282593,2,0.420927823,486.5028076,11.18536091,0.431234777,6,82.42783356,1.926933527,-0.914553344,1,6.19288360478886
-185285,1693795,144.4953766,501.9960938,2,0.272553205,739.5158691,13.16930866,0.59396857,7,57.17021179,0.799068332,-0.289204091,3,5.66822066656262
-775285,1883795,143.3726501,1790.18689,4,0.286562502,458.4921265,9.438593864,0.452842087,6,55.296875,6.258621693,-7.160402775,1,5.35083768478875
-1085285,1183795,157.2692566,2091.854492,3,0.197699994,437.7084961,11.65495014,0.389782697,4,41.15299988,14.84180069,-11.1552639,4,5.12895444332234
-1155285,1443795,177.8305206,2120.150635,1,0.235599995,351.425293,9.197999954,0.283749938,4,39.16799927,5.127313614,3.765327692,4,2.72734850803898
-1115285,1523795,191.0241089,1723.921875,132,0.200000003,200.7850952,11.19299984,0.121456668,5,30.70000076,2.047884226,-0.974923968,2,1.62723600627643
-755285,1423795,151.5618286,1471.605957,2,0.276767671,414.5032349,13.11373711,0.27719444,6,42.89797974,2.757028103,-1.045473456,1,3.24307198810152
-1065285,1423795,177.8128052,2081.716064,3,0.278163254,279.2159424,9.871326447,0.192275167,5,42.75305939,2.282444477,-2.249119282,2,2.36558368904893
-645285,1583795,150.8149109,1656.734985,3,0.27759999,412.0230103,10.37310028,0.383541077,4,57.79399872,5.928385735,-0.552247047,4,4.07442919615433
-165285,1863795,156.7393951,460.6585999,2,0.341839075,715.4209595,11.55660915,0.593373001,7,79.80690002,1.327950001,0.290524453,3,8.73654488967842
-885285,1203795,168.3663635,2082.817139,3,0.100000001,494.3582764,10.38479137,0.394540876,4,55.70000076,7.109532356,-2.091028929,4,3.82752347535578
-955285,1663795,177.2045441,3289.118164,4,0.187127665,1279.972534,0.965319216,0.563299358,4,44.98510742,23.75336456,-8.984554291,4,14.4182076664823
-75285,1713795,159.6855164,442.4065247,2,0.359361708,855.1186523,12.76366997,0.66463536,6,83.55744934,1.527587652,0.480947912,1,11.1736195154242
-1165285,1293795,173.0075989,2355.88208,1,0.207272723,454.8521423,7.89823246,0.409454376,4,52.59090805,6.382255077,-0.99240905,4,5.58092805124005
-935285,2383795,170.5621033,1391.165527,4,0.370000005,267.6992188,7.443099976,0.188077465,5,56.20000076,3.402162075,-0.202616796,2,1.6124238927976
-725285,2063795,141.8476105,1849.561401,2,0.179032251,396.7182617,7.519946098,0.409980774,6,44.53548431,1.684892893,0.281550229,1,4.98500582078036
-305285,1753795,170.414032,658.2121582,2,0.298775524,579.40979,12.15275478,0.452244401,6,66.6295929,2.007665873,-1.023893237,1,7.61274178724279
-515285,1903795,145.5784607,1084.990601,2,0.332446814,465.7711182,10.62893581,0.41859448,7,81.32978821,2.686326504,0.525039017,3,6.04012800314637
-895285,2333795,152.4369507,2431.571777,4,0.269292921,582.2647705,2.696212053,0.504411459,6,59.28181839,9.077340126,2.435602188,1,9.61669372919325
-765285,1053795,155.7488861,963.2598267,2,0.364489794,341.7671509,17.15107155,0.234680548,5,64.11938477,1.565727949,-0.290345311,2,2.82796319052478
-185285,1643795,166.9768524,489.1633606,2,0.214845359,769.9724731,13.53907204,0.509065807,7,43.95154572,1.750835299,-0.331004441,3,4.26869658716509
-1065285,2493795,186.6366425,2388.66626,3,0.125773191,542.9314575,3.269639254,0.512386084,4,58.08350372,17.68109703,-6.886166096,4,6.60347616498637
-935285,1513795,170.1080475,2170.259521,3,0.299600005,311.199585,9.150050163,0.271796286,5,50.79700089,6.845067024,-2.90429306,2,5.53968603939366
-945285,2493795,177.1274109,2054.0354,4,0.146200001,576.8850098,4.699150085,0.497753143,5,57.22399902,18.85560417,4.603469849,2,7.66989393360351
-585285,1573795,157.874176,1318.86377,2,0.157594934,430.3843079,12.19538021,0.357195973,5,31.55696297,1.391627073,-1.265028954,2,2.80437396682384
-825285,2113795,155.3613129,2185.873047,4,0.319999993,337.2953186,5.055765152,0.315517604,5,37.95000076,2.145787239,0.67425698,2,4.83880830945204
-1125285,1743795,181.2566223,2062.580322,4,0.25222221,415.7925415,8.877626419,0.302241117,4,52.13636398,10.73017693,9.063464165,4,2.66427119193804
-765285,1643795,162.2297211,2045.321899,3,0.193163261,473.3928833,9.354897499,0.409122914,4,53.65816498,5.228523731,1.503322005,4,3.67076804973597
-545285,1613795,136.0089264,1175.706909,2,0.304226816,439.0875549,12.20572186,0.384544194,7,62.1577301,1.113146901,-0.166550308,3,3.59383176513082
-695285,2463795,140.5016174,1149.246094,2,0.300510198,403.7430725,7.012499809,0.400516182,5,66.5418396,1.765985489,-0.456807345,2,7.54221587594538
-885285,2133795,170.4682007,2101.020264,4,0.294845372,285.0877686,5.3934021,0.292071432,5,45.01237106,4.337317944,0.488892138,2,3.19508472391128
-975285,1913795,219.1362152,2802.601807,3,0.230303034,866.282959,3.428181887,0.688892007,4,57.71515274,17.6662693,8.763790131,4,13.5285016189465
-115285,1593795,148.0205383,380.6983948,2,0.269891292,832.93396,14.16429329,0.56830734,7,64.86087036,0.97938621,0.149893776,3,6.39701891732447
-805285,2113795,164.5621185,2155.435303,4,0.319999993,339.3241577,5.035927773,0.281790167,5,47.69072342,1.648513675,0.197287917,2,4.1994500051478
-1135285,2423795,184.3693085,2600.321777,5,0.195454553,1049.661133,0.828535318,0.548016131,5,45.01919174,12.35984802,3.761816263,2,9.54015650762224
34715,1723795,156.8327789,318.5010986,2,0.354062498,954.2550659,12.59505177,0.722310781,6,82.83333588,1.961924076,0.836354733,1,11.3509849310337
-975285,1753795,169.2318726,2760.902832,3,0.25,390.0877991,4.039899826,0.594548583,4,58.86800003,10.15594482,2.135023117,4,7.12472884154969
-75285,1593795,174.4798584,403.723053,2,0.350898862,903.5283203,13.94752789,0.651779473,6,83.41236115,1.486686707,0.081020549,1,9.54065276396781
-1055285,1123795,161.6079102,1379.431152,2,0.327010304,299.5357971,15.50072193,0.205073074,5,55.40927887,1.926607728,-0.534813285,2,1.50415738833521
-105285,1563795,153.1618805,355.7608643,2,0.458404243,886.9469604,14.57122326,0.548882186,7,71.88935852,1.312871695,0.657464921,3,7.10257723840582
-1065285,2223795,192.7980804,2213.628174,4,0.280999988,296.2163086,2.710200071,0.237623677,5,34.93799973,2.428061008,-0.289418995,2,3.84561791915571
-735285,1053795,205.2099304,1008.206482,2,0.170202017,338.5269775,17.38929367,0.254011601,5,15.31414127,1.548998117,0.458276659,2,0.916283541870155
-1215285,2203795,209.2303467,2286.127197,4,0.283899993,502.327301,3.453150034,0.512501359,5,59.16400146,9.060461044,4.4103055,2,6.40571422998145
-815285,1753795,148.4117889,2214.978027,3,0.034895834,467.5415039,8.405729294,0.480171502,4,38.15937424,18.55958176,-10.73386288,4,8.19022491021392
-95285,1703795,156.6684418,420.4744873,2,0.309870124,851.3656616,12.79590893,0.587176681,7,81.56493378,1.091234565,-0.190132499,3,9.94374382817375
-965285,1713795,197.5728455,3496.541992,4,0.141170219,790.3435669,-0.387819171,0.508306563,4,46.68297958,12.67580032,6.309969902,4,10.9419060828694
-795285,2063795,224.902832,2253.611816,4,0.283913046,322.4271545,5.025271893,0.315021306,5,35.84674072,2.459056854,-1.050731301,2,3.77249906395327
-1005285,1373795,134.6319733,1712.112427,3,0.29285714,225.5880585,12.37239838,0.177862868,5,59.17551041,4.410250187,1.187396169,2,2.66206852754903
-315285,1813795,154.3887787,675.8045654,2,0.319999993,588.4772339,11.54652214,0.5095824,6,78.1782608,1.925947785,0.97653079,1,7.91950627343284
-1175285,2493795,144.4551239,2309.527588,5,0.101414144,964.3856812,1.465201974,0.558058202,5,49.88990021,7.359614372,-10.1949873,2,9.53098450537793
-755285,2303795,154.5322876,1452.995483,2,0.319999993,331.8317261,7.344242573,0.288825512,6,48.51010132,2.250836849,1.285421848,1,4.13841324266822
-1115285,2503795,170.6895752,2484.85376,4,0.141499996,781.3199463,0.610350013,0.544216931,5,51.20000076,13.68838692,5.666543961,2,7.57054691400121
-755285,2323795,142.0749969,1475.757202,2,0.319999993,330.2358704,7.112222195,0.312433898,5,41.43131256,1.857231259,-0.222519681,2,4.88755952865845
-1015285,2493795,193.3196411,1442.085938,4,0.353333324,255.7599792,7.349444389,0.234337062,5,51.83131409,2.974516392,3.913659334,2,2.06419484676502
-1035285,1943795,205.5723724,2034.287476,3,0.200000003,421.3192139,6.857653141,0.364982784,4,51.04999924,8.45651722,0.709813833,4,4.06427984461254
-775285,2353795,150.2632751,1518.554932,2,0.319999993,342.2604065,6.911464691,0.371991843,5,56.58485031,1.724258542,-0.471281379,2,7.35897021262087
-815285,2033795,170.2441711,2653.455078,4,0.205604389,517.3615112,2.889175892,0.519798756,4,36.23736191,7.907987595,-0.796966493,4,8.75129580901033
-215285,1743795,170.7867279,558.5744629,2,0.319999993,698.1558228,12.67556095,0.553136945,6,81.19999695,2.124524832,-0.165870309,1,10.7643004538478
-795285,2083795,185.7667236,2193.731201,4,0.299565226,300.9187927,5.087391376,0.339329481,5,34.86630249,1.184923291,-1.155272603,2,4.1125691234474
-1135285,1203795,161.1647491,2069.127686,1,0.182999998,467.0075989,11.61299992,0.440287918,4,49.94599915,12.88629055,-3.875676155,4,4.69517245439009
-325285,1823795,159.5730743,684.2748413,2,0.319999993,585.4956055,11.49499989,0.496364623,6,77.21958923,1.679920316,-0.441435426,1,7.13337188374556
-945285,1693795,182.4931488,3007.894775,3,0.137999997,397.3119202,2.403578997,0.479801595,6,50.62736893,15.98204517,-3.056370258,1,7.03634135292437
-1215285,2243795,196.0202179,2211.007568,4,0.063500002,587.4343872,3.3276999,0.586790264,5,44.93999863,12.90221596,-3.133819103,2,14.0314441205518
-85285,1573795,158.6434326,362.5110779,2,0.34621951,927.2420044,14.40091419,0.633697748,6,83.99390411,1.843144298,0.75159061,1,8.92502655007534
-1185285,1123795,207.234848,1367.988892,2,0.368000001,333.7792969,15.11874962,0.188365087,5,60.93999863,1.120835781,0.114650913,2,1.09140304342157
-775285,2083795,145.0776672,2350.711914,2,0.159500003,464.4598999,5.210299969,0.404111683,6,34.89400101,4.44687891,-1.065829396,1,7.07103912568466
-665285,1203795,134.3166351,1255.04834,4,0.168799996,423.9926147,14.37520027,0.368883669,5,21.27700043,0.912095726,0.347992003,2,3.2865659396447
-1005285,2463795,140.1008606,1493.817993,4,0.356999993,238.010437,7.175199986,0.173555031,5,53.89199829,6.94206953,-1.479726434,2,3.18364864716604
-945285,2273795,189.742691,1804.815674,4,0.363367349,224.4454041,6.371530533,0.209510759,5,49.13061142,2.134233952,0.509428263,2,1.67099736837966
-1185285,2503795,198.2226868,2119.522461,5,0.112068966,679.0866089,2.248362064,0.514200568,5,50.4758606,2.306729317,-3.13842392,2,7.34333193338481
-915285,1963795,192.8008575,2587.361816,3,0.183131307,590.8966064,3.622424126,0.737252176,4,53.8525238,10.31128788,2.471526146,4,10.0514164497909
-665285,2373795,199.02211,1528.365356,1,0.317200005,467.6571045,6.004049778,0.573027372,4,58.68899918,7.156410217,0.419878125,4,8.12532758535859
-815285,1223795,140.5157013,1384.802368,2,0.342999995,346.3919983,14.36464977,0.215091318,6,64.52799988,2.280665874,0.733736336,1,4.13953719884679
-945285,2093795,192.679718,2298.256592,4,0.311157882,594.3013306,4.814947605,0.485469311,5,50.50737,8.857112885,0.379832804,2,8.51672390236554
-935285,2203795,158.1986237,2046.600708,4,0.290101022,300.1408081,6.09813118,0.261999458,5,44.0979805,7.732358456,-1.869178653,2,2.94018806112911
-405285,1703795,151.0426941,881.5667725,2,0.244897962,489.8145142,11.98372459,0.411502391,7,62.06428528,0.783233821,-0.184849709,3,4.66669359120238
-695285,1883795,126.010025,1594.371094,2,0.246129036,397.1042786,9.592150688,0.335156143,7,49.60107422,1.121906042,-0.796257615,3,3.69472352132362
-935285,2403795,157.7107239,1353.781738,4,0.368499994,258.7972412,7.60559988,0.188814044,5,56.25400162,3.407847881,0.114368223,2,1.84061425531657
-735285,1613795,130.5097351,1775.021851,2,0.296860456,361.1542358,10.92215157,0.438676804,6,67.43022919,1.635013342,0.171970472,1,8.66354704960367
-755285,1453795,169.896698,1680.076904,2,0.321799994,424.3613892,11.41275024,0.317691565,6,59.91500092,4.181107521,1.818178892,1,4.90531580251058
-525285,1963795,123.4939117,1134.016479,2,0.295957446,465.6961365,10.00196838,0.573912621,7,54.87659454,0.930659294,-0.379633427,3,5.9930002882672
-375285,1753795,156.3492279,774.1315918,2,0.311752588,538.0291138,11.93335056,0.426148415,6,81.09896851,1.856536746,-0.512867808,1,5.92698823120631
-465285,1563795,145.4715576,946.9063721,2,0.228235289,469.6905823,13.09343147,0.471527755,7,37.95294189,0.793164849,-0.316210151,3,4.16767390700608
-1055285,1273795,142.11586,2393.93457,1,0.264444441,386.2124329,9.140555382,0.34999755,4,39.70505142,5.222690105,-5.181974888,4,5.09369321677413
-825285,1993795,157.3320465,3084.56543,4,0.055747125,836.1241455,0.79103452,0.647714138,4,38.3873558,12.61287975,-17.33501244,4,14.5637778731918
-975285,2243795,185.0079651,2072.768311,4,0.241818175,307.9287109,5.189444542,0.232950598,5,36.99393845,3.870422363,1.477304935,2,2.56856839951492
-1175285,1373795,154.5360565,2027.271606,3,0.236200005,336.2782898,9.79640007,0.248469621,5,39.13800049,2.893845558,3.601407528,2,2.39842960675625
-405285,1653795,159.4968414,859.8403931,2,0.162872344,517.0588989,12.3571806,0.60764128,7,25.0808506,1.042614102,-0.299427927,3,5.06051136822171
-985285,2503795,180.2422333,1281.560547,133,0.366428584,169.4408112,7.388724327,0.286872953,6,57.57551193,2.478200912,-1.152295828,1,2.78257052046638
-515285,1763795,141.4660645,1181.112915,2,0.342000008,445.4016113,10.99059963,0.362693191,7,84.37000275,1.00417304,0.050969578,3,5.5234520525139
-885285,1893795,163.7202911,2866.08374,3,0.120333336,635.7798462,2.662444353,0.732269168,4,46.34777832,19.35539246,26.86216354,4,16.5920221557193
-255285,1803795,163.8032532,594.2370605,2,0.319999993,648.8126221,11.75675297,0.560107291,6,76.86288452,2.344151735,0.022112444,1,10.7071374147496
-65285,1573795,188.3325348,388.6494141,2,0.335053772,945.4443359,14.1818819,0.659699559,6,82.94946289,2.375039101,0.807888985,1,8.2295217416869
-995285,2433795,171.4758606,1559.67334,4,0.351999998,271.4950256,7.508850098,0.195428416,5,53.82400131,7.92021513,6.125264168,2,2.71161570070664
-1125285,2443795,168.6752625,2610.813965,5,0.058064517,1026.240112,0.247473195,0.522821426,5,44.09462357,10.32616425,9.967957497,2,12.4212424170306
-875285,2143795,171.7987823,2108.372314,4,0.319999993,295.1961975,5.39880228,0.248632535,5,50.31041718,4.277206898,1.051764846,2,3.73654020252993
-735285,1963795,150.3824005,1446.652222,2,0.200000003,353.0329895,9.538000107,0.531123161,7,45.06600189,2.026693821,-1.374234319,3,6.29770024979131
-105285,1703795,131.0856781,434.8266907,2,0.309450537,850.8228149,12.85335159,0.560351074,7,80.62197876,1.133025169,-0.281309247,3,7.27441898674751
-705285,1533795,154.9459076,2047.77417,2,0.38440001,432.7240906,9.249099731,0.380234033,6,64.52400208,2.519253254,1.65490067,1,7.45534417501195
-275285,1823795,171.7389679,579.7706909,2,0.319999993,614.9976196,11.61307335,0.540897608,6,77.6958313,1.738276958,-1.693202257,1,9.27039954402848
-1095285,2473795,214.1379547,2611.608887,5,0.050000001,900.1131592,0.626149952,0.446156085,4,44.77399826,23.68687057,5.305998325,4,15.3195909275198
-1055285,1773795,157.3261719,2687.074463,3,0.211400002,686.8568726,5.791399956,0.747762084,4,57.42399979,10.80233288,-0.855428874,4,11.9147442319248
-605285,2023795,99.87142181,1391.622192,2,0.319999993,437.7270508,8.634444237,0.365768135,7,72.7444458,1.10103476,-0.165878803,3,5.96714916858421
-1105285,1223795,183.2552032,2276.955322,1,0.1153,476.2979126,8.996850014,0.390734643,4,46.96699905,6.047742844,-0.431007266,4,2.81277774083973
-195285,1693795,138.0073395,509.4570007,2,0.218172044,727.2630615,13.16424751,0.54435432,7,45.15483856,0.800775528,-0.033724319,3,4.47444690200801
-1015285,1323795,197.3205719,1834.015137,3,0.148300007,315.2973022,11.84074974,0.184330165,5,47.72999954,4.185869694,-1.675010085,2,2.74664985820352
-575285,1923795,141.1726837,1283.181763,2,0.30695653,434.974762,10.0309782,0.473209471,7,58.64782715,0.754694521,-0.178245306,3,4.3707909728576
-955285,1573795,185.7566528,2335.517822,3,0.324387759,457.7755432,6.366887569,0.474402338,5,68.02754974,9.44546032,-7.752103329,2,7.64182546786293
-1145285,1373795,189.0317078,2140.873779,3,0.224800006,353.4078064,9.18999958,0.238970891,5,41.34400177,2.55574894,-0.075171337,2,2.13132044505996
-745285,2013795,169.0605164,1709.489624,2,0.268163264,394.1181946,8.175816536,0.361783922,6,50.79081726,2.097775698,0.824319601,1,3.30834724762
-725285,1163795,194.499054,1280.564087,2,0.200000003,391.2760925,14.73079967,0.289459705,6,31.45800018,1.435315251,0.460637301,1,1.42665286638137
-785285,1453795,177.2036133,1936.671387,2,0.317900002,470.8272095,9.70775032,0.313968837,6,61.28499985,2.185246706,0.827856302,1,5.03218390759512
-805285,2273795,202.78479,1773.619629,2,0.319999993,298.3070068,6.594099998,0.301817775,6,40.41500092,4.008713245,0.203829452,1,3.55802369390763
-715285,1463795,139.0136871,1701.93042,2,0.355300009,413.3854065,11.20950031,0.288348079,6,55.2159996,2.204171181,0.318391532,1,4.27339706760415
-855285,1993795,157.3471222,2590.92749,4,0.303829789,399.2524109,2.455106497,0.455487967,5,37.46063995,2.696138859,-3.376026392,2,5.92261988321557
-1045285,2213795,137.3249817,2270.549316,4,0.328163266,397.6836853,2.972347021,0.246378511,5,46.11428452,4.789895535,0.991799593,2,5.65053156917375
-865285,1813795,173.3460846,3042.123291,3,0.143434346,457.8104248,2.299848557,0.531823516,4,38.91313171,12.98062897,1.369227409,4,7.54036111753957
-905285,2373795,186.8900452,1522.729126,4,0.406736851,347.0048828,7.198105335,0.315392464,5,63.31368256,5.915344238,-0.625427663,2,5.81107999671665
-665285,1963795,154.667099,1426.941895,2,0.191874996,367.4153442,9.252968788,0.338752657,6,32.27708435,2.448452711,1.233886123,1,2.82786339457026
-765285,1563795,177.5032806,2257.094482,3,0.150000006,523.4577026,7.768181801,0.604495466,4,34.09999847,14.09600258,2.812363625,4,7.17771215537251
-1125285,1493795,138.0765076,1859.714233,4,0.195876285,229.5610046,10.62309265,0.15254952,6,32.79484558,1.530959964,-1.42883265,1,1.62947313910912
-865285,1043795,172.7761993,1228.677612,2,0.114500001,263.1947632,15.94484997,0.18510291,5,68.7539978,2.078569174,0.70995152,2,4.66287887681849
-665285,1593795,147.9494019,1854.146973,2,0.308400005,440.9743042,10.02130032,0.410527974,6,60.49599838,3.544312716,1.452100158,1,6.54115775662248
-805285,2383795,187.9249725,1330.008789,2,0.319999993,332.5795898,7.268949986,0.27782765,6,59.43399811,4.630558968,0.287146866,1,4.93051828515965
-605285,1643795,166.1320801,1403.87854,2,0.263500005,391.4464111,11.64675045,0.306987822,6,57.56200027,2.010834932,0.355269462,1,2.78972817797257
-965285,1973795,162.4582825,2372.723145,3,0.235555559,620.4904175,5.21515131,0.733905315,4,53.8525238,14.14507961,-3.428708315,4,10.9245627944912
-935285,1093795,122.6138992,1244.975098,2,0.371938765,272.4752197,16.67785645,0.188993141,5,57.18061066,1.038609505,-0.974408686,2,0.674167307149847
-145285,1853795,194.4934082,450.7773132,2,0.312553197,742.7406006,11.64526558,0.608313262,7,77.79787445,1.800829172,0.751816332,3,7.9634409208836
-1145285,1293795,189.9453125,2429.719971,1,0.227799997,452.2347107,8.412199974,0.46603477,4,38.87599945,8.704581261,4.096094131,4,5.75553439116664
-255285,1893795,159.703476,636.8364868,2,0.319999993,636.9523315,10.67500019,0.555403054,6,83.01428223,2.297125816,1.972641945,1,11.4188593225812
-785285,1573795,177.1100464,2388.881836,3,0.150000006,515.1345825,7.433450222,0.478471786,4,34.09999847,10.49157619,-3.580318689,4,5.65667245830879
-905285,1363795,157.2592316,1883.510132,2,0.367065221,375.085083,10.3434782,0.33155489,6,55.33369446,1.119993329,-0.298888117,1,3.36929760823007
-1145285,1563795,143.0526581,2051.868896,3,0.144747481,268.3448486,10.08368683,0.182888299,5,51.66161728,9.421661377,-4.08634901,2,2.55648741099206
-1175285,1043795,196.7705841,1401.75293,2,0.29339999,312.0668945,15.63129997,0.195227414,5,56.55400085,4.540472507,1.239033222,2,1.51046707913774
-1065285,1103795,188.2007141,1418.199463,2,0.173199996,303.5925903,15.41495037,0.188251674,5,52.66600037,4.211113453,-0.29526484,2,1.53281503638392
-865285,1103795,143.8036041,1805.621094,3,0.262100011,433.0859985,12.3774004,0.261530548,6,64.10500336,5.32752037,2.076940775,1,5.00218116164382
-1015285,1943795,170.2718506,2209.320801,3,0.226391748,522.2589111,6.129742146,0.572369695,4,55.81134033,14.17547512,0.794309378,4,6.76959891492425
-285285,1823795,146.5253143,589.9249268,2,0.319999993,607.2977905,11.51670361,0.529309392,6,79.40879059,1.938930154,0.50635761,1,9.05632683070727
-1165285,1103795,219.9043732,1506.191528,2,0.340299994,348.4289856,14.45680046,0.193969324,5,60.48500061,2.855187654,-0.509851933,2,1.59622921324001
-1035285,1213795,132.6158905,1529.424561,3,0.167070702,257.6026001,14.39621258,0.170875832,5,36.34949493,4.353213787,3.055878878,2,3.05648657755733
-1045285,2183795,141.5766144,2130.574707,4,0.334500015,286.3667297,4.01154995,0.160863921,5,45.31999969,2.609449625,0.0173718,2,3.73655745974203
-995285,1273795,170.6551819,1459.977417,5,0.1902439,250.4695435,13.93567085,0.233990759,5,37.93536758,3.079055786,-2.62223649,2,2.77281404838404
34715,1673795,176.4396515,314.4286804,133,0.378969073,1017.53949,13.16762924,0.69514364,7,81.44432831,0.98296082,0.148190111,3,12.635855153187
-395285,1803795,131.2042694,880.9246216,2,0.319999993,533.9953613,11.27318192,0.475965381,7,86.57474518,1.457603335,-0.600973248,3,6.61191013881249
-565285,1903795,142.7165985,1271.579468,2,0.154210523,441.647522,10.13994694,0.464441001,6,10.70105267,1.199087143,0.269901872,1,0.924800903677858
-605285,1753795,131.7730255,1366.599609,2,0.264536083,387.6960144,10.51066971,0.344166547,7,57.55670166,1.066875815,0.744243562,3,3.36262106016886
-1025285,1303795,120.0071259,1943.213257,3,0.224199995,335.3102112,11.35785007,0.211839944,5,37.51399994,6.388082027,-1.420102596,2,2.47689404763959
-925285,1123795,201.0445251,1349.877197,3,0.339578956,295.8411865,15.95421028,0.214729249,5,58.3105278,5.024457932,-13.70012283,2,2.24558986181871
-635285,1513795,133.2518158,1513.750977,2,0.33164835,401.2033997,11.61395645,0.373636723,6,58.88791275,1.79198277,-1.370106101,1,5.53070705547144
-845285,2463795,154.5884705,1272.785278,2,0.357113391,413.380127,7.033401966,0.49114126,5,58.33711243,8.470007896,-2.212594032,2,12.8398766192361
-1045285,1173795,180.9528809,1390.76123,133,0.231250003,270.2617493,15.64781284,0.192008287,5,48.1875,4.27260685,-2.582137823,2,2.44259856453674
-155285,1883795,179.1717682,475.316864,2,0.319677413,723.7706299,11.25301075,0.667521477,7,82.95053864,1.178210258,-0.284058094,3,9.37300025332855
-365285,1673795,140.3795624,798.2857056,2,0.352653056,544.3970337,12.46040821,0.386615723,7,79.5938797,0.8452788,0.040064406,3,5.02015715381119
-865285,2113795,164.0707245,2432.19873,4,0.255806446,478.6510925,3.399247408,0.523055255,5,42.42687988,7.148744106,4.533101559,2,10.0495167150756
-1025285,2113795,166.909668,2154.012939,4,0.312400013,193.4416046,5.464550018,0.171001494,5,48.0890007,2.707752228,0.380129993,2,2.74413940548034
-655285,2363795,212.8867188,1656.511597,1,0.307999998,552.0855713,5.330649853,0.638613939,4,58.40000153,9.435522079,6.214481354,4,9.33395839305336
-1175285,1283795,194.6311798,2297.967529,1,0.238989905,480.3418274,8.130303383,0.410631537,4,48.67777634,7.221953392,-4.083530903,4,4.31597303198267
74715,1823795,161.9875183,309.9089355,2,0.30408603,965.5818481,12.3369894,0.751636863,7,77.82042694,3.275732279,-0.723907769,3,11.2746251146625
-695285,2433795,188.2940216,1309.678955,2,0.315151513,456.7722473,7.021717072,0.572873473,6,52.04545593,6.903610229,1.225565791,1,9.45365001203853
-1105285,1763795,170.6339417,1894.50708,4,0.267100006,371.9671021,9.902950287,0.2600995,4,55.99499893,9.177253723,1.193755031,4,3.7620594327337
-705285,2303795,179.188858,1328.953979,2,0.319999993,335.9433899,7.677397728,0.317990571,6,44.56734848,3.222103596,-1.4106915,1,3.16356745377698
-1055285,1623795,204.758194,2042.513306,3,0.229499996,375.3504944,8.829500198,0.309188783,5,58.69100189,4.579066753,1.002837896,2,2.90304570712917
-505285,1723795,119.4452667,1125.859253,2,0.319999993,440.2896118,11.21673489,0.333564788,7,75.5,0.743181765,-0.145889074,3,4.68322692280664
-825285,1313795,110.4359436,1716.932251,2,0.370000005,353.585907,12.3838501,0.263703227,6,55.55599976,1.645848751,0.809737921,1,4.55270410711136
-1115285,1623795,185.2744141,1672.948975,4,0.342525244,257.9104614,11.15535355,0.153419122,5,57.7202034,7.091264248,4.986066341,2,2.17456396563082
-845285,1733795,177.0748444,3128.28833,3,0.180606067,565.9110107,0.972828269,0.552927196,4,39.99192047,24.21357536,30.78271675,4,8.98735972817296
-1075285,2293795,167.6592712,3286.445313,5,0.050000001,785.2564087,-0.990860105,0.361255258,6,57.09999847,17.15577126,9.478258133,1,12.7776635116639
-715285,1513795,127.0036545,1897.096558,2,0.278400004,428.6070862,9.884799957,0.323263645,6,55.49599838,1.594569445,-0.896160305,1,4.67775188164866
-1035285,1983795,166.8291779,1867.185181,4,0.338499993,330.8514099,7.04034996,0.271423012,5,58.63999939,5.288097858,-1.213826299,2,3.75555758844237
-855285,1663795,134.4729309,2298.688965,3,0.120408162,191.3974457,5.440867424,0.248395488,5,28.64489746,0.920268774,-0.06745518,2,1.65333986580005
-895285,1383795,212.1930542,1943.867798,2,0.341649473,395.5144653,10.05010319,0.238600567,6,58.69690704,1.387500644,-0.814772666,1,3.45296782168727
-1005285,1063795,129.4634247,1197.335449,5,0.238404259,229.1813812,16.9752121,0.377307415,7,45.56808472,1.543141246,-0.133567005,3,5.03565725714482
-755285,1933795,170.3019257,1524.012939,2,0.249397591,343.7324829,9.815602303,0.430599153,7,51.24939728,1.220252156,0.084983543,3,5.96556629929777
-1115285,1133795,196.4163818,1727.318237,1,0.236399993,392.5841064,13.48950005,0.216928273,5,55.16799927,6.554555893,1.023796916,2,2.33201043744731
-75285,1843795,144.6854248,409.8943787,2,0.367959172,817.6967773,11.89398003,0.645664573,6,77.02040863,2.035367727,-0.309328407,1,8.91105988492578
-985285,1843795,140.7203827,2641.168945,3,0.278333336,662.5159912,4.27609396,0.81185317,4,61.82500076,11.20822334,2.030616999,4,10.7307030959598
-325285,1843795,168.9551392,704.3589478,2,0.319999993,568.2875977,11.38263416,0.488581717,7,82.89892578,2.117360353,1.232658982,3,4.37981444409335
-615285,1613795,137.9876251,1537.715698,2,0.308762878,420.1619873,11.15933037,0.30978173,6,62.72886658,1.596194386,0.75648886,1,4.04123319330529
-235285,1633795,156.9308472,580.2527466,2,0.200105265,682.9679565,13.43073654,0.522606492,7,42.87894821,1.189657807,0.388649583,3,3.7944296927506
-1005285,2013795,206.1681824,1925.017944,4,0.237100005,384.7384949,6.159599781,0.298418373,5,21.07999992,4.627315521,1.268170834,2,3.11839364050333
-905285,1043795,170.0943604,1551.273804,2,0.478500009,335.5466919,15.21030045,0.196069807,5,47.17100143,3.235146284,-2.470181227,2,2.9881968579436
-815285,1123795,147.6311951,1270.737671,2,0.329090923,422.5432434,14.95045471,0.229322135,5,64.92121124,1.687920809,-0.321521908,2,3.16311696466001
-685285,2433795,179.3179626,1280.361206,2,0.297731966,465.7322083,6.991546154,0.550658882,6,49.27732086,6.455912113,0.075021483,1,8.63904319410889
-735285,2433795,173.9225006,1197.504639,2,0.337857157,355.9453125,7.245816231,0.39801991,6,53.85612106,2.305238247,-2.268516779,1,7.47297853730454
-665285,1783795,150.5432281,1623.789917,2,0.201030925,376.6494141,9.261752129,0.333930314,6,41.28350449,1.704895496,1.180898547,1,2.73616870390012
-985285,1783795,225.4260712,2865.287842,3,0.204899997,469.4661865,3.893349886,0.746843994,4,57.77700043,13.27379513,5.244421959,4,11.1946207316534
-1085285,1493795,149.6277924,1940.172119,4,0.33039999,233.9068604,10.0760498,0.146705106,5,38.29999924,1.850465417,-0.447337449,2,1.66858303962127
-1015285,1193795,164.8430634,1464.004517,3,0.292600006,284.0752869,14.65779972,0.168994278,5,43.2120018,1.274634361,-1.383280516,2,1.85943458802161
-815285,2493795,131.5143585,1183.645874,2,0.319999993,409.553009,7.479499817,0.395165801,6,55.59999847,5.211647987,-6.851065636,1,10.2927869429102
-185285,1703795,186.9005737,518.9393311,2,0.329677433,733.1299438,13.10026836,0.526044607,7,80.87526703,0.976250708,-0.465272009,3,8.42037294838266
-1075285,2213795,206.5019684,2126.953125,4,0.319999993,249.23526,3.064444542,0.214036509,5,36.58282852,1.591524839,0.523285508,2,2.9343747483859
-1075285,1533795,182.1555176,1856.479126,4,0.296400011,230.6396942,10.27404976,0.137695134,5,41.59799957,1.595405698,-1.069252849,2,1.37095979330808
-1135285,2233795,146.7595215,2176.875977,4,0.319999993,257.1452332,2.216200113,0.187297687,5,36.40000153,1.456077933,-0.282913536,2,3.17668913427033
-835285,1973795,208.6996155,3236.401367,4,0.081369862,946.159729,-0.922534227,0.549443781,4,35.64520645,21.63482475,3.302129745,4,15.952702850149
-1045285,1733795,159.8789215,2600.526855,3,0.27030611,561.2729492,5.230000019,0.590862393,4,62.50714111,13.88108063,8.980784416,4,9.56829064135737
-825285,2273795,178.045929,1704.086914,2,0.2469697,332.5235596,7.144949436,0.317643881,5,31.44545364,1.702584982,-1.434997797,2,3.89340565130409
-705285,1493795,135.7098694,1766.600464,2,0.328888893,413.2132568,10.4953537,0.309430689,6,61.55252457,2.25227356,1.33969605,1,6.27962974812501
-1105285,1113795,205.2151031,1503.203613,3,0.289299995,323.7661133,14.57139969,0.17189686,5,50.99499893,1.467849731,-0.070569776,2,1.69549188506502
-1095285,1833795,179.9153748,2591.19043,3,0.200000003,562.7242432,6.147424221,0.681865573,4,48.12121201,8.415553093,10.1651659,4,9.43407072518076
-855285,2493795,183.0029602,1123.36731,2,0.342999995,320.6530151,7.055900097,0.411308676,6,54.41400146,3.29564023,-0.348766685,1,6.55385538383457
-875285,2253795,127.5277557,1776.729248,4,0.275599986,311.3146973,6.973149776,0.280084074,5,37.66799927,3.024594784,0.156028196,2,3.11676929682001
-1085285,1733795,190.8130493,2218.939453,3,0.315499991,429.9039917,7.541950226,0.376553863,4,53.39799881,9.391131401,-10.52723885,4,5.27142556417347
-425285,1863795,154.0845947,933.8959351,2,0.319999993,539.3425903,10.66106415,0.45379287,7,87.80638123,1.733347535,0.654684782,3,6.49189434115542
-1165285,2463795,138.0833282,2494.662354,5,0.16239436,925.7050781,0.534507096,0.597216427,4,53.77746582,6.332470894,4.525408745,4,9.48149895167785
-825285,1913795,195.245575,3295.3125,4,0.072906978,788.3989868,0.812267482,0.569622874,4,36.44418716,20.21993637,-6.48906374,4,21.1609805292134
-645285,1443795,145.4098206,1395.936035,2,0.295353532,398.1016235,12.65777779,0.293814987,6,59.32727432,2.037062645,0.50580281,1,3.05214502029182
-1105285,2353795,180.7636261,3057.517822,5,0.050000001,741.2575073,-0.321902126,0.516077578,4,57.09999847,10.96317768,9.62707901,4,14.6960461748161
-995285,1983795,174.5011139,2079.105957,4,0.263599992,445.2799988,6.242650032,0.365387231,5,47.16799927,7.465858936,-1.405855894,2,4.80007662311496
-665285,1753795,171.3477936,1468.140137,2,0.28347367,323.7821655,10.52521038,0.286450297,6,59.32842255,1.487939954,-0.560813904,1,3.21199571344553
-665285,1423795,176.3282623,1369.849609,2,0.163000003,422.6216125,13.06725025,0.315092087,5,19.77499962,1.507400393,0.452944547,2,1.4850269529493
-1115285,2253795,180.9086914,2196.853027,4,0.309199989,284.851593,1.964249969,0.214856043,5,39.70299911,2.052782536,0.908677757,2,3.69483163878392
-715285,1843795,138.7529907,1919.356201,2,0.219285712,485.8979797,8.570051193,0.439781666,6,41.32347107,3.255714655,2.392041445,1,5.42332660237086
-965285,1313795,239.3067017,1724.655396,5,0.184,277.9775391,12.89354992,0.198826641,5,23.55599976,5.065470219,-4.60572958,2,2.67092052524196
-925285,2473795,172.7027283,2707.850342,4,0.24070707,803.7601929,-0.092070758,0.538805008,4,59.2797966,15.23138905,17.98694992,4,10.67500016572
-995285,1873795,190.4120941,2358.116211,3,0.280000001,560.2338867,5.859796047,0.630654573,4,60.20510101,12.25690556,-1.982068658,4,6.98734183328988
-755285,1473795,159.8567505,1844.076782,2,0.402399987,439.5881958,10.28104973,0.329563797,6,67.43800354,2.769522905,0.825163066,1,6.14579280041123
-685285,1273795,170.9189911,1260.901733,2,0.168673471,434.2969666,14.21448994,0.31632787,6,18.41020393,1.081498146,-0.419315517,1,2.1716763450223
-725285,2083795,142.7112427,1793.143066,2,0.186597943,404.3312683,7.710464001,0.38695243,6,40.11649323,2.011137486,-0.457229227,1,5.38655390854437
114715,1683795,160.5391998,262.9186707,2,0.41443038,1069.202148,13.22645569,0.748559117,7,78.02152252,1.716962099,-0.865472436,3,10.887473905326
-695285,1863795,158.125885,1715.844971,2,0.265151501,423.6802063,9.304292679,0.364685655,6,51.81111145,2.999830008,0.347104102,1,2.88504475750879
-885285,1643795,114.4916458,2377.152588,3,0.176333338,216.7957306,5.350222111,0.513533771,5,41.62444305,0.845252275,-0.719831228,2,8.75112930199635
-675285,1113795,140.2532501,1155.677612,2,0.248080805,415.1865845,15.64126301,0.308883578,6,57.22626114,0.995624185,-0.140349925,1,3.53827535626217
-715285,1293795,191.1795959,1322.355103,2,0.285858572,400.4826355,14.18964672,0.281966388,6,32.65757751,1.611079454,0.311176538,1,1.94357881219599
-695285,1613795,183.8174438,1607.266846,2,0.361499995,349.9059143,11.25035,0.277829498,6,61.13999939,4.732041836,-0.672432601,1,6.71826622108699
-1125285,1383795,187.0287323,2248.229248,3,0.236000001,382.1731873,8.262649536,0.283581167,5,42.47999954,2.498489618,-0.155275404,2,3.09393763949251
-805285,1943795,140.243515,2971.458496,4,0.063978493,748.7426758,2.313817263,0.641608953,4,37.36666489,14.57485008,-0.400832862,4,15.3003098747641
-775285,2293795,177.5891113,1552.317749,2,0.319999993,315.6401978,7.069950104,0.327942163,6,37.76200104,2.960638046,2.470831156,1,5.56222422850832
-1215285,1083795,188.7643127,1334.397827,3,0.156200007,302.1951904,15.90974998,0.170148715,5,53.40800095,5.075994015,4.035972595,2,1.80949677214868
-1155285,1503795,175.3954926,2329.462402,1,0.264800012,415.9725037,7.887300014,0.418136328,4,27.35400009,8.724598885,4.844608784,4,5.10614373204607
-1155285,2493795,219.5293884,2468.207031,5,0.221914887,823.2817383,0.550691426,0.610749602,4,57.51808548,4.404723644,-1.633400679,4,11.5925884618048
-715285,2413795,150.6874542,1316.531494,4,0.319999993,396.3244019,6.962800026,0.465965509,6,48.5,2.870200634,0.921231925,1,8.62349715264483
-965285,2293795,193.1631012,1615.61438,4,0.363999993,198.2127991,6.750850201,0.203134656,5,43.0359993,1.906073093,-0.571222007,2,1.49464925449243
-885285,1303795,181.7184753,1945.538452,2,0.345454544,386.654541,10.72636318,0.265449613,6,52.79697037,1.059117556,0.041029923,1,3.59907397162877
-535285,1843795,152.8819427,1224.552124,2,0.323225796,455.9975891,10.4796772,0.454218566,7,74.01720428,1.7148242,-0.67076993,3,5.28072299447344
-865285,1193795,165.1439362,1880.139893,3,0.150102034,425.2340088,11.77030659,0.359176427,6,58.30816269,12.87883759,4.115732193,1,3.93660886499517
-1065285,1943795,182.9709778,2304.291992,3,0.214000002,487.8183899,6.271850109,0.502811313,4,54.3730011,14.49671459,5.825610638,4,5.7003848384784
-955285,2033795,223.4334869,2537.831299,3,0.229300007,912.3250732,3.055599928,0.744704306,4,56.32799911,9.695222855,6.073629856,4,13.9875983987579
-965285,1083795,153.63237,1227.103271,5,0.185599998,260.8534851,17.00015068,0.173917174,5,23.58399963,1.075634241,0.3181566,2,1.33789846032505
-405285,1833795,141.5144196,909.5773315,2,0.319999993,526.7962036,10.98627663,0.555369496,7,88.39893341,1.221980095,0.236160025,3,7.31640158147277
-795285,1343795,138.8569946,1528.099731,2,0.365999997,372.5185852,13.49400043,0.253817677,6,52.31600189,1.543439269,-0.635306239,1,2.8921010800684
-155285,1703795,154.8188934,467.1307678,2,0.370000005,798.6747437,13.18599987,0.524788797,7,79.71052551,0.854089618,-0.303536743,3,5.77651886694081
-615285,1713795,148.3750458,1294.702637,2,0.201734692,359.2519531,11.34510231,0.305340827,6,54.38775635,1.141215444,0.384502381,1,2.06660381262081
-1105285,1263795,179.4967651,2177.453613,3,0.172800004,361.4262085,9.244700432,0.214286774,6,65.86199951,5.037043095,-0.217662558,1,3.76019936618019
-945285,1073795,160.3908844,1266.166016,5,0.322100013,282.0221863,16.86174965,0.190877825,5,55.63000107,1.3052423,-0.75619483,2,1.19638419190702
-805285,2353795,197.5023956,1433.05957,2,0.319999993,342.9601135,7.249199867,0.289072275,6,58.44499969,3.903495073,1.138311386,1,4.89573816170371
-675285,1383795,161.2634888,1198.271362,2,0.292315781,422.9801636,14.28936863,0.309455425,5,46.96631622,2.251861572,1.466003418,2,2.26065847897965
-775285,2473795,182.7796936,1172.341797,2,0.319999993,379.0404968,7.302050114,0.392638266,6,39.59999847,6.011797905,-2.441838026,1,7.80078065179847
-855285,1073795,166.4131317,1289.922363,2,0.334500015,300.6705017,15.71829987,0.196442634,5,70.42900085,2.89114356,-5.114785194,2,5.49072055816283
-515285,1913795,156.336441,1096.857544,2,0.206444442,465.2037659,10.61805534,0.454814702,6,34.05222321,1.843621254,0.148615003,1,3.62336410814273
-875285,1563795,158.1513062,2461.478516,4,0.169599995,377.7452087,5.621650219,0.321444124,5,67.55999756,3.54441762,1.016263962,2,5.36398503551811
-435285,1593795,163.4936523,872.5042725,2,0.219696969,488.4666748,13.02691936,0.500092506,6,39.72828293,1.736741662,-0.513522625,1,3.40578472434451
-725285,1973795,175.210556,1444.363525,2,0.240439564,344.7846069,9.479724884,0.608789384,7,52.71538544,1.053504229,-0.490267515,3,6.25185767307037
-765285,2053795,151.1268005,2227.076904,4,0.219795913,435.8857422,5.83117342,0.421613902,6,39.78367233,6.013985157,0.078811839,1,7.63816899765555
-555285,1883795,149.2552795,1251.873657,2,0.150000006,451.2077637,10.22770786,0.403975636,6,9.800000191,1.336261749,0.311862379,1,1.74264556949702
-1025285,1073795,151.5900116,1309.431274,2,0.284000009,247.7461853,16.29064941,0.186158419,5,40.88000107,0.967532456,-0.545899689,2,1.52697854669109
-1185285,2083795,116.3432236,2586.00293,4,0.315555543,432.6534424,3.043888807,0.398326457,5,46.44444275,3.910326719,-9.509677887,2,8.0232202727748
-915285,1283795,190.4851074,1922.628174,2,0.209999993,407.0308228,11.39368725,0.24061361,6,34.80606079,1.957561255,-0.935147345,1,2.98646035611091
-905285,1143795,204.0808868,2558.306885,1,0.339381456,702.7451782,8.309896469,0.691576481,4,60.56391907,14.74432659,6.183822632,4,12.8743756825589
-595285,1603795,120.7075348,1428.317627,2,0.247525766,430.4047852,11.8527832,0.338790685,6,50.22474289,1.165106773,0.086746894,1,3.67378925305762
-585285,1703795,163.2111511,1173.422729,2,0.324210525,377.8712158,11.68536854,0.540917873,6,73.39789581,1.381721377,-0.266121387,1,6.84986160091453
-965285,1673795,202.4828491,3334.795166,4,0.092142858,1076.905151,0.808061302,0.573643446,4,47.85203934,20.80792046,-6.950119972,4,17.0493789910333
-585285,1613795,133.326416,1367.865479,2,0.319782615,431.5834656,12.03663063,0.322731376,6,65.43151855,1.343380928,0.306645364,1,4.40562170483152
-765285,1403795,144.804184,1444.036987,1,0.342626274,380.3562622,13.51797962,0.272280127,6,42.8050499,2.589679241,-1.726109147,1,3.85588303553856
-815285,1993795,197.2989502,3240.596191,4,0.066470586,715.4359741,-0.512647092,0.599645197,4,37.05764771,12.68136406,13.01551914,4,16.6787741965484
-575285,2023795,148.6075897,1293.812256,2,0.319999993,469.9523315,8.861249924,0.368863076,7,72.95833588,0.942772269,-0.891225994,3,6.51560534060222
-1185285,1273795,175.817627,2277.748779,1,0.196161613,479.5886841,8.349596024,0.493096232,4,51.71717072,8.067428589,-4.16910696,4,4.374879926715
-265285,1813795,179.9578857,605.1950073,2,0.319999993,631.7251587,11.71135426,0.52018398,6,79.58750153,1.7611233,-0.359264493,1,7.68512148641777
-1105285,1833795,185.337326,2453.764404,3,0.200000003,597.5567017,6.323550224,0.672918081,4,48.2820015,7.344901085,9.067723274,4,10.0026012419341
-815285,1523795,181.7651825,3009.342285,3,0.268599987,663.1779785,4.028749943,0.618941188,4,54.13399887,10.73528957,8.597022057,4,10.6869940351736
-855285,2473795,173.7955475,1200.339111,2,0.333636373,387.8337708,6.973295689,0.465711236,5,58.46250153,6.427920341,1.111960292,2,11.3230473647318
-875285,1153795,177.8397369,2141.182373,1,0.093000002,565.0720825,9.74960041,0.498729646,4,65.23300171,10.25241756,1.294916153,4,4.65542231927854
-985285,1933795,203.9443665,2616.686035,3,0.280000001,687.4896851,4.181749821,0.771853268,4,54.69300079,14.60657978,1.937003613,4,9.03322399422919
-935285,2023795,173.5882111,2558.969238,3,0.209191918,787.5316162,3.607171774,0.762379527,4,55.39090729,9.119882584,0.19950445,4,11.557972469014
-275285,1763795,133.6295013,610.0025635,2,0.319999993,602.2418823,12.1604948,0.421997339,7,78.64066315,1.049248219,0.454387516,3,6.59484503756206
-975285,2063795,195.1487427,1953.613403,4,0.310947359,296.7877502,5.828999996,0.316479415,5,49.41052628,3.573172808,0.98454088,2,3.52637465788777
-675285,1243795,146.7841644,1284.613892,2,0.2890625,434.1292114,14.21703148,0.264781445,7,50.40312576,0.89741379,-0.27286163,3,3.11662040284884
-5285,1563795,177.9523315,270.4343567,1,0.352065206,1023.416626,14.21000004,0.728297234,6,68.72826385,3.368963003,-0.548478007,1,10.696463119039
-1125285,2463795,219.9386597,2555.27002,5,0.05886076,821.1797485,0.373797655,0.597652197,4,47.56962204,10.33043766,7.481805801,4,17.2236115617423
-365285,1623795,148.6866608,812.8740845,2,0.319999993,557.5430908,12.51021099,0.408339053,7,78.89157867,1.337633848,0.186789781,3,4.41668717388281
34715,1663795,131.4298096,311.0188904,2,0.333124995,1029.771118,13.34958363,0.707829654,7,80.60416412,0.992586613,-0.450367153,3,10.4191949036537
-1045285,1753795,191.8587189,2670.079834,1,0.251800001,620.414978,4.969950199,0.668856442,4,59.62200165,6.93324995,2.378023386,4,12.1259694369505
-1045285,2053795,193.3879089,2069.964355,133,0.306400001,325.9877014,6.579800129,0.173304051,5,39.18700027,7.004333019,-0.53411442,2,3.02322888082136
-775285,1843795,166.2924194,2429.636963,3,0.140816331,623.487793,6.792040825,0.630088031,4,32.1591835,13.69446754,11.59379482,4,10.0869780393029
-1135285,2283795,168.7035217,2182.154541,4,0.370000005,282.1200867,1.750489116,0.358367324,5,55.45326233,3.035772562,-0.097469173,2,4.90913607630973
-45285,1833795,187.4674683,401.1731567,2,0.366391748,881.0901489,11.87798977,0.694201708,6,81.22164917,3.500187874,0.137125254,1,10.2313715081776
-815285,2433795,153.9262695,1284.297363,2,0.319999993,357.9147034,7.094049931,0.342723906,6,53.99000168,7.057100773,-0.171059027,1,8.22732363424806
-955285,1513795,110.2962875,2517.478027,3,0.252371132,538.8876343,7.384536266,0.5326702,4,53.0917511,7.052065372,-1.5664891,4,9.62565501588303
-1035285,1593795,158.3917389,1868.475098,4,0.050000001,313.3208618,9.934511185,0.235080302,5,57.87608719,7.247843742,3.911759853,2,5.56999104246105
-905285,1513795,190.6749878,1944.768311,3,0.25818181,294.3949585,9.971767426,0.199668273,5,44.84646606,4.649001598,-0.721458972,2,1.86583245716245
-1135285,2143795,148.8392029,1919.08728,4,0.324787229,208.7986145,5.693351269,0.155671045,5,38.81276703,2.262389183,-0.518212318,2,1.91178364923033
-775285,1313795,126.9826813,1397.137939,2,0.276800007,362.249115,14.14710045,0.268140346,6,29.00399971,1.878397584,-0.94765842,1,2.28023226403173
-1065285,1043795,197.3325653,1258.19043,5,0.287699997,253.0762329,16.76930046,0.165857166,5,43.7840004,1.573626876,-0.702869833,2,1.11764079863064
-685285,1823795,163.0281982,1820.977173,2,0.304848492,426.9738464,8.605707169,0.414711535,6,61.40505219,2.452696562,-1.011021256,1,5.79189368962342
-485285,1753795,143.241745,1084.590942,2,0.365099996,468.5568848,11.34490013,0.48117575,7,83.86599731,1.226119399,0.131493583,3,5.85716695958558
-775285,2303795,179.777298,1531.682495,2,0.319999993,330.0467529,7.146989822,0.328120142,6,39.06938934,3.036527634,1.179034472,1,4.73231161806514
-765285,2463795,180.7980194,1229.339478,2,0.319999993,414.7854919,7.304550171,0.386039317,6,56.42699814,3.776604652,0.491699219,1,7.765296629239
-775285,1823795,197.7798157,2627.365234,3,0.150000006,636.2107544,5.178775311,0.591524243,4,34.98163223,8.785512924,-0.356244892,4,10.6848143865539
-865285,2433795,145.4174652,2057.226318,4,0.269800007,440.2484131,4.584350109,0.589030921,4,43.70899963,13.59292221,-10.08422089,4,10.9128993091209
-1055285,1663795,187.5574951,3160.204346,3,0.0548,1127.573975,1.511950016,0.550934374,4,13.95100021,26.5572319,17.6072998,4,17.4397569715674
-685285,1183795,148.3633423,1282.711304,2,0.1655,407.8518982,14.43844986,0.34064278,6,31.19400024,0.82758671,-0.170110717,1,2.51692645284126
-855285,1353795,144.3262634,1935.345459,2,0.290909082,435.2245483,10.58090878,0.285468161,6,44.12121201,2.438324451,0.135864481,1,4.10470588097402
-445285,1863795,176.0390015,982.3104248,2,0.319999993,527.3786621,10.71793842,0.439819366,6,83.76494598,3.038093328,-0.200555697,1,7.27427222449928
-845285,2373795,155.5334167,1503.862183,2,0.319999993,347.9237976,7.352244854,0.318647206,6,51.74081802,3.074069738,2.184973955,1,6.53016988997093
-875285,2263795,143.6841583,1774.355469,4,0.32980001,311.3067017,6.890649796,0.271965414,5,48.51300049,3.9322927,0.837902963,2,4.09939858249657
-755285,2393795,154.137085,1423.637451,2,0.319999993,420.3873291,7.030781269,0.395028532,6,55.27604294,3.293798923,0.413267106,1,7.06895251518074
-995285,2293795,144.1681213,1530.004395,4,0.35311687,197.7225952,6.649285793,0.335942924,5,44.43246841,1.547224283,-0.771294892,2,4.15753695030633
-1055285,2083795,157.6779022,2212.328613,4,0.319999993,305.833313,5.872350216,0.175667107,5,36.40000153,2.435397863,1.57270205,2,2.87077735730529
-1125285,1243795,151.7753296,2334.665771,1,0.166299999,432.6304016,9.594650269,0.283077896,4,48.37400055,7.092346191,2.031699896,4,3.8502420944502
-975285,1073795,121.9715958,1266.221069,2,0.247171715,262.3217163,17.2192421,0.187152058,5,45.46767807,1.59820962,-1.73677063,2,2.09167100505857
-695285,1703795,144.3380585,1354.815063,2,0.306585371,286.4558411,11.63329315,0.453714907,6,72.19634247,1.211493731,-0.859315693,1,5.74542920732562
-935285,1903795,171.1378174,2191.965332,3,0.170638293,389.2093201,6.590691566,0.367026478,5,37.07127762,16.77920914,15.6271143,2,3.66559659264809
-1215285,1023795,170.9076385,1591.180908,2,0.103600003,424.9837952,14.27880001,0.243449926,6,59.17399979,2.513181925,-3.156573296,1,3.4686041423447
-195285,1683795,156.1482086,512.3052368,2,0.231034487,739.1436768,13.22666645,0.527659178,7,43.08045959,0.912723362,-0.564743459,3,4.47384610738973
-5285,1773795,169.6351318,359.6390991,2,0.321595758,914.8045654,12.26813793,0.717090428,6,81.98616791,2.840875387,1.319116354,1,13.4759372789767
-865285,1963795,183.7385254,2867.77832,4,0.11354167,637.9448853,1.626302123,0.681721926,4,39.84583282,18.11310005,10.40790558,4,16.7001958476207
-595285,2003795,148.1136932,1243.692017,2,0.285714298,434.168457,9.406373978,0.445056289,6,59.80109787,1.663635373,-0.709662855,1,5.46052089450832
-675285,1853795,167.9397278,1682.100464,2,0.305806458,409.3686829,9.131343842,0.383195162,6,58.71505356,1.977341056,0.96739012,1,4.13354244834494
-1165285,2443795,180.8307648,2366.419922,5,0.254687488,1120.152832,1.777760386,0.599284172,4,56.73541641,6.117370129,-0.339584649,4,10.757720154466
-845285,1773795,189.7161102,2823.721924,3,0.109081633,358.1782837,4.248877525,0.516352892,4,48.03163147,16.27841377,-7.106035709,4,6.95865781190535
54715,1623795,154.2024384,288.1532898,2,0.29280898,1084.567017,13.64230347,0.703651965,7,79.37078857,1.292756677,-0.07862965,3,9.46682019816108
-695285,1023795,126.4084091,983.2102661,2,0.170000002,315.0067749,17.15328217,0.254607528,5,9.899999619,0.899243355,-0.023990117,2,1.77037788245109
-1035285,1033795,165.5847778,1292.003418,5,0.213400006,246.7758331,16.81285095,0.164901167,5,34.38600159,2.760085344,0.360606641,2,1.6187511173209
-1085285,2143795,203.9560242,2006.364136,4,0.330215067,239.0281677,6.085914135,0.161044717,5,41.54838562,5.188127518,2.488618612,2,1.946601076815
-905285,1563795,172.6942444,2932.943604,3,0.263673455,692.9017944,2.979336739,0.626040637,4,57.8571434,9.895325661,-1.087241411,4,10.3640474780539
-1015285,1313795,160.2071838,1778.808838,3,0.143199995,290.9236145,12.36120033,0.179327428,5,45.58399963,4.884310246,-6.474777222,2,3.16437528147044
-975285,1963795,170.8001556,2635.313477,3,0.269600004,719.0991211,4.231349945,0.77071768,4,58.35300064,11.22501659,3.555981874,4,11.2041666442299
-705285,1333795,159.3623199,1441.505981,2,0.291578948,456.1929016,13.22968388,0.286497504,6,54.52736664,2.342054844,1.661821365,1,3.52943089112831
-1085285,1283795,199.7839203,2159.768066,5,0.1752,331.5172119,8.939249992,0.216277137,6,16.10400009,1.875958681,0.114731774,1,3.6357508231313
-55285,1633795,187.1682281,455.1555176,2,0.370105267,915.5762329,13.25747395,0.706736982,6,82.98736572,1.480519772,0.199591324,1,11.1859882991542
-1105285,1193795,205.805603,2434.833984,1,0.2456,607.6561279,10.46640015,0.532958746,4,55.59199905,13.73164845,-5.27641058,4,7.51824530013964
-765285,2283795,171.2657013,1532.213257,2,0.319999993,306.6234131,7.281400204,0.307472229,6,45.33000183,2.409289122,0.348004252,1,3.02481070684575
-505285,1973795,117.751236,1095.951904,2,0.319999993,456.740387,10.04637909,0.485015899,7,69.91724396,0.67909497,-0.764673769,3,6.21598230817989
-1015285,1963795,188.1256561,2050.951416,3,0.241999999,469.2149963,6.661449909,0.458483785,5,55.08200073,13.72124386,0.738502204,2,4.95167080222144
-265285,1723795,175.7969971,613.2282715,2,0.319999993,640.2704468,12.6675787,0.509882748,7,81.54210663,1.260945439,-0.39151904,3,7.64454366957222
-965285,2033795,182.5796814,2117.37915,4,0.273900002,441.9544067,5.56430006,0.423254371,5,51.31399918,6.171863556,-0.725036025,2,5.2036007883915
-1115285,1223795,174.4923096,2192.513428,1,0.1391,442.993988,9.092949867,0.351706296,4,47.33000183,8.080985069,-0.421570003,4,1.44988726928225
34715,1583795,176.768692,259.4860535,1,0.378842115,1088.281128,13.92105293,0.709982932,7,74.83368683,1.68409884,1.070266247,3,10.0983951831607
-785285,1753795,183.9250946,1806.343506,2,0.24108696,388.9801941,10.46402168,0.299940735,6,56.05978394,5.725652695,-5.413016796,1,3.07248211397706
-515285,1973795,121.5357666,1113.243408,2,0.319999993,461.4863281,10.03276634,0.502146125,7,63.29999924,0.760644615,-0.116220288,3,5.97827207153604
-645285,1983795,130.4491425,1403.213135,2,0.219166666,377.1214905,9.182916641,0.391696244,6,47.71354294,1.632651091,0.635581732,1,3.9445614342129
-1065285,1073795,167.3682404,1262.782959,2,0.342299998,251.9667969,16.33650017,0.171752974,5,48.26699829,1.07003808,-0.146057993,2,1.10950126040323
-1005285,1573795,201.2120361,2047.248657,4,0.2368,314.269104,8.379400253,0.254886031,5,61.72200012,5.479560852,2.809422016,2,2.47582258029683
-845285,1543795,208.769516,2820.033447,3,0.212371141,591.43573,4.904432774,0.6275419,4,46.68968964,20.09259796,-4.104703426,4,12.1939008603776
-915285,1803795,172.5946045,3213.629639,4,0.113571428,547.9987793,0.611581624,0.586233139,4,44.84897995,20.05810738,4.398969173,4,10.7383064053154
-535285,1793795,158.1395721,1272.702637,2,0.281237125,435.1041565,10.33804131,0.418883204,7,65.40103149,1.521026254,-0.40205884,3,4.95903672975514
-695285,2033795,143.3245544,1647.052368,2,0.178979591,356.5552368,8.312754631,0.401081651,7,44.43673325,0.724492013,-0.071820676,3,4.37484866092796
-715285,1353795,189.6889343,1371.80481,2,0.307799995,421.1159973,13.96284962,0.277418643,6,48.3370018,3.263755083,0.89280498,1,2.22813089152463
-755285,2283795,154.0179291,1478.049927,2,0.319999993,317.2214966,7.446800232,0.314646184,6,44.8429985,1.898527622,-0.387613475,1,3.37694740154967
-265285,1823795,163.8907928,568.3812866,2,0.319999993,631.6737671,11.69252491,0.543771088,6,76.43434143,2.337335587,0.475268692,1,9.55587712007534
-1105285,2263795,163.1108704,2192.62085,4,0.287938148,274.8574524,1.957628846,0.27589643,5,35.17938232,1.858928561,1.05581665,2,3.43688236594927
-535285,1783795,142.1783752,1259.081055,2,0.310927838,429.4899292,10.52530956,0.376801223,6,77.42577362,1.2777493,-0.231830299,1,6.29962393090145
-955285,1143795,164.1753235,1205.613525,131,0.430000007,248.2994385,16.25860023,0.047683164,3,54.20000076,1.074671388,0.030748416,,1.24329436704275
-935285,2253795,197.9636536,2124.872314,4,0.273799986,272.1012573,5.498149872,0.255993128,5,38.63700104,3.769574165,0.282819837,2,2.04693594246475
-805285,1893795,163.6059113,2738.400879,3,0.072395831,538.3308716,3.79515624,0.632663965,4,39.20520782,18.10713768,5.960413933,4,13.6705615455285
-945285,1093795,189.4088593,1278.889282,5,0.175999999,285.8725891,16.61974907,0.176840365,5,35.59600067,3.856981993,2.436415195,2,1.14415634061128
-165285,1673795,169.7086792,478.2765808,2,0.19098039,782.2327271,13.38117599,0.607774258,6,31.03921509,1.378679991,-0.461358488,1,6.41225701412669
-1035285,2503795,118.8209915,1374.234497,4,0.339062512,240.2030029,7.74255228,0.22804378,5,55.80937576,2.500764132,-2.210600853,2,2.42698544895361
-715285,1743795,212.0274658,1546.814819,2,0.139699996,327.6261902,10.76994991,0.291043818,6,26.51399994,1.369347215,0.155106694,1,2.40731924267689
-935285,1313795,177.647644,2028.735229,2,0.234099999,422.3905945,10.58804989,0.300230265,6,49.79700089,4.042973042,0.970205367,1,2.95542828748864
-645285,1853795,131.2368317,1666.293579,2,0.286666662,414.2948303,8.78994751,0.372878492,7,54.734375,1.614231825,0.268595725,3,5.76306339430633
-945285,2183795,145.2426147,2091.135986,4,0.264699996,287.7705078,5.555250168,0.206471369,5,38.31600189,4.162669182,-1.487159252,2,1.87061541527297
-695285,1843795,145.7900696,1818.231079,2,0.248350516,442.5499268,8.706185341,0.407829165,6,50.3237114,2.896960735,2.250493765,1,4.19888881188129
-975285,1293795,205.4858704,1737.254395,133,0.252999991,307.471405,12.79325008,0.194159657,5,55.93399811,5.708883286,-1.047155619,2,2.38639689972987
-805285,1653795,192.3538666,2845.365967,3,0.239999995,549.5175171,4.33210516,0.569622755,4,39.09263229,12.3132,4.506881237,4,6.02522387603057
-695285,1993795,150.3633728,1511.469727,2,0.270103097,345.6112671,8.990205765,0.339724183,6,49.35154724,1.635363817,0.128777087,1,3.34282698329763
-795285,2203795,142.9709167,2366.16333,4,0.204591841,593.1685181,3.130102158,0.53342551,5,39.47550964,7.907327175,3.375268936,2,7.67162672523893
-535285,1913795,135.4050446,1152.289063,2,0.192340419,459.223053,10.52223396,0.448662251,6,26.07340431,1.99474299,0.191737473,1,3.92863777522639
-785285,1063795,134.1889191,1135.955566,2,0.137799993,372.7344055,16.1603508,0.238831684,5,63.15000153,4.898489952,3.238384247,2,5.32333478296424
-1125285,2273795,144.7123566,2208.2854,4,0.369494945,316.2488098,1.893383861,0.244233444,5,56.51414108,2.835910082,2.728466749,2,4.59484813130463
-305285,1673795,135.7194366,693.4143677,2,0.319999993,608.3919678,12.73131561,0.430469811,7,80.53157806,1.409193158,1.06772387,3,6.52775368109404
-845285,1613795,183.2037811,2352.129395,3,0.156464651,257.1911011,5.775505066,0.279843152,5,38.09090805,1.656944036,-1.108085513,2,2.60552100486682
-675285,1563795,152.3826294,1804.677368,2,0.181111112,423.2728271,10.55727291,0.397880167,6,46.82626343,6.279872417,0.666434944,1,5.11402250747237
-1035285,2373795,143.4665985,2329.92041,4,0.165959597,441.7564697,4.183131218,0.381312042,5,57.16868591,12.04533386,-5.340531826,2,5.9607559819463
-1175285,1273795,177.8957977,2208.622314,1,0.285100013,498.4258118,8.851949692,0.492224157,4,58.67699814,14.41272068,-0.785473466,4,4.42967853716158
-305285,1793795,172.3104553,663.4855347,2,0.31076923,590.380188,11.71538448,0.500411749,6,75.04175568,2.175085783,-0.500282705,1,7.84465188407667
-895285,1613795,125.4096909,2690.904541,3,0.112323232,456.9457703,4.010807991,0.313744634,6,55.61212158,6.936554432,4.141806602,1,8.87314767574205
-805285,2223795,177.5274811,2148.100098,1,0.212371141,490.6390991,4.943659782,0.512018323,5,42.02680588,6.469995022,0.640320778,2,6.66155877111008
-35285,1733795,182.4950867,399.4036865,2,0.357628852,906.2644043,12.44020653,0.702897847,6,85.21134186,2.057964802,-0.544534802,1,12.0251648032255
-915285,2413795,203.0939331,1541.234863,4,0.40979591,349.6516418,7.967398167,0.238367125,5,58.59387589,6.298974037,-2.724131346,2,3.54003933375044
-725285,1563795,199.2418518,2223.220947,2,0.253958344,506.5690002,8.151926994,0.488175511,6,65.37708282,9.62253952,-1.585687041,1,6.8053279967316
-845285,1653795,166.0173187,2306.742188,3,0.150000006,202.8212891,5.489784718,0.205487683,5,33.43225861,0.895562768,-0.295945972,2,1.44744339799007
-785285,1933795,151.0517883,1889.837524,3,0.195903614,502.6414185,9.006264687,0.53769803,4,42.62289047,13.08876514,-0.799103737,4,6.21444145799107
-1035285,1713795,185.2858429,3081.896973,3,0.123599999,759.2418823,2.481600046,0.682800293,4,55.74900055,19.97550201,-5.120172024,4,19.2483688356898
-565285,1933795,145.0243378,1240.621094,2,0.319999993,430.2055664,10.08080673,0.463685632,7,63.29999924,0.723874629,0.12747322,3,5.00368004964771
-605285,1613795,132.6930237,1484.754639,2,0.370000005,427.8934937,11.50249958,0.311258167,6,76,1.297207713,-0.393398583,1,4.91924005108301
-795285,1553795,163.7292175,2375.733398,3,0.159899995,494.2875977,7.836850166,0.477796644,4,36.54199982,9.473572731,-0.47548762,4,5.03899698294288
-975285,2473795,181.6976318,1347.864136,133,0.370000005,213.5308075,7.426549911,0.155779615,6,55.40000153,4.073606968,0.94406122,1,2.69099536944263
-665285,2433795,174.8104553,1433.200439,1,0.360909104,615.2075806,6.444141388,0.76124388,4,54.49090958,9.313017845,-0.515901268,4,11.0223990620499
-1145285,1273795,203.2660522,2339.244141,1,0.278282821,462.4420166,9.029242516,0.491143733,4,58.14545441,10.20066357,5.123504162,4,3.85002792971067
-665285,1383795,182.8553162,1210.011475,2,0.235400006,428.5916138,14.35760021,0.270886451,5,40.48099899,2.949253559,-1.144709587,2,1.4900055017939
-795285,2453795,177.9584961,1172.535645,2,0.319999993,337.7641602,7.462626457,0.350955963,6,53.27474594,4.228255272,1.410485864,1,7.26331135904247
-105285,1873795,168.6699524,443.3783875,2,0.352978736,777.4447632,11.55595779,0.669172406,7,74.4127655,1.970959544,-1.066282749,3,10.0605199019541
-815285,2233795,190.3209991,1892.95874,4,0.246736839,413.4740601,6.320052624,0.523416638,5,41.28105164,11.04158592,5.967617989,2,6.94385774030842
-1015285,2033795,184.5467529,1904.34021,4,0.343939394,318.2147522,6.476969719,0.217239454,5,34.40707016,3.610949993,-5.949915409,2,2.79966872497325
-565285,1653795,150.6625977,1264.362793,2,0.359600008,412.2076111,11.97550011,0.318006575,6,75.05599976,1.733409405,-0.467757463,1,4.95676268141395
-495285,1863795,165.1784973,1093.357422,2,0.300206184,475.9282837,10.68412399,0.426100641,7,80.93196106,1.742292523,-0.09554863,3,3.56070835519896
-95285,1763795,173.4391479,371.2304993,2,0.317888886,868.802124,12.96266651,0.595907032,6,78.9355545,1.901268005,-0.356668144,1,10.320207806719
-1005285,2433795,166.7400513,1606.108643,4,0.332121223,261.3563843,6.802828312,0.234711096,5,50.59494781,5.899184227,1.731287479,2,2.5999760009496
-105285,1663795,143.4219208,439.9280396,2,0.321595758,864.2107544,13.39914894,0.591249287,7,84.17765808,1.183169365,-0.003808371,3,7.97519109171944
-625285,1963795,127.4869232,1286.674683,2,0.189999998,398.0082397,9.506304741,0.428524584,6,30.41521645,1.295803785,0.24981606,1,4.58507144028742
-765285,2353795,144.095108,1504.030518,2,0.319999993,339.4714966,6.915400028,0.347466469,6,58.9280014,2.576500177,0.572019398,1,5.68043389561497
-675285,2433795,186.8123474,1370.129761,2,0.326701045,514.8513794,6.644123554,0.648935676,5,50.31752396,7.150137424,2.26900506,2,10.1034122000538
-1025285,1363795,195.8140564,1895.746094,131,0.130899996,291.8994446,11.31620026,0.184424847,5,49.05799866,4.980009079,3.196240664,2,3.03102313077946
-845285,1473795,135.8967743,2888.399902,3,0.214399993,825.4633179,4.116300106,0.662635267,4,51.3409996,15.94296837,4.965274811,4,11.0792952384666
-775285,1923795,153.5140076,1667.734985,2,0.239999995,403.1307068,10.16914654,0.553158343,6,55.92926788,3.036212921,0.669828892,1,7.31109409092727
-1055285,1243795,206.4864197,2448.451904,1,0.143399999,448.396698,9.826100349,0.458667964,4,33.84199905,15.02629566,0.704885423,4,5.88005083962624
-1045285,1063795,172.4077759,1363.270752,2,0.162100002,257.8125,16.20095062,0.184937805,5,49.95899963,3.255787611,0.219734624,2,1.6907710662706
-1095285,1223795,172.8161316,2335.698975,1,0.138400003,484.2065125,9.071299553,0.393672764,4,43.43600082,4.433843613,-0.678674936,4,3.83045992269464
-715285,1393795,167.896347,1301.867432,2,0.219797984,401.5265808,14.20207024,0.28723526,5,39.62525177,6.011426926,-2.993908167,2,2.69389091664081
-325285,1643795,129.2994537,737.7025146,2,0.313617021,591.5597534,12.8151598,0.410041243,7,75.3436203,0.928807318,-0.460236311,3,5.93463802750468
-1085285,1653795,177.7136841,2175.864502,3,0.151855677,485.3883667,8.361133575,0.460324436,6,51.18659973,13.4113903,0.90749222,1,3.48542433943163
-995285,2453795,156.5147705,1457.449829,4,0.344736844,239.5540466,7.126420975,0.189388633,5,55.21684265,2.462307692,2.131943703,2,2.49261455777502
-1045285,1513795,195.4896393,1998.859619,4,0.316900015,252.5743256,9.372900009,0.15894255,6,35.81800079,2.049565077,1.056839466,1,2.22076031074717
-845285,1343795,145.261734,1849.94751,2,0.280000001,400.049408,11.19534969,0.280354857,6,42.29999924,2.910601616,1.889221668,1,3.393373855546
-1095285,2033795,148.9918823,2303.008057,1,0.200000003,397.3618469,5.772142887,0.435149431,5,39.59999847,9.061747551,5.777478695,2,6.00505146587279
-535285,1623795,115.4635239,1138.927979,2,0.336494833,435.2897339,12.28412342,0.317298084,7,75.66494751,1.022501469,-0.003250142,3,3.75885667154378
-825285,2423795,155.1035309,1313.785034,2,0.319999993,353.9608154,7.1280303,0.318568587,6,54.59999847,5.634060383,-1.69153595,1,6.78059947163536
-805285,1493795,153.071228,2323.709961,2,0.347659588,493.9427185,7.683084965,0.424530357,6,70.61489105,5.180786133,-4.758721828,1,9.55267377705933
-945285,1183795,187.2643738,1277.26062,2,0.325700015,267.6859131,15.74610043,0.169950873,5,48.00099945,0.784195304,-0.220588163,2,0.973276756919558
-995285,2463795,146.6963654,1398.327515,133,0.370000005,213.4810944,7.371650219,0.150461197,6,55.4280014,3.447789192,-1.001958489,1,2.28151999413592
-945285,2473795,214.0278015,1552.592407,4,0.322244912,335.2530212,7.474387646,0.181952879,5,54.02040863,7.431116581,-3.567905426,2,3.4889058862255
-1055285,1723795,214.6629791,2834.006592,3,0.254900008,716.982605,3.693200111,0.706882834,4,62.21900177,9.362916946,-5.860523701,4,14.9660963273834
-1065285,2373795,205.9072571,2911.798584,5,0.262199998,642.0315552,0.303950042,0.452297926,4,57.60499954,18.60858345,-0.758539081,4,8.71538290263319
-755285,1613795,176.9026489,2082.365723,3,0.108888887,481.9901123,8.760757446,0.578097701,4,59.05858612,10.93462658,9.712778091,4,5.72813799686703
-1155285,2353795,186.2810822,2849.088379,5,0.110799998,1014.528076,-0.605800033,0.328232914,6,44.66999817,19.7769165,18.2009182,1,12.5716290311837
-1115285,1563795,168.8024902,1643.691528,132,0.262121201,189.6981812,11.5028286,0.1239262,5,40.02929306,2.320940733,-1.537176847,2,1.82089918073612
-1125285,1693795,195.905014,1998.159546,3,0.308800012,378.4473877,8.879599571,0.39424783,4,51.97600174,6.415997028,1.308194518,4,2.81798991694954
-185285,1673795,153.949173,496.457428,2,0.204948455,757.9527588,13.31036091,0.485432893,7,42.74020767,0.876230597,0.253879339,3,4.08144064366245
-975285,1653795,215.311142,2587.812744,3,0.292473108,632.2763672,4.439731121,0.620538533,6,65.15699005,8.309090614,-7.993815899,1,12.4103020514466
64715,1723795,167.2280884,292.977417,2,0.385333329,992.4241943,12.98577785,0.689401984,7,79.63222504,1.340296149,0.59703964,3,11.7643691867389
-625285,1933795,150.3187256,1354.499023,2,0.100000001,404.508606,9.585252762,0.414964139,6,8.800000191,1.072234511,-0.875482857,1,2.46420280832672
-935285,1783795,215.6829529,2568.377686,3,0.274574459,388.1921997,3.917446852,0.403896719,5,54.68723297,8.042124748,2.359753132,2,3.66075114753905
-365285,1613795,154.4687042,791.2494507,2,0.31540817,543.3826904,12.80015278,0.524757743,7,76.24388123,0.982775867,0.202265039,3,4.51618665567135
-815285,1733795,157.2747345,2331.354004,3,0.143232331,422.7344666,7.164646626,0.410438567,4,35.2191925,7.50625515,2.977456331,4,5.81659359001135
-275285,1813795,154.7097015,613.5856934,2,0.319999993,618.972229,11.67713547,0.503998935,7,80.83750153,1.420136213,0.376456946,3,6.04959459756349
-935285,2273795,209.5088806,1910.232056,4,0.305999994,239.8011932,6.215149879,0.235781506,5,38.5359993,3.014797926,0.575856626,2,1.90780206588201
-995285,2183795,160.1306458,2024.872314,133,0.27759999,211.3993988,5.346549988,0.163627505,5,38.23199844,1.230655193,-0.553449631,2,2.13769440360714
-1175285,2153795,165.6109924,1975.466431,4,0.285699993,216.8639069,4.777400017,0.167226449,5,40.37200165,1.852121711,-0.601991713,2,1.99741702608418
-675285,2093795,133.8195496,1442.376221,2,0.299042553,415.7359009,8.59010601,0.405050755,6,37.92021179,2.074910402,0.268126607,1,4.99787866331426
-1005285,1773795,177.6381989,2477.542236,3,0.25222221,396.763031,6.716413975,0.571449995,4,62.85151672,10.93965721,2.638269901,4,6.78276386383957
24715,1623795,180.3046417,280.6800537,2,0.348842114,1040.495361,13.6846838,0.696305931,7,84.74420929,1.5388515,0.191684544,3,10.2795324521614
24715,1583795,159.7262573,250.6802216,2,0.363478273,1078.453003,13.98483658,0.674571037,7,77.25869751,1.241578579,-1.06944406,3,8.30835101513722
-875285,2323795,140.5397034,1824.762451,2,0.430000007,353.1120911,6.505000114,0.281809568,5,55.0890007,5.253508568,-1.448490858,2,4.55450583610083
-295285,1563795,175.2890472,588.5888062,2,0.341855675,656.524353,14.05762863,0.445761621,6,60.14742279,1.627672195,0.66228652,1,4.23485551002792
-1005285,2363795,145.542099,1780.810913,4,0.330714285,322.7941895,6.713265419,0.314005166,5,54.40714264,8.558753014,-2.345352173,2,4.12088148569581
-1155285,1493795,152.4620209,2263.322266,1,0.270399988,386.5873108,8.405550003,0.352511227,4,24.79199982,8.918494225,4.860490322,4,3.74339914389975
-955285,1643795,207.5631561,2624.049316,3,0.283199996,667.8764038,4.777349949,0.704446197,4,57.75500107,13.68400097,0.469548315,4,16.6558796983534
-675285,2263795,167.9779663,1292.975708,2,0.348850578,439.3497009,7.870459557,0.386142641,6,72.22758484,2.938093662,0.749709904,1,8.2938021475904
74715,1673795,158.5504303,327.1440125,2,0.377021283,1066.140503,13.10085106,0.712529123,7,79.87766266,1.717260242,0.989217758,3,10.8866707675312
-435285,1653795,172.1688538,900.3322144,2,0.110638298,488.2255859,12.24537277,0.649134517,7,12.88723373,1.141561389,0.020505683,3,6.06721931288417
-1165285,2493795,201.6799011,2320.165771,5,0.198571429,861.2463379,1.40142858,0.593015015,4,56.06632614,5.181261063,-3.221162081,4,9.87253877636478
-445285,1643795,163.6532135,925.4772339,2,0.176734701,473.7605286,12.40632629,0.557386518,7,32.00816345,1.283673048,0.322407097,3,5.24175731803975
-705285,2013795,139.8425903,1591.62793,2,0.207916662,362.0732727,8.610729218,0.373135239,6,46.57708359,1.523359656,-0.172935277,1,5.72997039520492
-215285,1683795,161.0340424,540.7164917,2,0.187586203,701.1270752,13.29189682,0.598951459,6,33.31149292,0.970973492,0.269893378,1,5.78141736369457
-1025285,1783795,192.8772736,1782.748779,5,0.253888875,241.8802948,9.574166298,0.457454801,5,80.9263916,2.83724165,-0.131558076,2,5.06561347334591
-1185285,2223795,193.7957764,2470.025146,4,0.055208333,547.6013794,2.316770792,0.456828207,5,55.76041794,9.980275154,1.574385643,2,10.8018618217648
-1115285,1083795,154.9128113,1336.033813,2,0.320206195,269.4833374,15.71613407,0.175385654,5,56.71030807,1.871532679,-0.19565627,2,1.37158041814222
-935285,1633795,190.4345856,3369.059814,4,0.153440863,1250.593018,0.317311913,0.559057176,4,50.79354858,24.14719582,5.172468185,4,15.8111482774983
-175285,1603795,183.6985474,458.690033,2,0.230434775,783.5759277,14.15592384,0.557906747,6,38.08478165,1.411928773,-1.071644545,1,4.20521988303106
-1125285,2313795,212.0876007,2480.859863,4,0.24611111,483.0067749,1.262777805,0.555539548,5,49.47333145,8.158293724,-4.593307495,2,9.04107801361061
-745285,1843795,165.6252899,2032.174561,2,0.210777774,490.5398865,8.266888618,0.473903388,6,46.9355545,3.628692627,0.767805815,1,4.47196795331993
-1005285,1893795,172.0227051,2005.092529,4,0.321477264,367.0093384,8.788011551,0.369245976,5,53.76250076,9.239703178,-1.031071305,2,6.07492950800969
-645285,1533795,145.6114197,1598.141357,2,0.266363651,420.6576843,11.18550491,0.347803146,6,56.11818314,2.005209923,0.890264452,1,2.37819603471097
-1195285,2243795,191.1479645,2754.512451,5,0.050000001,860.1411743,1.584249973,0.566029191,4,56.35499954,20.0605011,3.510370731,4,17.2356026793113
-1195285,1223795,149.6280975,1773.483887,3,0.370000005,535.5186157,12.7809,0.351246119,4,63.02000046,11.05754662,4.593085766,4,5.39635254214285
-705285,1203795,146.494873,1354.606323,2,0.162626266,411.2170715,14.17989922,0.34499836,5,19.27171707,0.9873932,0.240326807,2,2.1113648317115
-865285,2043795,154.7129517,2516.709961,4,0.191938773,426.7546997,2.959949017,0.438991666,5,46.05816269,5.710234642,-9.583305359,2,8.65743799337894
-1025285,1603795,188.9714203,1984.033325,3,0.163020834,355.7618103,9.010989189,0.337353677,4,52.03645706,8.168582916,5.476067066,4,2.89121326122813
-675285,2233795,161.535675,1499.254639,2,0.233061224,441.0397034,7.168061256,0.473245144,6,28.39183617,2.883784294,1.678518534,1,5.88183278657916
64715,1873795,183.0375214,294.7949829,2,0.28630951,934.1931152,11.67845249,0.800526083,7,90.65357208,2.876781225,0.025672711,3,6.07811541854098
-985285,1123795,214.3720856,1639.859375,133,0.093199998,373.3530884,15.18760014,0.250629783,5,35.31499863,10.94217014,14.72267342,2,2.81313502753548
-1075285,1803795,165.8018494,2417.219482,3,0.249799997,374.1799927,7.188499928,0.589816511,4,58.85699844,12.2961607,-0.248904079,4,7.10630068577936
-125285,1623795,163.9430695,405.8727112,2,0.380909085,791.8447266,13.70881844,0.530896664,6,66.27999878,0.839603424,-0.708585501,1,5.97037092522055
-925285,2433795,201.6590881,1596.492798,4,0.393700004,388.3606873,7.846449852,0.215208426,5,57.85300064,6.633058548,0.758005142,2,4.59145831876002
-865285,1143795,173.1315918,1895.169678,3,0.165199995,459.1951904,11.54679966,0.345576048,5,61.64400101,7.915331364,0.02251992,2,4.78364998653801
-575285,1983795,120.4960785,1286.53186,2,0.212340429,434.9808044,9.42973423,0.413204759,7,37.9148941,1.230177879,0.333952814,3,5.99897407966514
-525285,1653795,132.3651276,1087.592285,2,0.319999993,430.5512695,12.22644329,0.393448234,7,75.5,0.794386327,-0.506166756,3,5.23260405481828
-925285,1683795,171.460495,2893.908203,3,0.156428576,616.9406128,2.518775463,0.504386783,4,53.3275528,13.15820313,12.52353859,4,10.986790179822
-1035285,1803795,186.3141174,1605.290649,5,0.302045465,201.2989807,10.44999981,0.535917819,7,73.75682068,1.23118639,-0.366899252,3,5.54418670960802
-1005285,1953795,197.0226135,2086.178467,3,0.271489352,440.7099609,6.575798035,0.534943283,7,59.87234116,9.126964569,0.621973455,3,5.94683775322397
-1035285,2013795,185.1537018,1885.165649,3,0.248799995,305.8129883,6.870349884,0.292479515,5,27.09499931,8.134147644,0.141267702,2,3.39835098209292
-815285,2423795,187.4502106,1298.393433,2,0.319999993,358.9336548,7.185353756,0.32201916,6,50.66969681,7.106593609,-0.101227619,1,7.31178684883343
-855285,2273795,172.1125336,1658.733765,4,0.312222213,324.9333496,7.444696903,0.287773132,5,44.81111145,1.846734643,-0.382503182,2,1.36235412456657
-1245285,2103795,159.1877441,2229.078613,4,0.319999993,468.3244934,4.595168591,0.413938969,5,64.84269714,5.671614647,-0.085723579,2,15.6319085487511
24715,1563795,183.0466156,250.927887,1,0.42072165,1069.27417,14.06025791,0.706992209,7,68.39175415,1.377235889,-0.300260454,3,9.46831163470382
-795285,1093795,116.5001678,1102.794312,2,0.370000005,356.0324097,15.84325027,0.205901638,5,64.73300171,1.167134166,-0.522732258,2,3.70684744226896
-1005285,1743795,207.4694672,2832.525146,3,0.162100002,621.9685059,4.463550091,0.715464532,4,60.93199921,15.95654106,-2.091535568,4,13.7332018275947
-1035285,2193795,114.9040222,2116.537354,133,0.323199987,278.9006042,4.222849846,0.159045115,5,39.84400177,1.5144279,0.478256494,2,3.91582916270327
-945285,1153795,183.9548798,1231.605347,131,0.430000007,251.7908325,16.23934937,0.126243934,3,54.20000076,0.874689162,-0.419011027,,1.09774037721563
-925285,2373795,171.9712524,1501.77124,4,0.344500005,323.7240906,7.252299786,0.215704516,5,57.11800003,5.619969368,-0.747308969,2,4.06557188647734
-975285,1463795,219.5995026,2172.452881,3,0.284479171,410.9995117,8.86869812,0.319559038,4,47.703125,9.908642769,2.398020506,4,4.2837935700852
-545285,1793795,143.2928162,1314.447754,2,0.313548386,432.7803955,10.33854866,0.38075912,7,78.48709869,1.173466444,0.828991711,3,4.97150027729858
-1075285,1463795,154.7483521,2174.104004,3,0.127399996,297.9014893,9.255849838,0.186066747,5,46.0379982,4.816197872,1.63608098,2,2.75717947813952
-685285,1343795,165.290802,1355.890137,2,0.338699996,448.9797974,13.87880039,0.300715148,6,52.22499847,2.118542671,-2.931875467,1,2.83222344077579
-1015285,1623795,194.3599854,2036.63501,3,0.185773194,394.1601257,8.097834587,0.475987226,4,66.14742279,5.231441498,-0.682904601,4,5.72809876580009
-455285,1673795,141.588623,938.0269775,2,0.377558142,474.1889954,12.07191849,0.507822275,7,77.08604431,1.302461863,-0.156765983,3,5.81034389348774
-975285,2323795,206.6324005,1549.485474,4,0.299014091,223.8597107,7.486831188,0.15444003,5,46.12676239,2.852265358,-4.317635059,2,1.92822072137706
-155285,1693795,158.0516357,463.1393738,2,0.370000005,804.2280273,13.22895622,0.509281814,7,79.25933838,0.960353911,0.11992269,3,4.95433922713149
-1005285,1463795,173.0525055,1923.635742,3,0.066,257.7023621,10.46570015,0.158038527,5,40.84000015,4.682195187,-0.241637185,2,4.09624526018561
-905285,2423795,223.0720062,2374.187012,4,0.1611,638.0463867,3.365350008,0.559371233,4,54.17200089,14.15582085,-6.122597218,4,11.8741923048264
-1015285,2233795,158.2110138,2138.609131,4,0.200000003,402.5585022,4.673469543,0.30830428,5,53.38877487,6.721955299,5.993107319,2,4.04852242251778
-675285,1153795,152.4714813,1211.775513,2,0.24604167,421.6914063,14.63203144,0.297134101,6,57.21666718,0.993334532,0.250081092,1,2.76184879255907
-1085285,1293795,165.1993561,2273.311035,3,0.247959182,373.0846252,8.539795876,0.273221463,5,44.92040634,4.862754345,1.269846559,2,3.82921411251218
-925285,2023795,201.8581543,2675.311279,3,0.166199997,827.4679565,2.798550129,0.733742595,4,52.29800034,12.5693531,7.400763035,4,15.301760699803
-855285,1463795,222.6736908,3136.331787,3,0.200000003,863.1078491,3.720499992,0.671108246,4,50.16600037,18.15973854,0.233623505,4,16.0522583624459
-535285,1863795,144.3141937,1188.390503,2,0.35717392,463.5280151,10.2974453,0.46495232,6,74.80978394,2.354392767,0.277038127,1,5.72188740243276
-1015285,1463795,170.9181976,1975.806274,3,0.056400001,260.4073181,10.27970028,0.157645211,5,40.83800125,4.304972172,-0.241002411,2,4.54495226555913
-1035285,2323795,171.839035,1764.306274,4,0.326122463,253.5308685,6.292755127,0.20723711,5,60.84795761,2.312728405,-0.084632888,2,2.48524102189288
-535285,1633795,118.6698914,1142.597656,2,0.338229179,433.2276306,12.2461462,0.302969933,7,75.68228912,0.849290907,-0.056626912,3,4.05487551726782
-965285,1823795,203.5979462,2681.132813,3,0.208181813,602.6834717,5.71090889,0.752536356,4,58.32525253,16.41378212,-9.646378517,4,12.5141736817187
-635285,1673795,160.0658722,1265.603394,2,0.360306114,340.4847107,12.07382679,0.253310651,6,64.46020508,1.916756868,-1.875839591,1,4.46564910792718
-1035285,1763795,105.8636551,2445.517578,3,0.311800003,467.1611938,6.701749802,0.587509096,4,57.23500061,8.367749214,-0.984451413,4,9.38344204895322
-425285,1893795,158.384552,910.3219604,2,0.319999993,534.7059326,10.45910549,0.442064047,7,87.86210632,2.049654007,-0.86214751,3,6.90088390880457
-525285,1843795,133.3914032,1200.751465,2,0.367628872,463.1097107,10.52556705,0.462066352,7,83.55464172,1.757854581,-0.675779104,3,5.59450546880925
-1125285,2093795,154.1279755,1893.981689,4,0.319999993,246.2149048,7.014928341,0.159677729,5,36.40000153,3.446362257,0.485190749,2,1.71501676142181
-1135285,1443795,222.3785248,2261.781982,1,0.248600006,410.5007935,8.162199974,0.370553285,4,40.66199875,4.874323368,-1.440948248,4,4.56376419576611
-855285,1043795,157.6126556,1160.22644,133,0.245399997,247.6286774,16.18054962,0.185754821,5,63.85900116,1.983151674,-0.140876502,2,3.13374540780132
-705285,2373795,165.9345245,1407.729736,2,0.319999993,367.7402039,6.888299942,0.424248993,6,49.35200119,2.992594957,-1.978867292,1,6.90173082929176
-145285,1573795,184.8327637,371.9012146,2,0.396395355,807.9625244,14.54726791,0.460400105,7,72.23488617,1.17629838,-0.193941176,3,4.83983283907751
-1165285,1243795,195.1964111,2311.702637,1,0.245299995,569.211792,9.576000214,0.521000028,4,61.04700089,8.958883286,-4.678142071,4,4.8687424175113
-345285,1743795,157.3319244,760.1681519,2,0.316170216,566.2354126,12.0059042,0.420090109,7,81.30000305,1.438645244,0.681489229,3,4.87540880332327
-1045285,1413795,205.838028,2630.844971,1,0.136999995,673.8084106,6.390349865,0.557380855,4,47.67300034,15.30458164,4.584567547,4,10.555561584728
-885285,2393795,198.2022247,2588.311279,4,0.255499989,633.7409058,1.593950033,0.59432596,4,45.7859993,8.469080925,2.282705784,4,10.4285092049548
24715,1733795,160.9665222,330.4171448,2,0.376206905,950.1265259,12.59706879,0.709486783,6,81.49770355,1.811764121,-0.208710715,1,10.7447854198642
-955285,1683795,208.1791077,3232.158203,4,0.080315791,867.3407593,1.205052495,0.588652313,4,49.36000061,14.80366325,10.26024818,4,17.9216970244281
-235285,1793795,166.554306,532.0952759,2,0.319999993,660.1520386,12.05458355,0.526826084,7,81.09896088,2.008057833,-1.279303908,3,9.42503074229885
-665285,1703795,201.3119049,1301.160278,2,0.228453606,301.5117798,11.67938137,0.270293415,6,43.61133957,1.117784977,1.129914284,1,1.69898068109366
-455285,1703795,136.6752625,983.1084595,2,0.319999993,483.3724365,11.74232292,0.364031345,7,75.53636169,0.798779905,-0.195538759,3,5.88805864321096
-915285,1303795,157.7939453,1983.396606,2,0.119999997,419.7455139,10.89144993,0.244936556,6,50.77999878,1.432312965,-1.649170876,1,3.39997470593789
-785285,2313795,171.9762573,1579.062256,2,0.319999993,346.6619873,6.761950016,0.323085159,6,43.82799911,2.816697836,-1.924464345,1,4.49761455978518
34715,1823795,153.8943634,315.6348572,2,0.356875002,952.5352783,12.3127079,0.745276928,7,77.93854523,2.037103891,0.832592964,3,10.347560572183
-925285,2353795,209.64328,1619.180664,4,0.319999993,363.0741882,6.964300156,0.273198396,5,58,5.528034687,1.901082516,2,7.00993021764114
-1105285,2253795,148.8073883,2210.158936,4,0.281199992,286.1734924,1.888749957,0.232445523,5,34.36299896,1.718361616,0.760057747,2,3.18009318392628
-965285,1483795,179.0631714,2526.716064,3,0.212200001,608.8336182,6.115650177,0.679928422,4,49.32500076,12.94416904,9.659176826,4,14.0874610627595
-375285,1803795,152.1484833,831.8004761,2,0.319999993,555.0583496,11.38385391,0.461336166,7,85.16874695,1.63803184,-0.246724099,3,5.52710141338795
-1095285,1133795,213.8170166,1806.251221,3,0.190699995,427.6491089,13.22539997,0.225669369,5,53.06700134,6.667668343,-2.424746752,2,2.42217682609924
-1025285,1683795,196.0652466,3089.369873,3,0.062371135,888.741394,2.97185564,0.605736196,4,18.2793808,24.68234825,-2.808187962,4,22.0001096275558
-1045285,1043795,147.6458435,1373.56897,5,0.115400001,272.949646,16.59835052,0.175354794,5,43.90800095,3.294293642,-0.418886185,2,2.04222759950907
-595285,1713795,118.1855011,1252.053711,2,0.355353534,370.8633423,11.32641411,0.292971849,6,80.52424622,1.206118107,0.621185422,1,6.33349879117208
-1095285,1723795,156.9922638,2075.812988,4,0.380600005,368.302887,8.616299629,0.270824105,5,68.02700043,5.815387726,-4.767003059,2,7.28092972517492
-445285,1663795,156.3795624,909.0388184,2,0.126938775,477.9623718,12.18918324,0.66921109,7,14.82857132,0.998335063,0.686552107,3,7.50592938379493
-1095285,2333795,182.2781372,3328.805908,5,0.050000001,798.8632813,-1.465000033,0.272596598,6,57.09999847,20.71158409,-9.61814785,1,13.3088298647004
-835285,2213795,205.0027161,2223.239746,4,0.304895848,449.3576355,4.661198139,0.394109547,5,56.89896011,5.979460239,0.142856151,2,7.08698616448495
-835285,1433795,169.3434448,2135.873535,3,0.139191926,487.0556641,8.851818085,0.51901871,4,55.15353394,6.306042671,1.220973253,4,3.7042354141516
-965285,2393795,139.9247742,1327.964966,4,0.370000005,241.2777405,7.435260296,0.198521629,5,47.00208282,3.112813473,2.009890795,2,2.36468249773006
-785285,2053795,192.990036,2474.776367,4,0.167113408,477.6826172,4.18159771,0.372224867,5,34.86701202,4.492957592,5.43439579,2,7.99837760186508
-255285,1623795,154.5029755,627.1169434,2,0.264210522,684.4494019,13.2207365,0.503972888,7,49.07368469,1.04679656,0.372413605,3,3.86889632506155
-835285,1303795,177.8371735,1788.294312,2,0.370000005,368.3453064,11.91650009,0.253779739,6,48.2480011,1.96301043,1.046595097,1,3.36106797334767
-655285,1923795,144.075592,1371.20459,2,0.138241753,374.4476929,9.630824089,0.393951029,6,18.75934029,0.994537294,-0.267283499,1,2.2903826093406
-1235285,2123795,167.7458649,2173.414063,4,0.347750008,313.1077576,4.822812557,0.377675265,5,61.77500153,7.216589928,8.024703979,2,8.5370951532006
-815285,2443795,173.7527618,1296.307495,2,0.319999993,368.1184082,7.309000015,0.366339833,6,55.59999847,6.94307375,3.462908983,1,12.9536935253983
-905285,1543795,161.5690613,2681.72998,3,0.231399998,553.5145264,5.267449856,0.642613649,4,57.68700027,9.667785645,2.504831314,4,9.37858240326518
-425285,1873795,179.9261322,914.6026611,2,0.319999993,549.2483521,10.60161304,0.474787056,6,84.21505737,3.34071207,-1.425335765,1,7.78615556624878
-645285,2003795,140.6994019,1420.400024,2,0.277878791,384.1759644,8.870252609,0.406803459,6,51.12020111,1.695613861,-0.321861595,1,3.74178033045226
-1155285,1103795,177.2131958,1542.336548,2,0.253699988,344.6495972,14.3093996,0.191792443,5,58.58499908,3.005888462,1.318411112,2,1.53533356526857
-735285,1883795,154.7024384,1752.75,2,0.302708328,478.5522156,9.755364418,0.368813515,7,58.86666489,1.96082437,-0.763444245,3,4.76313707198598
-505285,1883795,146.5810852,1103.812744,2,0.319999993,479.6202393,10.58541203,0.357780546,7,88.13608551,1.762912989,0.858112335,3,5.76209332693613
-865285,1593795,142.8699036,2363.229248,5,0.100000001,259.2107544,5.794949532,0.178348258,5,58,1.729456186,-1.486677051,2,3.71663874484974
-695285,2413795,158.1450653,1275.943726,2,0.308750004,421.9217224,6.967864513,0.513353467,6,50.41249847,4.923660278,0.366739839,1,9.299698737223
-695285,1983795,169.4592285,1489.006958,2,0.238571435,342.4865417,9.083877563,0.331804335,6,46.9642868,1.103685021,0.034752917,1,3.48888347760198
-875285,2423795,132.2011414,2787.335693,4,0.181799993,646.8659058,0.565950036,0.531013489,4,43.00400162,10.11094379,1.053339481,4,10.2784131290303
-1225285,2213795,164.7516632,1965.986694,4,0.238064513,361.1735229,4.068548203,0.457009643,5,61.15268707,6.475549698,-1.628928423,2,7.31118431110734
-745285,1193795,160.4701233,1192.985962,2,0.197244897,384.2232971,14.76301003,0.294420779,5,19.17551041,1.047639489,0.010233765,2,2.02036696098654
-315285,1783795,158.0722504,699.0772095,2,0.31695652,581.9840088,11.75282574,0.444095701,6,74.51630402,1.628158092,0.028051348,1,6.46420720520816
-965285,1913795,186.2706757,3204.645996,3,0.17072916,1074.218384,0.771041751,0.537521899,6,57.98229218,10.92210674,8.513355255,1,7.48361071278354
-485285,1833795,151.8158875,1105.781982,2,0.319999993,498.966217,10.61542988,0.491778284,7,88.21935272,1.10082078,-0.38445884,3,6.32485188850258
-715285,2303795,199.7549133,1357.3573,2,0.319191933,329.4164734,7.685909271,0.325312763,5,41.28585815,2.559442997,-0.190340728,2,3.56201307832016
-685285,1793795,137.4189911,1789.827271,2,0.209130436,384.4233398,8.616195679,0.391981661,6,39.82391357,1.989136457,-0.212893888,1,4.28667081791107
-155285,1783795,168.6078644,408.1253967,2,0.35214287,782.984375,12.75010204,0.615082681,6,68.52346802,2.205650568,0.479059935,1,9.96991034803451
-795285,1833795,173.4735565,2408.793945,1,0.136597931,499.172699,6.943041325,0.347650856,4,32.12886429,12.55169392,-11.08956337,4,5.68720875008515
-715285,2053795,135.2631378,1786.925903,2,0.170000002,409.4708557,7.778969288,0.392697871,6,43.79999924,1.590144396,0.009257959,1,4.29705846687503
-1235285,2153795,196.5117645,2099.57373,4,0.371413052,312.1818237,4.513315201,0.305704653,5,64.31521606,7.545164585,0.996524215,2,7.09196501965302
-855285,1503795,184.2173767,2648.573486,3,0.200000003,561.2147217,5.818030357,0.646559417,4,56.55858612,12.77087688,-6.691503525,4,6.27707912850793
-355285,1843795,162.9144592,781.8259888,2,0.319999993,547.3152466,11.23282814,0.495271355,7,81.66161346,2.09890914,0.174832731,3,4.15290872231795
-895285,1123795,155.1270599,2502.848633,1,0.286300004,644.4274292,8.079899788,0.634522319,4,63.30199814,14.7520647,2.640417099,4,9.89247300855867
-245285,1753795,135.4506073,559.4873047,2,0.319999993,656.3297729,12.40940189,0.516575038,6,81.35326385,1.700166821,-0.559885919,1,7.58173383686728
-985285,1733795,168.5544128,3339.13208,4,0.154693872,683.2556152,0.648928583,0.546803415,4,51.37551117,17.92950439,13.46402168,4,10.1480930372479
-245285,1643795,141.3736725,604.6051025,2,0.170000002,673.4384766,13.30770397,0.653572261,7,28.5,0.951618195,0.122853182,3,5.60484898105839
-835285,1723795,138.0954437,3067.449463,3,0.132300004,631.1914673,1.87014997,0.569879591,4,38.9640007,18.99560738,18.7457943,4,14.3432984085876
-1045285,2033795,132.3854065,1979.351685,4,0.2852,324.5101013,6.996500015,0.244654924,5,32.89199829,4.974825382,3.344956636,2,3.27352089600153
-675285,2443795,172.5901489,1250.887573,2,0.3012245,457.4244995,6.811683655,0.582386196,4,49.31224442,6.798400402,-2.095144749,4,8.86817805308679
-1205285,2253795,203.3588867,2468.856689,5,0.050000001,762.3972168,2.479049921,0.636909783,4,48.09899902,15.90714169,-12.20296383,4,19.5499401240893
-885285,1043795,146.3873138,1382.557617,2,0.1215,290.8857117,15.44769955,0.184035927,5,69.8259964,3.495853662,1.156140208,2,5.09819872320471
-445285,1803795,157.3752899,1006.581421,2,0.319999993,499.7794189,11.0207653,0.404900014,7,88.38775635,1.024707198,0.803089142,3,7.87000880735149
64715,1833795,162.3476257,321.8993835,2,0.318749994,948.7018433,12.23807335,0.735897958,7,76.3989563,2.292004585,1.216513276,3,10.4192051675186
-1105285,1543795,200.1191406,1707.928955,4,0.335999995,212.1820984,11.1885004,0.12467619,5,35.25999832,1.764418721,0.117509834,2,1.47340800055454
-1075285,1563795,146.4977722,1841.526855,4,0.370000005,245.9064484,10.38050461,0.186634794,5,35.2808075,2.004318714,-1.149682403,2,2.30686375667913
-855285,2363795,161.0540771,1578.212891,2,0.321170211,360.3947449,7.332021236,0.314398974,5,57.75957489,3.981593847,2.51241231,2,6.25459105400316
-995285,2133795,170.2216949,2073.575684,4,0.301874995,189.0787506,5.307395935,0.177141726,5,52.75,1.600775719,1.825633645,2,2.63681086248811
-835285,2193795,149.2153015,2168.484131,4,0.319999993,332.1435242,4.096082687,0.267470986,5,47.1247406,2.387714148,0.422482282,2,3.52496342560623
-695285,1953795,160.5091858,1391.212158,2,0.107246377,354.7333374,9.593115807,0.435750186,6,11.74927521,1.184030175,-0.228381887,1,2.02256637919541
-1005285,1163795,247.5606842,1530.543091,3,0.208499998,299.3345947,14.43354988,0.186050162,5,36.04000092,1.712971807,-0.704097688,2,2.11321094464806
-1125285,1573795,124.5798416,1673.328613,132,0.353571415,185.8718414,11.4568882,0.124902956,5,43.24898148,1.845703721,-0.797796547,2,2.65504877043422
-375285,1703795,132.5884399,820.3011475,2,0.319999993,533.5797729,12.19114971,0.432941675,7,73.12599945,1.612852335,-0.214893252,3,5.90223981206995
-915285,1313795,162.3573151,1985.296265,2,0.127000004,416.0978088,10.45510006,0.247613266,6,54.96500015,2.543009043,1.453091025,1,3.2651292372314
-125285,1633795,155.9013367,412.0171204,2,0.303181827,805.329834,13.59306812,0.52660495,6,54.39545441,0.916538,0.502186835,1,4.66420576016525
-935285,2463795,201.5520477,1588.020752,4,0.376530617,365.9674683,7.207040787,0.244562432,5,57.43367386,7.172221184,-5.797120571,2,4.36597491207986
-1145285,2233795,175.9052277,2165.88916,4,0.319999993,251.0879669,2.447050095,0.174781546,5,44.52700043,5.835773945,2.268719196,2,3.84825235039557
-995285,1133795,221.2647095,1462.689575,5,0.1664,311.9425964,15.22175026,0.21716027,5,23.18000031,1.864698172,-0.364015937,2,1.56487942978303
-695285,1503795,168.6143646,1818.241699,2,0.357300013,419.7908936,10.23805046,0.322716504,6,63.24700165,3.214974642,-0.802129328,1,4.58561290218598
-845285,1903795,186.3206482,3391.979492,5,0.073648646,682.7775269,0.330810755,0.601238728,4,36.16756821,23.36101151,-31.75780487,4,22.451298234402
-195285,1593795,163.4595947,488.4332581,2,0.200000003,768.0802002,13.86037254,0.53211993,6,40.06808472,1.744893432,0.731927276,1,3.38709408090915
-825285,1193795,125.2139816,1393.500244,2,0.126699999,363.7376099,14.27425003,0.237100616,5,61.95999908,3.142269373,-0.631116092,2,3.08270474054522
-1115285,2233795,144.7947845,2131.994385,4,0.329183668,240.0684357,2.365357161,0.17044273,5,44.51836777,1.280188441,-0.542114675,2,3.38671521160366
-75285,1863795,148.7749634,392.7930603,2,0.360000014,809.9672852,11.8826313,0.642060041,7,77.99157715,2.269681931,-0.763868928,3,8.94081341143398
-1055285,1283795,132.472229,2188.470947,3,0.335656554,341.1442566,9.055101395,0.216469437,5,41.95555496,1.254158258,-1.285797596,2,4.74606108785839
-1035285,1133795,180.9252625,1378.81897,3,0.152551025,301.8707275,15.91913223,0.176524505,5,42.75816345,5.797012329,0.431039035,2,2.22146576690888
-705285,1573795,164.0830688,2077.683838,4,0.330101013,460.4526367,8.803535461,0.616299927,5,49.89899063,9.443342209,6.607322693,2,9.40718756927894
-1085285,2243795,191.1237335,2243.992676,4,0.240600005,303.2163086,2.215800047,0.283294201,5,37.95999908,3.538156509,-2.315172672,2,3.83455146951233
-965285,2003795,170.9940491,1975.638184,4,0.319999993,369.3954773,5.918353558,0.420161158,5,65,5.040336609,2.146447897,2,10.2739404520664
-45285,1583795,162.1135864,372.7590027,2,0.327575743,939.8331299,13.93924236,0.683830798,6,82.67373657,2.850065231,0.002716253,1,12.8629676711942
-1055285,1063795,212.4496307,1313.45813,2,0.168799996,253.8382721,16.42354965,0.196810186,5,40.67599869,1.653811812,-1.53875792,2,1.4502150087652
-1065285,1143795,137.8424835,1497.46875,2,0.180800006,317.7229919,15.05500031,0.191746563,5,40.92399979,4.879283905,1.501798153,2,2.94489992070096
-925285,1793795,197.3006439,2970.210938,3,0.143020838,523.5764771,2.798802137,0.577355087,4,42.99583435,15.00358772,-5.240873814,4,6.68906747147081
-525285,1823795,131.8188782,1235.94104,2,0.319999993,443.5501404,10.5605154,0.455001831,7,85.23092651,1.246403694,-0.003283753,3,5.7568523719272
-655285,1743795,162.419281,1446.141235,2,0.351770848,326.6488037,10.60989571,0.253867298,6,66.56874847,1.304995894,1.078315735,1,4.83924291865348
-405285,1793795,149.4594574,896.3076782,2,0.319999993,522.6516724,11.25767994,0.467095226,7,85.21958923,1.266283989,-0.448625058,3,6.31805776954958
-1045285,1873795,134.4573059,1649.893311,4,0.319120884,298.2607727,10.26538467,0.278514802,5,53.09450531,9.399725914,-2.540087223,2,0.960634788659474
-1175285,2403795,157.1157227,2243.383789,4,0.146874994,1020.042236,1.18324995,0.504519999,5,51.70624924,19.41356659,6.109728336,2,11.9678290490428
-805285,2303795,144.391983,1717.28479,2,0.303000003,350.1773071,6.475399971,0.346449524,6,46.58300018,3.676404476,2.944645166,1,6.27239740849786
-165285,1713795,147.4860229,492.9065552,2,0.319375008,767.5706787,12.99432278,0.572924912,6,71.50624847,1.653061986,0.080058634,1,7.55599464481136
-1045285,2433795,132.1947784,2426.597656,4,0.212200001,570.395813,2.547199965,0.489618003,5,57.00500107,11.76716995,-1.331243753,2,9.5545225153135
-215285,1563795,164.7494659,427.0106201,2,0.365876287,751.5793457,14.56711388,0.397750556,7,82.62062073,1.128486872,0.111919194,3,4.34102816063118
-865285,1493795,177.7711182,2601.936035,3,0.160606056,491.1123352,6.320706844,0.606539905,4,56.22525406,10.44464016,5.159536362,4,6.99518766096273
-775285,1253795,158.000824,1256.487183,2,0.4384,350.2553101,14.60865021,0.210969165,6,62.95199966,2.025633335,0.818067372,1,3.06582514697601
-965285,1773795,176.1508636,2568.416748,3,0.227682933,349.4072266,4.593841553,0.364511669,5,53.82561111,16.05340004,7.788912296,2,5.65420423152156
-1145285,1523795,172.8020325,2580.380127,1,0.242799997,574.3551025,5.601449966,0.560192347,4,32.02799988,10.20534134,6.164215565,4,9.23724948218644
-925285,1193795,234.7232513,1563.064819,3,0.363030314,351.3548584,14.06510067,0.214111462,5,51.55858612,4.281833649,0.734704554,2,1.98657290601018
-1205285,2373795,169.580307,2476.885498,4,0.098070174,1066.542847,2.221929789,0.677168965,4,56.26315689,19.41049957,-6.780606747,4,16.0681583854411
-875285,2453795,148.0489655,1896.323853,1,0.260500014,605.1724243,5.170050144,0.657906234,4,55.73199844,14.58434105,-3.101523399,4,12.3216605218892
-1105285,1323795,193.8055573,2317.490723,1,0.2491,368.2008057,8.189599991,0.283793569,5,38.42100143,2.635037899,-1.433990479,2,3.46268458351341
-1145285,1343795,180.7679291,2077.175293,3,0.227200001,282.1085205,9.501150131,0.226888984,5,53.73199844,5.260560513,0.499303907,2,2.09333840980545
-25285,1773795,161.2080841,368.1755066,2,0.326382965,899.4817505,12.43595791,0.733724773,6,83.58404541,3.812701225,-1.786845326,1,12.8664943069532
-595285,1793795,162.6964874,1443.275879,2,0.268453598,409.7302246,9.878917694,0.382201105,6,53.25257874,1.467180848,-0.277523249,1,3.49833167986722
-1065285,1053795,201.2764893,1258.467163,2,0.233899996,252.8739929,16.68449974,0.176991984,5,40.54700089,1.425769925,-0.588555157,2,1.37242923013006
-1105285,1943795,222.065506,1945.919556,3,0.200000003,303.680481,8.258088112,0.252825916,5,50.91764832,10.72766113,1.02500093,2,2.71963756696801
-1085285,1933795,181.3247833,2141.447754,3,0.207200006,391.361908,7.409450054,0.424731493,4,53.33000183,12.81991386,-5.263885021,4,5.19735710575231
-765285,1203795,221.6652069,1143.892212,2,0.328367352,368.3505249,15.18142891,0.253084064,5,45.72040939,1.42661345,0.197527558,2,0.525524578383482
-1025285,1103795,182.4652863,1377.5271,133,0.134499997,281.0563049,16.39800072,0.174152523,5,46.46300125,5.892882347,-0.621851802,2,2.059136329698
-1135285,1093795,170.8565063,1424.378052,2,0.257395834,302.896698,15.17828083,0.194054604,5,42.63750076,1.744409442,-0.15893881,2,1.43654207433073
-285285,1713795,185.7464447,647.6720581,2,0.319999993,613.7539063,12.62651062,0.517869294,6,81.375,1.770004511,0.473358631,1,7.71539922982394
-915285,2303795,204.1899567,1924.190063,4,0.263737381,235.8166809,5.653030396,0.198905066,5,48.61212158,3.334107161,-3.581224203,2,2.53238860130659
-885285,2293795,162.8519592,1721.962036,2,0.358888894,297.0151672,6.908232212,0.219411448,6,58.09899139,2.754801273,-1.734025121,1,2.69914610589483
-775285,1353795,170.3857422,1459.501587,2,0.298367351,393.4120483,13.70734692,0.243449703,6,35.44693756,2.239217043,-0.096880026,1,2.51254774636832
-735285,1083795,184.1750488,1048.769165,2,0.163800001,352.734314,16.61084938,0.258623034,5,15.81700039,1.253692865,1.629005432,2,1.38924901259086
-475285,1573795,159.6574707,969.302002,2,0.178383842,467.1341553,12.94106102,0.601181269,7,23.36262703,0.960182965,0.202598095,3,6.04925791534611
-805285,1723795,185.2391357,2668.624023,3,0.069793813,505.95755,5.233092785,0.450625777,6,35.58556747,8.50104332,-0.942748964,1,9.2592148990506
-1065285,1773795,213.9698944,2571.932129,3,0.250699997,710.1225586,6.381700039,0.734142184,4,59.50299835,8.46352005,2.805634499,4,11.8383837076742
-645285,2393795,204.4010468,1790.72876,1,0.370000005,611.1077271,4.615550041,0.75642395,4,68.7440033,7.533218861,-0.925777495,4,10.8856804146152
-875285,2393795,138.5288849,2528.825684,4,0.247999996,533.7575073,2.138849974,0.601850927,4,39.90000153,7.110517502,1.516786098,4,10.7995509506125
-1085285,1163795,149.5713501,2083.907471,3,0.129999995,596.9368286,11.7177496,0.447385192,4,49.52000046,16.46134377,-12.12149906,4,7.47057877595898
14715,1873795,160.6340332,388.4125366,2,0.370000005,885.5159302,11.50046539,0.712424338,7,73.57093048,2.14168191,0.615199566,3,10.953426323401
-1145285,2363795,142.9497528,2660.852295,5,0.100526318,607.5384521,0.47589463,0.613379359,4,44.57368469,12.48146248,-0.639320314,4,12.6186934648801
-485285,1583795,133.5050659,984.7870483,2,0.240860209,457.5474854,12.86844063,0.43697539,7,46.6634407,0.890052736,0.130169556,3,4.58944653432218
-505285,1943795,107.8999863,1106.877808,2,0.180000007,463.6470032,10.25500011,0.593401492,7,21.20000076,0.948687911,-2.339135647,3,7.30018312315342
-395285,1613795,120.4636383,846.2496948,2,0.331979156,528.2319946,12.63604164,0.610755742,7,74.86875153,0.934213698,0.042417042,3,6.26319802443269
-1135285,1063795,140.2518768,1472.281128,2,0.134499997,307.7723999,15.12125015,0.178502232,5,54.89500046,3.038888693,-1.505255342,2,2.15727358896124
-665285,1543795,171.5651703,1736.610718,2,0.193399996,421.6940918,10.71700001,0.344148248,6,48.25,4.03920126,1.592532039,1,3.84158196026341
-1045285,1983795,199.1568604,1848.622314,4,0.339899987,331.7408142,7.536550045,0.261325032,5,60.91400146,7.358257771,0.44580406,2,4.86482923987882
-795285,1613795,132.9260101,2883.766846,3,0.1875,663.4373169,4.781927109,0.677294433,4,36.77500153,16.23775101,3.637610912,4,11.5110538775128
-755285,2333795,141.2633972,1485.535034,2,0.319999993,324.578186,6.978449821,0.321799695,5,47.97999954,1.624822617,-0.57865268,2,6.36231408819446
-815285,1303795,154.4549561,1668.477783,2,0.370000005,366.1252136,12.76659966,0.253808796,6,54.86000061,1.551374316,0.157055214,1,2.55890119182275
-775285,1593795,157.6419983,2272.469482,3,0.146391749,495.3379822,8.540670395,0.558439732,4,35.96907043,12.45221043,4.143772125,4,5.73351796967912
-795285,1803795,176.5388641,2669.459961,3,0.058247421,405.2114868,4.096391678,0.494411409,4,35.09484482,5.877120018,-1.006525874,4,10.3468659121755
-1175285,2473795,161.5338898,2462.721436,5,0.194285721,905.0341797,0.65530616,0.564565063,4,55.79387665,5.942254543,0.547269821,4,10.0695543529219
-15285,1583795,170.7197876,306.7015686,1,0.383265316,1013.974854,13.81173515,0.72742337,6,70.19898224,2.396735191,0.636203945,1,12.2789021894421
-1065285,1953795,176.4254761,2246.003906,3,0.201199993,477.0202026,6.484799862,0.504475951,4,52.31299973,14.62140656,7.301391125,4,5.98365536849953
104715,1623795,164.9904938,295.6928406,2,0.275326073,1136.330688,13.7659235,0.720091879,7,79.56413269,1.580040097,0.594900489,3,8.57173700999176
-675285,1073795,148.1715393,1077.397339,2,0.170000002,385.4989014,16.28464699,0.281070232,5,14.38484859,1.459420323,0.564722419,2,2.10304028406874
-875285,1783795,105.123703,2863.0354,3,0.161428571,383.3701172,3.410000086,0.465977192,4,35.72755051,16.51425934,10.21223354,4,7.44296571501731
-785285,1673795,172.9579315,2253.265137,3,0.12676768,499.7944641,7.820555687,0.353889346,6,46.95858765,9.808605194,-0.438049734,1,2.94655863022362
-915285,1863795,157.7641296,2998.662842,4,0.141170219,601.828186,2.671489239,0.716291249,4,42.28191376,19.03767586,8.280773163,4,14.8510510813477
-635285,2423795,107.496933,1111.595825,2,0.394800007,498.2578125,7.667600155,0.520228326,5,75.7480011,3.834187031,-5.498000622,2,9.30813858287203
-865285,2103795,176.732193,2582.449951,3,0.212525249,606.7332764,2.645757437,0.646157622,4,40.76969528,5.709973335,-2.048182964,4,9.76025551578252
-875285,1773795,116.9169693,2722.626709,3,0.142421052,313.0541077,4.878684044,0.479989767,4,35.08631516,10.04174423,-2.068176746,4,7.82210023876943
-795285,1593795,166.1791077,2701.731689,3,0.167575762,560.175293,6.139595985,0.575229168,4,38.83333206,12.17517567,-7.248455524,4,7.01695514793138
-725285,2483795,188.6700897,1138.218994,2,0.358636349,391.4221802,7.12681818,0.426575691,6,62.65000153,5.693599701,1.563293695,1,8.38156586276914
-675285,1783795,147.5330353,1674.620728,2,0.213043481,373.3766174,9.172119141,0.340693623,6,41.32500076,1.818567038,-0.05599786,1,3.13455760915619
-575285,1603795,142.9352875,1318.739868,2,0.237083331,434.4359741,12.08807278,0.363359451,6,48.02708435,1.274408937,0.480269611,1,3.56717624238534
-895285,1153795,156.5198059,2494.091797,1,0.269400001,697.0344849,8.152700424,0.654231787,4,66.20200348,12.67917824,-7.485105038,4,8.75381369010514
-845285,2203795,193.2779694,2130.212402,4,0.339148939,383.8154907,5.13765955,0.290874362,5,55.45531845,6.44268322,-1.0141958,2,5.20160802437596
-685285,1973795,183.0236969,1457.421143,2,0.296458334,354.8478394,9.253072739,0.340537846,6,48.42708206,1.664623141,-0.761565447,1,3.2660835207875
-215285,1713795,140.7887726,542.6036987,2,0.387731969,692.2258301,13.05252552,0.517911732,7,75.55773163,0.798063993,-0.119550787,3,6.08440529970571
-1055285,1733795,186.5947723,2511.32251,3,0.257200003,537.8482056,5.556350231,0.579661846,4,63.58399963,13.16593647,-3.260693789,4,7.02477325331989
-665285,1993795,157.6660767,1484.855591,2,0.239896908,371.5242615,8.912319183,0.373937845,6,47.86082458,1.984473825,-0.491407365,1,4.78970999897755
-455285,1873795,141.0942383,1013.016724,2,0.319999993,538.2312622,10.71058464,0.468060344,7,87.20106506,1.656208396,-0.351218402,3,6.68962281887325
-1095285,1633795,188.394104,1932.538086,3,0.274300009,347.2355957,9.980600357,0.287362456,5,52.06700134,14.11925411,-4.385397911,2,2.86693370256563
-875285,1303795,162.2834015,1913.908081,2,0.370000005,391.1933899,10.91985035,0.250307977,6,56.5909996,1.822941661,-0.483526051,1,4.04189026453665
-135285,1613795,165.2863617,410.1402893,2,0.366559148,806.5957642,13.92284966,0.503121257,7,68.14193726,0.933156729,0.089041688,3,5.39840415390377
-315285,1703795,163.3753052,684.9463501,2,0.319999993,569.0808716,12.5852108,0.430945724,7,81.40000153,1.191684842,0.610910773,3,5.69621362123468
-725285,2113795,166.7043915,1675.305054,2,0.322688162,406.9291077,7.985913754,0.36038202,6,37.19462204,2.081707239,0.365538269,1,5.60454100542968
-1015285,2443795,151.4109039,1629.691284,4,0.319999993,261.3726807,6.724690914,0.231865361,5,49.92474365,3.898355484,-0.155254543,2,2.56276600817094
64715,1843795,154.1358185,317.1136475,2,0.32364583,946.4889526,12.10687542,0.768986404,7,79.19895935,2.632703066,1.29543221,3,8.92630430813096
-775285,1583795,159.8347931,2389.817871,3,0.150000006,512.3892822,7.78494978,0.579657376,4,34.09999847,8.244813919,-3.726306677,4,5.61191139261141
-225285,1783795,159.1891174,506.6518555,2,0.319999993,669.3209839,12.25273228,0.560221314,6,81.44742584,2.878669739,-0.205297008,1,10.9892347805117
-665285,2123795,158.9772949,1283.830933,2,0.293731332,382.1655579,8.868955612,0.482278228,6,31.88805962,1.519884586,0.239107758,1,6.08030624423208
-535285,1833795,150.2116241,1249.850098,2,0.326808512,446.3731384,10.49813843,0.437970906,7,83.44680786,1.170576453,0.032721616,3,5.06727196886148
-815285,1683795,141.3242645,2618.303711,3,0.135937497,420.1631775,5.504323006,0.477550089,4,42.09791565,7.985294342,-4.011372089,4,7.67611585651656
-215285,1833795,145.0906525,466.2697144,2,0.319999993,671.4984741,11.72768402,0.491293132,7,81.72737122,1.206157923,-0.507322073,3,7.92769629771423
-175285,1633795,147.7458954,472.8527222,2,0.200000003,780.5007324,13.68921089,0.50965941,7,36.42842102,1.324523091,-0.199416474,3,4.50801089300648
-935285,1643795,184.3191528,3419.169434,4,0.12358696,1323.613403,-0.242119521,0.535992205,4,51.24456406,21.07514763,29.91514778,4,16.2879100324123
-935285,1163795,196.2700653,1299.053101,133,0.390606046,275.0220337,15.85843468,0.197218478,5,64.15454865,0.819934905,-0.049221706,2,2.23763892918822
-1055285,1183795,141.2690735,1522.238647,133,0.231000006,274.7683105,14.79374981,0.170607865,5,44.47999954,4.491535187,-2.174119711,2,2.92084202790337
-835285,1383795,150.7846375,1769.842407,2,0.153999999,417.8327942,11.55045033,0.289609075,6,38.49000168,3.5534935,-2.13498807,1,3.39947747244472
-655285,2253795,143.3752899,1249.629761,2,0.370000005,409.4755859,7.967133999,0.370549828,6,78,2.799628735,0.633405864,1,8.50463068610601
-1145285,2113795,134.521347,1982.482178,4,0.319999993,239.0809479,6.342150211,0.152514026,5,36.40000153,2.195709467,-1.183162093,2,2.45265270608613
-775285,1733795,161.2851257,1614.340088,2,0.295306116,336.6878662,10.98938751,0.263411194,6,74.44081879,2.330950022,-0.706358969,1,5.07987977707128
-1055285,1853795,214.4818268,1667.428955,3,0.209999993,305.1908264,10.65576935,0.302881002,5,48.84725189,10.17412472,5.103932381,2,2.18665296687042
-515285,1643795,145.7105408,1054.420898,2,0.296000004,432.7995911,12.42755032,0.407964021,7,67.51999664,0.73578161,-0.065964133,3,3.61390855153247
-65285,1613795,170.8034363,433.2064209,2,0.388297886,909.098877,13.51260662,0.673776269,6,81.97766113,1.360996485,0.043612868,1,14.9801858419885
-935285,1293795,194.8327026,1991.58374,1,0.114399999,427.2376099,10.97859955,0.297516316,5,49.47600174,4.464932919,0.615938485,2,2.78239729772019
-115285,1643795,177.6400604,426.1737061,2,0.289870143,830.220459,13.50772762,0.589075387,6,80.89090729,1.034561634,-0.560392857,1,4.87088924918706
-1175285,1343795,157.4505005,1987.499756,3,0.359600008,271.6231995,9.905150414,0.182293862,5,43.50400162,3.449350119,1.200728774,2,2.29702609699412
-985285,1833795,164.8981628,2454.901367,3,0.224141419,577.9699707,5.943333149,0.79339534,4,64.18585968,14.10943222,3.935023546,4,10.3146574246601
-765285,1763795,155.3711395,1967.467163,2,0.198163271,466.5967407,9.520969391,0.389717698,6,49.51428604,5.918680191,-0.819740415,1,5.23035215287298
-1095285,2133795,171.0132599,2015.667236,4,0.342631578,234.6794586,6.205368519,0.203786731,5,42.50105286,5.251729488,-3.986586809,2,2.4818786597399
-1055285,1823795,193.9485168,1666.900757,5,0.199896902,275.4949951,10.67412376,0.181487799,5,57.80927658,7.193170547,-1.566262126,2,1.74952892536306
-1075285,1453795,173.4199829,2237.028076,3,0.175500005,328.9797058,8.484100342,0.217867866,5,50.17599869,4.826703548,-1.894313097,2,3.51505468879983
-915285,1943795,150.0523529,2689.18335,3,0.191752583,593.5250244,2.956082582,0.61193794,4,57.52164841,7.081707001,-1.242362142,4,8.11119636749881
-1025285,2033795,195.2382507,1916.47937,4,0.266000003,326.3067017,7.013999939,0.193909034,5,46.52099991,6.324061394,6.357321262,2,2.60495843540579
-85285,1713795,192.2722473,435.7334595,2,0.319555551,855.2651978,12.69872189,0.620973945,6,82.51333618,1.318338275,0.234893858,1,9.43372398689089
-1075285,1303795,149.2780914,2327.901611,3,0.282900006,371.9916992,8.603899956,0.273660779,6,46.33200073,5.689278126,1.198596478,1,4.12341361043581
-795285,1163795,129.6956787,1153.463867,2,0.327699989,355.848114,15.18785,0.211220875,5,64.87000275,0.908684909,-0.20094566,2,2.83718674838465
-1125285,1133795,177.2587128,1650.016113,2,0.259574473,357.4303894,13.8722868,0.178807855,5,55.44042587,2.430011988,-1.859702945,2,1.99078094855264
-975285,2293795,174.8443756,1574.672241,4,0.370000005,197.3477936,6.762599945,0.19256404,5,47.30400085,1.614104748,0.699556708,2,2.0367755582935
-1125285,1643795,189.8542328,1789.561768,5,0.335200012,301.2897949,10.6281004,0.208736807,5,60.88999939,4.219743252,-1.695899367,2,2.71024773655142
-1135285,2393795,190.7141266,2678.451172,5,0.370000005,945.0010986,0.17579785,0.645642161,4,47.09999847,12.91383266,3.219176292,4,12.3964257441449
-705285,2173795,177.7449493,1384.253662,2,0.276354164,346.3887024,8.438489914,0.350468099,6,35.17291641,3.635610104,-0.904281497,1,4.27216683405856
-775285,1953795,146.9971924,1692.850098,2,0.226847827,426.796051,9.186249733,0.436644018,7,46.66847992,9.384835243,-0.533773959,3,6.63746345963791
-915285,2033795,187.3959351,2598.807617,3,0.155052632,757.8380737,2.756052732,0.746910155,4,47.74210358,12.30558109,6.191670418,4,12.9634647637838
-1165285,1213795,182.6491089,2671.437988,1,0.172900006,866.5068359,7.534699917,0.688968182,4,58.23099899,23.50740242,10.97794914,4,15.2558201121874
-855285,2053795,197.6559601,2685.33252,3,0.170000002,554.1359863,1.751350045,0.63721168,4,35.29999924,9.150081635,1.641156673,4,8.74822822946972
-155285,1643795,165.8164368,457.7645264,2,0.352391303,802.0973511,13.49940205,0.506698549,6,62.82608795,1.056029558,0.57420218,1,5.4092820931242
-1015285,2013795,178.6802216,1879.84729,4,0.257216483,342.8582764,6.316288471,0.320899427,5,20.15154648,4.179285526,0.02362868,2,3.43424738423999
-1025285,1133795,170.2315674,1345.97229,2,0.256599993,284.4242859,15.67080021,0.163394049,5,44.83000183,2.856990337,-0.424128532,2,1.67983768837962
-795285,1413795,151.2090454,1785.5625,2,0.140799999,440.7608948,11.02620029,0.322597533,6,40.95800018,6.260272503,-1.032563925,1,3.91214852410711
-1045285,2133795,179.2472992,2079.937744,4,0.331999987,183.3710022,5.400300026,0.177175924,5,42.44800186,3.607872248,0.163259804,2,2.12321132397113
-1005285,1453795,148.2890778,1938.792969,4,0.195999995,255.6455536,10.61610031,0.193473026,5,47.14799881,6.75504446,0.867423296,2,2.74755922093217
-995285,1353795,126.7884903,1587.364868,5,0.206100002,245.1535492,12.95219994,0.158980027,5,27.76099968,2.216092825,-0.349803001,2,2.39875982413211
-555285,1743795,195.2113495,1247.192993,2,0.265656561,381.3510132,10.95227242,0.320705146,7,62.95959473,1.137232184,0.298870623,3,2.8724006711518
-925285,1093795,232.1104889,1334.949341,2,0.272000015,287.0458984,16.33905029,0.195559964,5,65.57099915,1.735268712,-2.187981367,2,1.96716682651005
-955285,2363795,176.2651672,1434.289795,4,0.324545443,320.0609131,7.606262684,0.239570141,5,57.83636475,3.967442274,-1.945427537,2,2.07044532590321
-655285,1663795,174.8519897,1359.837036,2,0.338877559,378.0869446,11.95709229,0.258626401,6,71.0938797,2.415304422,-0.840983689,1,5.26957648451371
-275285,1553795,164.0957031,560.8078613,2,0.364545465,670.1644287,13.83575726,0.513728619,6,63.59394073,2.637087584,-0.725264192,1,6.89282673969542
-1145285,1503795,184.3514557,2337.167236,3,0.206799999,442.8078918,7.642399788,0.344435602,6,35,10.50259399,-2.081816435,1,3.79400947903178
-985285,1653795,169.1379852,2659.116699,3,0.314545453,649.4672852,5.104646683,0.716940641,4,58.50403976,18.099123,4.697439671,4,14.319276709422
-405285,1803795,143.1902771,905.5037231,2,0.319999993,520.2249756,11.20884228,0.462911248,7,88.36315918,1.322347403,0.449655563,3,6.68724884065253
-685285,2413795,190.1972504,1382.249023,1,0.321122438,481.109314,6.607398033,0.619237304,4,49.89387894,8.710911751,-0.07319244,4,9.80782252468253
-1135285,2513795,173.2889557,2395.378906,5,0.194999993,736.9723511,1.154350042,0.612506151,4,53.88800049,13.48994446,2.527381897,4,10.552689367102
-1045285,1643795,155.3461609,2162.544189,3,0.320337087,521.7387695,7.657865047,0.535151482,4,51.36292267,12.23073101,4.318543434,4,6.30630293690015
-905285,1853795,164.8082581,3330.514648,131,0.071999997,771.3436279,0.072050005,0.54930079,4,36.37200165,21.42025375,7.65057373,4,16.0804460254981
-1055285,1573795,175.1369934,1809.041748,4,0.059599999,246.4992981,10.69839954,0.16185604,5,45.80199814,4.106878757,0.723389745,2,3.81798722235309
44715,1803795,168.2299957,301.4278564,2,0.3659091,964.142395,12.4496212,0.747011781,7,78.19545746,3.046946049,0.55947715,3,12.1903393369144
-795285,2293795,174.3904114,1695.873413,2,0.319999993,325.8738098,6.60804987,0.356324106,6,38.49000168,3.457541704,0.427756011,1,4.66713355076014
44715,1713795,174.7336578,334.6343689,2,0.349587619,969.2716064,12.61128902,0.717823863,6,78.88762665,1.702884793,1.127590179,1,11.3162447230318
-995285,2053795,180.5213776,1958.976196,4,0.320306122,306.2257385,6.181836605,0.231009066,5,32.94693756,4.066312313,1.501503706,2,3.02875407681928
-645285,2433795,146.1001892,1142.634888,2,0.312244892,503.1670532,7.320204258,0.55359441,6,50.95101929,5.231607914,2.744776011,1,9.683256996252
-875285,1763795,155.726532,2761.409668,3,0.164700001,317.600647,4.38985014,0.559289336,4,35.60400009,14.83440495,3.119346857,4,7.9422972342752
-1035285,1313795,179.7472382,2069.245605,3,0.147599995,332.467804,10.87884998,0.220469534,5,40.06000137,6.994992733,2.601601839,2,3.01797301176417
-775285,2183795,192.9775238,2262.712646,2,0.182828277,527.9849854,4.355959415,0.515417993,4,41.35959625,12.09461975,9.411273956,4,6.34826053139988
-765285,2023795,152.0697784,1911.065186,4,0.354285717,422.4831848,7.073009968,0.383505613,6,47.42346954,8.178901672,1.2818892,1,9.26565180001224
-815285,1623795,195.8075256,2974.052734,3,0.221799999,532.7250977,3.619800091,0.59248513,4,36.57600021,16.08198929,14.96983528,4,7.27980519671728
-365285,1743795,136.8722992,795.9595947,2,0.319999993,569.1705322,11.92979336,0.414384365,7,81.037117,1.544712067,0.178125799,3,6.16890776531098
-825285,2073795,160.088501,2281.972168,4,0.256703287,328.6749268,4.809999943,0.322153091,5,38.03076935,3.419158459,-1.649836183,2,4.81559349005452
-305285,1803795,167.8260193,672.7955933,2,0.319999993,593.3945923,11.58785725,0.476399988,7,80.52857208,1.652911305,1.747050762,3,5.64963021026705
-755285,1323795,192.3256836,1359.000488,2,0.264166653,380.164093,14.26838589,0.258823663,6,29.78333282,1.771610379,0.354322791,1,1.28056627157305
-695285,2023795,150.134491,1605.496948,2,0.182989687,360.7935486,8.514278412,0.375122249,6,44.7463913,1.236613274,0.148446172,1,4.58023576954288
-1185285,2443795,211.493988,2154.579834,5,0.15419355,1091.602661,2.846021414,0.70655179,4,54.96559143,6.435949802,-6.054884434,4,11.7739364736812
-1065285,2063795,119.5424576,2237.952881,4,0.315200001,347.0032043,5.900400162,0.275905639,5,37.18799973,6.453209877,-6.609884262,2,4.42590155752965
-675285,2333795,152.9519196,1239.994629,2,0.319999993,331.658783,7.871818066,0.325839847,6,42.88787842,2.399540186,0.650009811,1,4.07309102968337
94715,1783795,170.5138397,280.6882935,2,0.316000015,988.8839722,12.53368759,0.723615766,7,76.54374695,2.571846008,-0.173765555,3,12.0240316228395
-435285,1673795,161.3073425,893.053833,2,0.281318694,489.9766846,12.08758259,0.54679215,7,55.16593552,1.060937285,-0.043403756,3,3.98730763402132
24715,1853795,161.1735992,343.902771,2,0.358131856,913.7832642,12.04340649,0.735916913,7,76.11428833,1.945362329,0.003946374,3,10.6296118062466
-875285,1223795,141.9614868,2058.626953,1,0.366600007,443.4718018,11.07509995,0.342982948,4,56.03900146,6.220723152,-4.68328476,4,4.55667261973084
-815285,2413795,153.1924896,1329.1875,2,0.319999993,351.5302124,7.2572999,0.32070598,6,54.24000168,6.648512363,1.248482943,1,7.80982037679067
-595285,1683795,147.6112061,1188.933594,2,0.345699996,356.23349,11.96039963,0.299503118,6,71.96800232,1.521816969,0.161061421,1,6.35368397024635
-485285,1853795,170.5175781,1090.942017,2,0.319999993,483.3753662,10.69557285,0.44917351,7,88.27603912,1.209107399,0.352526575,3,4.5895461768984
-875285,2403795,136.1227264,2680.908447,4,0.219999999,585.8189697,1.053000093,0.597149193,4,40.72000122,9.665373802,6.311703205,4,9.77496832684497
-1045285,1353795,180.042923,2109.273193,3,0.181299999,400.6983948,10.41924953,0.216348842,5,52.5340004,5.581123352,-1.707459211,2,2.5838162846235
-1155285,1413795,194.9138794,2015.446533,3,0.280416667,357.3829651,9.923125267,0.244160041,5,53.54583359,4.227758884,-2.376195669,2,3.25545359860094
-195285,1763795,161.7336731,513.5410767,2,0.319999993,719.0912476,12.49361134,0.551882386,6,79.31777954,2.136215687,-0.304137409,1,10.1797233485654
-535285,1603795,133.837265,1135.723755,2,0.24585858,433.0804138,12.37636375,0.428905666,7,51.59494781,0.828978121,-0.004758354,3,3.58879783556795
-725285,1433795,167.5107574,1465.463379,2,0.323599994,398.4121094,13.05819988,0.265578032,6,43.24900055,2.059440136,-5.670695782,1,2.94527333274641
-675285,2423795,186.8250275,1549.962402,1,0.36500001,593.4263916,6.389949799,0.768144488,4,54.99000168,9.369283676,4.512703896,4,10.7226668937373
-935285,1813795,200.2796021,2992.823486,3,0.2116092,674.2595215,1.579425335,0.684369624,4,47.46091843,15.15106678,-1.631630182,4,12.2611252362814
-635285,1343795,150.8619232,1318.345215,2,0.298275858,454.9555664,13.64724159,0.327495486,6,59.94137955,2.027626991,-1.515152693,1,4.16150635945461
-1205285,1073795,161.0219727,1329.148438,2,0.284000009,301.8804932,15.87045002,0.196257815,5,51.67300034,1.214297891,-1.650246382,2,1.21637631663557
-955285,1443795,203.7829437,1879.921875,5,0.089199997,334.8104858,10.94925022,0.226689413,5,29.2159996,5.719882965,-0.533584952,2,2.35246345180657
-1165285,1423795,172.15625,2053.310303,1,0.239399999,354.9657898,9.528100014,0.262740403,4,40.06399918,3.773756742,0.666300416,4,2.41610367220298
-995285,1883795,157.5782318,2076.311523,4,0.280000001,422.7311401,8.013775826,0.482434094,5,55.01938629,8.680914879,-3.781744242,2,6.24357570394041
-805285,2173795,170.3018494,2189.714111,4,0.291836739,334.2124634,4.122704029,0.274796128,5,39.46938705,2.078565836,-1.109122634,2,3.91826697230803
-675285,1943795,138.3608856,1371.467651,2,0.247415736,360.1195679,9.629157066,0.496149719,7,50.36404419,1.091891646,-0.061086241,3,5.6713452636618
-895285,1813795,196.9978485,3465.561768,131,0.142553195,674.2341309,-1.573404193,0.427117825,3,41.03084946,22.08616257,0.737450659,,9.36764465121922
-865285,2173795,168.5052643,2347.744873,4,0.202700004,491.9041138,3.444700003,0.488241643,5,44.31299973,10.64400864,16.81150818,2,6.09672823004017
-505285,1643795,127.658783,1019.872925,2,0.286938787,432.3712463,12.50938797,0.425932407,7,65.1459198,0.79134208,0.004800405,3,4.77260202716308
104715,1783795,175.7153625,280.8224182,2,0.301666677,990.9827881,12.56895828,0.729651093,7,83.25208282,3.513042927,0.249844059,3,10.8000534581149
-1105285,2303795,205.2828064,2953.404297,5,0.077551022,808.8535156,0.425510257,0.460529625,5,45.92856979,15.61236095,4.587117672,2,13.5522869336867
-775285,1093795,181.2029877,1012.690918,2,0.302236855,328.0192566,16.24980354,0.230801731,5,58.68421173,1.673925996,1.819696903,2,2.00951787528343
-875285,2063795,190.3106384,2385.913818,4,0.256170213,430.2096252,3.863031864,0.415890098,5,45.60850906,6.716378689,5.477981091,2,6.02204170709504
-975285,2273795,169.090332,1721.506226,4,0.368484855,231.5387726,6.546616077,0.201243773,5,46.9262619,2.760755062,-0.242500722,2,2.19255709323393
-1025285,2483795,102.21875,1526.498291,133,0.319999993,257.2838745,7.015885353,0.488300741,7,49.10520935,2.993834019,-1.584959626,3,6.36815504476895
-965285,1463795,160.4306946,2186.874268,3,0.169072166,483.4651794,8.692886353,0.515471697,4,44.79278183,14.08684063,6.92307663,4,4.21657913773276
-695285,2083795,160.4093781,1630.655884,2,0.228936166,410.0450745,8.315638542,0.388065189,6,31.81489372,2.17990756,0.026306247,1,4.08240732338669
-915285,1173795,190.2459869,1861.606934,3,0.213400006,539.9111938,12.21245003,0.310649604,5,56.86999893,10.94218159,-0.341190606,2,3.48151040265183
-765285,1123795,180.8479614,1075.744507,2,0.288599998,353.4176025,15.70069981,0.210481554,5,50.57500076,1.673511147,-0.253770262,2,1.1591088181351
-885285,2043795,155.644989,2833.327148,3,0.128105268,778.4985352,0.947052598,0.622853518,4,38.71368408,11.01887131,8.811431885,4,9.5537230301756
-825285,1553795,158.2199554,2932.505615,3,0.186494842,549.4055786,3.963195801,0.551225662,4,44.28041077,13.12260818,-5.443492413,4,6.82690685698871
-1075285,1663795,209.8714294,2326.657471,3,0.083999999,533.9396362,6.784500122,0.540173471,4,57.32110977,5.38265419,-2.480853081,4,5.91733004352406
-1165285,2123795,170.2823944,2089.004883,4,0.319999993,220.103302,5.42869997,0.19625774,5,36.40000153,3.212856054,3.099921465,2,2.45686645894309
-915285,1923795,181.699234,2489.397217,3,0.204242423,374.9375916,5.208232403,0.41821152,5,55.58282852,10.56252289,-11.54690647,2,5.01904974312261
-425285,1883795,145.7051239,904.8508911,2,0.319999993,543.5837402,10.50310516,0.461416572,7,87.60736847,2.155292749,-0.213737369,3,6.78335714553736
-515285,1683795,173.9717407,1041.473755,2,0.383033723,432.1512451,11.93061829,0.387485176,5,73.27640533,1.679884672,-1.313866615,2,5.63895538891367
-1205285,1193795,160.7817535,1822.044189,1,0.145846158,484.236084,12.95430756,0.422641695,5,47.98769379,8.786455154,-4.277846336,2,4.71045899408254
24715,1873795,147.8453674,348.6672363,2,0.36689654,900.4157104,11.66735649,0.754587233,7,78.48965454,2.186130285,0.99283433,3,9.88503493966988
-585285,1643795,153.0739899,1351.875122,2,0.363999993,414.8218994,11.86219978,0.314767808,6,66.71800232,1.588922262,0.048947141,1,3.55122547952932
-915285,1843795,196.5482788,3287.714355,4,0.0703125,723.9453735,0.185208395,0.608264685,4,36.58124924,17.69894218,10.20246887,4,21.2827323234141
-585285,1893795,149.336731,1353.630005,2,0.177653059,437.5597229,9.846837044,0.429924488,6,17.35612297,1.328567624,0.00190652,1,3.19476658278319
-655285,2263795,137.2778931,1254.508545,2,0.370000005,409.236145,7.946136475,0.343455166,6,78,2.5222404,-1.419932246,1,7.52506755718225
-965285,1513795,170.9770966,2676.278809,3,0.278499991,623.4882813,6.529600143,0.661756396,4,55.64799881,12.35567665,5.814381123,4,12.6361599312311
-705285,1743795,148.3769684,1576.123901,2,0.196875006,327.6248474,10.46645832,0.292760313,6,32.87812424,1.07047236,0.050234519,1,1.94409987072444
-5285,1723795,177.9197235,363.7882385,2,0.430000007,934.6080933,12.56840897,0.717286944,6,81.88977051,1.296253681,-0.298351198,1,11.3838328378209
-685285,2053795,140.2838287,1626.505493,2,0.277938157,380.0705566,8.100721359,0.404054731,6,46.12680435,1.88897109,-0.581985891,1,3.32932539586611
-835285,1813795,152.498291,2761.964355,3,0.100000001,316.8434753,2.783229113,0.293045133,6,51.4375,4.163608074,0.564904213,1,3.38310539797371
-1055285,1923795,193.3519287,2414.125244,3,0.231999993,534.7875977,5.195799828,0.541527569,5,57.04000092,12.2369957,7.826323509,2,5.97813881861232
-1205285,1103795,163.1879883,1276.940308,131,0.427599996,285.5093079,16.01040077,0.116987444,3,63.02399826,1.018826485,-1.004342318,,1.83203906488476
-715285,2183795,204.0260162,1484.085571,2,0.10226804,372.8977661,7.841701031,0.373998255,5,36.55567169,7.385753155,3.938570976,2,5.90804695384311
-775285,1043795,150.4087219,1019.281555,2,0.370000005,351.165741,16.78306198,0.218205005,5,63.70204163,1.687558651,-0.572105229,2,3.19601914697008
-885285,1383795,190.8574677,2052.81543,2,0.329090923,411.1153564,9.851413727,0.244536012,6,51.39393997,2.086249828,1.088638544,1,3.93670869727261
-845285,2063795,165.3259583,2748.755615,3,0.171111107,498.8369751,1.456313133,0.63653779,4,35.44646454,8.07172966,8.718942642,4,9.12124302347655
-1125285,1593795,166.4193726,1596.469971,132,0.4969697,201.7745514,11.67141438,0.120824665,5,54.96666718,1.669799566,0.758217394,2,2.0854550827048
-1185285,2183795,153.7806702,2182.868408,4,0.309599996,297.694397,4.009950161,0.268707693,5,55.16199875,3.895363331,0.610749364,2,3.43370722355752
-785285,1493795,126.7739639,2017.498169,2,0.380520821,482.0557556,9.164739609,0.350260496,6,62.99375153,2.978450298,0.453739226,1,5.43647139735491
-1085285,2503795,166.2536621,2654.485107,4,0.092424244,736.3378296,0.992373765,0.477260828,4,53.16363525,22.39173317,-1.216845989,4,9.74288963451283
14715,1863795,167.6663971,382.7203674,2,0.370000005,890.0092163,11.60365009,0.724303544,7,73.16000366,2.287286282,0.997060716,3,11.3000113106209
-885285,1353795,220.2917328,1956.289673,2,0.370000005,400.459198,10.25590038,0.244998783,6,53.78099823,2.05161047,-0.145477906,1,3.67810710307823
-705285,1883795,149.7285919,1654.707275,2,0.297142863,408.3836975,9.637397766,0.332445413,7,53.72040939,1.495702744,0.922029078,3,3.18261774932516
-1085285,1353795,222.4681702,2269.977295,3,0.255600005,349.2626953,8.577249527,0.262575477,5,41.16400146,4.951022625,1.064275146,2,3.37884251740629
-1155285,1153795,185.1430359,1687.700684,1,0.190808088,425.5333557,13.34202003,0.266808927,5,51.99393845,5.22533989,-5.336352348,2,1.88131747935465
-805285,2183795,205.0764313,2278.610107,4,0.259278357,407.3359985,3.687989712,0.360426009,5,41.36185455,5.62812233,-0.582297146,2,4.40041619981722
-495285,1703795,147.629776,1086.992065,2,0.319999993,447.0948486,11.58974743,0.30709818,7,76.64141083,0.848412037,-0.094014101,3,3.91110089473386
-865285,1113795,160.3899994,1903.280762,3,0.251800001,468.0415955,11.33419991,0.326842815,5,62.40200043,10.20962143,6.313033581,2,5.44501234706859
-1035285,1703795,183.4501648,3396.583984,4,0.050000001,973.0510254,0.751406252,0.569379926,4,44.62708282,17.66688919,5.920955181,4,21.1279664454519
-825285,1293795,144.6722107,1700.259033,2,0.370000005,364.8088989,12.55080032,0.241937473,6,54.51200104,1.676246405,-0.629826248,1,3.5928639413786
-55285,1593795,178.0562897,431.2485962,2,0.360109895,914.8937378,13.64527512,0.712766171,6,84.30659485,2.492313147,-0.153014228,1,13.4123912492869
-705285,1173795,131.1366272,1310.027832,2,0.203571424,412.0970764,14.31581593,0.269698232,6,53.22449112,0.823826611,-0.153918207,1,2.77937706329045
-765285,2433795,145.1793823,1284.701782,2,0.319999993,391.1123657,7.351887703,0.37969926,6,54.92856979,3.661884546,1.910116076,1,6.48689971726696
-855285,1823795,130.3238525,2882.462891,3,0.220217392,343.3242188,2.38173914,0.431103349,4,50.43369675,5.476284504,-1.595388055,4,7.6571588202632
-205285,1653795,152.9118195,525.704834,2,0.179684207,733.3849487,13.44363117,0.582598507,6,31.06526375,1.589992285,1.309980273,1,5.69454532847059
-495285,1583795,170.9682007,1006.01001,2,0.204999998,449.4379272,12.84771252,0.397855043,7,37.17234039,1.083807111,-0.666044891,3,3.13574536994803
-1025285,2463795,170.856842,1567.73584,4,0.319999993,263.9380493,7.08068943,0.368566543,5,46.94482803,3.841436625,-2.132920265,2,5.03549953374349
-295285,1693795,160.6697083,653.1931763,2,0.319999993,601.8712769,12.77864552,0.490595311,7,82.7729187,1.063170791,0.320058793,3,8.00239393798972
-885285,2013795,135.0283051,2765.128906,4,0.1744086,836.93927,1.464892507,0.561458111,4,46.09247208,12.89262962,-1.725361466,4,9.93920952775825
-795285,1263795,140.5791321,1379.936279,2,0.493600011,344.9663086,14.39585018,0.219388589,6,55.40800095,1.605304718,-0.918530822,1,2.52527414721846
-45285,1793795,145.809494,350.5293274,2,0.321126759,874.1015015,12.51739407,0.711380064,7,76.22676086,3.305817604,-1.522260189,3,12.9520907797456
-885285,1983795,146.0407867,2688.050537,4,0.272222221,675.8690796,2.128555536,0.72906059,4,55.74000168,7.446512699,0.769844294,4,11.7346214768594
-785285,1323795,138.7114563,1464.728394,2,0.280000001,346.7385864,13.79100037,0.260815263,6,28.89999962,1.829606771,0.740420759,1,2.44467158604004
54715,1883795,171.7159271,300.1759033,2,0.283783793,923.503418,11.598176,0.811272681,7,90.74324036,2.849357367,0.631796241,3,6.6689239815348
-165285,1603795,168.09552,443.3309021,2,0.206736848,782.0602417,14.16736889,0.51370734,6,38.1705246,1.373724699,0.102201924,1,3.48047857969758
-515285,1743795,134.2966309,1172.415894,2,0.358958334,440.8453674,11.07041645,0.329167038,7,81.1958313,1.053368211,-0.477568626,3,5.83230496903859
-1155285,2303795,135.7565613,2341.649902,4,0.320588231,379.57901,1.389882326,0.587585926,5,43.01764679,3.086460114,0.432304621,2,8.15084705284998
-285285,1703795,149.347229,662.5466919,2,0.319999993,616.0722046,12.68441486,0.461985469,7,81.39574432,1.225676417,1.07533133,3,6.718289185179
-1035285,1473795,161.7325745,2059.583252,4,0.296400011,264.1594238,9.286899567,0.166105479,6,42.26300049,2.805323601,-1.058647513,1,2.17199521609252
-815285,2123795,177.8300629,2134.900146,4,0.319999993,331.9891968,5.184336662,0.32080403,5,38.95000076,2.553972006,0.539704978,2,4.07208931516083
-1025285,1443795,201.8195496,2361.267334,1,0.183200002,334.2427979,8.148150444,0.358291775,4,51.15800095,6.847988129,5.520538807,4,4.75514615936702
-765285,1233795,121.8986359,1171.93042,2,0.297399998,363.84729,14.91514969,0.229975224,5,45.74900055,1.557822227,-0.708867669,2,2.01135835660452
-795285,1233795,138.1131744,1296.502319,2,0.337599993,343.8139954,14.65470028,0.197295904,5,61.47399902,1.816451669,-0.0007776,2,2.16026953086447
-995285,1943795,208.5506287,2223.115234,3,0.267216504,504.8989868,5.914896965,0.580463409,4,53.14535904,12.14760208,-0.550240815,4,5.2787681280174
-925285,1043795,156.813736,1603.065552,2,0.441379309,325.010376,15.5305748,0.208284155,6,50.90000153,1.7762357,-0.137393653,1,2.40696149738848
-735285,1433795,174.8159637,1468.022705,2,0.306938767,400.3691101,13.07102013,0.251402915,6,43.27040863,1.405394673,-3.192642212,1,2.45734219038415
74715,1603795,162.8813477,271.9396667,2,0.302820504,1118.674438,13.78525639,0.696011901,7,81.94487,1.195288539,-0.396354765,3,10.0249486821387
-695285,1103795,159.0125427,1199.623291,2,0.200000003,391.5720215,15.39419174,0.271829754,6,57,1.144548655,0.367645264,1,3.53002719983467
-925285,2093795,188.5283966,2452.373047,4,0.193636358,639.7064209,3.833838463,0.514721155,5,46.72424316,5.75658083,0.807478249,2,6.84850853529387
-725285,2223795,196.4380951,1525.12146,2,0.206,358.5056152,7.582600117,0.351938337,6,31.74799919,1.911828876,0.413611084,1,3.82453915884213
-535285,1723795,130.7285919,1218.513062,2,0.323571414,408.6112366,10.9561739,0.32496354,7,81.18571472,0.817521036,-0.171226025,3,3.79918921308387
-1095285,2103795,191.3726501,2271.716064,4,0.319999993,292.2705994,5.343400002,0.311052233,5,45.37799835,8.053481102,-1.378146291,2,4.70796861300495
-735285,1303795,203.8448486,1345.924072,2,0.273099989,401.8013,14.08804989,0.265275657,6,41.625,2.428650379,0.90625602,1,1.70311838191861
24715,1833795,164.0857849,329.2444458,2,0.359897971,929.0060425,12.17122459,0.728322566,7,76.48877716,2.005291224,-0.133628413,3,11.1533598760414
-65285,1813795,175.1751251,385.4709167,2,0.352812499,841.9418335,12.21807289,0.635398388,6,82.36562347,2.369295835,-0.147824913,1,9.9465660075504
-325285,1553795,146.9028778,581.0804443,2,0.289999992,622.5770264,14.18099976,0.403559804,6,45.04000092,1.568434596,1.18628788,1,3.12658934478578
-745285,1473795,177.4122314,1741.461426,2,0.209595963,410.4894104,10.92979813,0.356510013,6,48.94141388,6.612311363,-0.167894259,1,4.12073878905356
-885285,1343795,207.7518005,1916.928711,2,0.370000005,384.3956909,10.44620037,0.242782682,6,53.35200119,1.194790125,-1.066025376,1,3.29189135921332
-415285,1783795,142.2911835,912.5169678,2,0.319999993,512.2121582,11.38408184,0.422628313,7,87.81530762,1.223271251,-0.001632204,3,7.55677722090482
-825285,1113795,153.7085419,1376.638306,2,0.118900001,419.7202148,14.60309982,0.227073804,5,62.75799942,3.342936516,-0.27781558,2,3.53388382183477
-285285,1553795,158.4744263,582.6672974,2,0.34827587,665.5335083,13.92948246,0.510324597,6,62.38275909,2.171925545,1.996827483,1,6.24943420814389
54715,1653795,196.6677704,306.9343262,2,0.388539314,1068.62146,13.50752831,0.692622244,7,81.61347961,1.263570786,-0.167819917,3,11.4435230158774
-1055285,1793795,174.6551208,2077.407471,3,0.305816323,278.9942627,9.270255089,0.344761372,4,54.5132637,13.24619389,-1.709430933,4,3.34961447443774
-125285,1553795,169.3392792,341.9926758,2,0.44312501,852.3118896,14.85796833,0.475983918,7,77.06718445,1.073785663,-0.040917963,3,6.65037213399046
-105285,1783795,167.3106384,390.8642883,2,0.370000005,816.2528687,12.66836739,0.56518507,7,82,1.819139004,0.381001532,3,9.43323025789228
-405285,1673795,182.1058502,876.3571777,2,0.319999993,510.7653198,12.12520409,0.413368165,7,76.2857132,1.581173658,0.049721669,3,5.50687623339562
-725285,1393795,143.0994263,1352.037109,2,0.236530617,398.3135986,14.32897949,0.273995191,5,42.53265381,4.004462719,-1.691585302,2,2.59610702884198
-1075285,1373795,189.1017151,2309.998291,1,0.156800002,356.721405,8.635149956,0.334919631,4,45.60900116,5.441132069,1.290026188,4,4.07100252304089
-975285,2053795,176.3399658,1981.599121,4,0.288762897,306.702301,5.794897079,0.282529533,5,33.19484711,2.980267048,-1.471411109,2,2.93399151000518
34715,1783795,163.4437103,292.8473206,2,0.332083344,930.4838257,12.52770805,0.742547631,7,78.35832977,2.197993517,-0.921444237,3,10.0962373461612
-765285,2343795,134.4253693,1540.087524,2,0.319999993,326.2055054,6.782649994,0.354059964,6,55.04100037,2.086345673,1.014472008,1,5.66729730052628
-55285,1703795,171.291214,405.0785522,2,0.341313124,883.4336548,12.96606064,0.682871938,6,85.02626038,2.286188364,-0.152572289,1,14.1927341127605
-1155285,1233795,166.5829163,2458.526367,1,0.254897952,662.9769897,8.572346687,0.479976624,4,58.15000153,6.740432739,1.970701456,4,6.02800530025231
-775285,1673795,150.3812561,1963.956421,2,0.338181823,475.8060608,9.468939781,0.282361597,6,65,3.417607307,-2.898821115,1,6.1569591206718
-1085285,1073795,125.2473602,1406.898193,3,0.142268047,304.2513733,15.60164928,0.215273768,5,43.26185608,8.824954033,8.048448563,2,3.1692870198438
-885285,2033795,135.0763855,2908.670166,4,0.120581396,906.7521973,0.627558172,0.570330381,4,43.70232391,12.04173946,3.178498983,4,7.87658693164712
-875285,1943795,175.0072021,2371.774902,3,0.262857139,325.2650452,3.693571329,0.362314522,5,55.19010925,7.17868948,-4.288321018,2,5.95964502234587
-85285,1883795,148.3538818,402.0513611,2,0.347058833,799.3837891,11.61288261,0.649977326,6,77.6329422,1.812217474,0.434648961,1,8.34384882538634
-1105285,2143795,191.3589172,2105.190674,4,0.321515143,244.3816071,5.65136385,0.219355047,5,44.50101089,7.281959534,5.798460007,2,2.9990404338082
-275285,1693795,137.6522522,630.1959839,2,0.319999993,628.5184937,12.92915821,0.456675649,7,81.40000153,0.940641403,-0.057797406,3,6.37601855510488
-775285,2003795,159.5494843,1912.745728,3,0.144845366,458.4240417,7.554845333,0.544865429,4,39.565979,16.72204781,-8.412798882,4,7.13110486036191
-765285,1143795,188.3141785,1048.881714,2,0.328020841,357.5480652,15.67072964,0.258380294,5,45.78645706,1.082279444,-0.241563767,2,1.06242848231414
-825285,1283795,150.1576691,1648.747314,2,0.370000005,361.0393982,12.85130024,0.234514683,6,59.5,2.097660065,0.441269249,1,3.18939027766776
-915285,1213795,227.0026855,1697.269165,3,0.334242433,363.8638611,13.34641457,0.216186181,5,59.98686981,5.00706625,1.499406338,2,2.3084172449318
-985285,2053795,180.2442932,1981.347168,4,0.334800005,314.2312927,6.054850101,0.242907465,5,33.41600037,3.741002798,-0.583251297,2,2.51899238259413
-325285,1613795,152.9680176,752.4956665,2,0.319999993,630.8375854,12.82070637,0.457379639,7,79.40000153,0.956581831,-0.311703473,3,5.38537319720636
-585285,1723795,152.8984833,1222.010132,2,0.276282042,381.1577148,11.41339779,0.309425324,6,64.85128021,0.894042134,0.339290112,1,3.14177148892956
-1075285,1273795,183.0352936,2149.489258,5,0.273000002,342.4104919,9.112000465,0.204098836,6,44.98300171,1.183782816,-2.364760876,1,5.87337025277487
-755285,1833795,175.8484344,2161.209961,2,0.100000001,527.3833008,7.636978149,0.528526127,6,41.20000076,4.557312965,1.570762277,1,6.98278870248422
-715285,1263795,167.6696472,1375.611328,2,0.252400011,405.6394043,14.04769993,0.305794716,6,33.01599884,2.085280657,0.005406,1,2.12611117913968
-1045285,2323795,138.3386841,1799.335815,4,0.323333323,250.7026825,6.236721992,0.245048016,5,47.35666656,2.744506836,-0.265430778,2,2.77823501932433
-45285,1803795,182.8924713,359.9827881,2,0.361290336,865.7929688,12.24381733,0.702044725,6,79.40644836,3.379263639,1.515104175,1,11.7207201827334
-385285,1673795,154.4440155,842.7302856,2,0.366464645,524.6378174,12.29792976,0.393724233,7,80.30706787,0.751406252,0.127069861,3,4.78332187984408
-1035285,2163795,122.3082809,2078.391602,4,0.326499999,193.6925049,5.080500126,0.180506185,5,42.01800156,1.663886428,-1.311537266,2,3.13631005993845
-745285,1113795,180.8944092,1099.707642,2,0.168585852,365.250824,15.88505077,0.252156496,5,10.86363602,0.985826433,-0.152640864,2,1.29695556801419
-935285,2443795,185.9722748,1360.097778,4,0.386000007,276.6652222,7.681499958,0.175270647,6,57.43999863,4.771604538,1.147109866,1,2.91070653804199
-85285,1703795,171.9809418,424.2585144,2,0.336941183,852.7958984,12.80605888,0.626406372,6,83.48588562,1.493277073,-0.670480371,1,9.97186334226107
-1035285,1873795,187.670929,1777.984375,4,0.25121212,378.4320374,9.462929726,0.30611065,5,47.13737488,12.50508785,7.556518555,2,1.77767394003866
-795285,1473795,172.7842865,2192.463867,1,0.198300004,530.1328735,8.302650452,0.519328177,4,61.78499985,8.31341362,7.774267197,4,3.83499050225628
-745285,1393795,165.3204193,1360.769165,2,0.310102046,395.4605408,14.11688805,0.283927232,6,43.0908165,4.77634573,-2.056883812,1,3.17129173794035
-1025285,1943795,194.3398285,2157.505371,3,0.200000003,470.8146973,6.901899815,0.492171794,4,50.4129982,11.6774044,-3.108407497,4,4.45174494644664
-1135285,1463795,169.8501282,2098.4021,4,0.192842111,325.7825928,9.347210884,0.219174027,5,41.16947556,5.784598827,-2.358566761,2,2.92417667533767
-945285,1793795,161.1380157,2724.749756,3,0.265799999,425.5718079,3.119950056,0.566144109,4,57.45800018,9.103908539,-10.32147789,4,8.46616381881393
-1135285,1243795,176.7475891,2400.584961,1,0.280606061,435.5561829,8.675605774,0.393636793,4,55.10808182,9.404290199,0.050020747,4,3.96663007871719
-705285,1983795,166.0402679,1479.733032,2,0.242899999,342.2531128,9.212349892,0.34630692,6,48.01100159,1.128514528,0.211068675,1,3.12840255606579
-745285,2273795,136.1690826,1453.38562,2,0.319999993,337.7685852,7.523080826,0.308975279,6,44.97171783,2.175103903,-0.48423174,1,4.04495721173543
-875285,1143795,141.3993988,2079.904541,1,0.128099993,532.2858276,10.32684994,0.453797132,4,61.22399902,11.38805771,-2.047375917,4,5.65097612574716
-855285,1613795,148.4206696,2341.880371,3,0.119183674,253.7814941,5.692755222,0.20072113,5,46.65000153,4.991706371,-0.310205519,2,2.98976692443119
-395285,1703795,144.4221344,869.8016968,2,0.319999993,498.0942383,11.97646427,0.386562675,7,75.78585815,0.844349802,0.643490314,3,4.85112983598794
-575285,1743795,156.3656311,1251.51123,2,0.108571425,386.8246155,11.09724522,0.394683599,6,19.63469315,0.936136723,0.050602026,1,1.56081692645458
-975285,1443795,179.4704132,1810.180176,4,0.126836732,262.0694275,11.44877529,0.181600586,5,44.23979568,6.951416492,-0.91809231,2,2.21864018727426
-945285,1383795,224.2726593,1937.170288,2,0.112650603,400.0826111,11.27120495,0.257684559,5,34.59879684,12.14417171,0.1850667,2,3.24457478343262
-1215285,2223795,194.6939087,2175.11792,4,0.181578949,486.5277405,3.445684195,0.534460068,5,49.70631409,9.290920258,-3.453027725,2,6.6745169033457
-1185285,2253795,180.032547,2705.79834,5,0.085858583,692.1619873,1.334242463,0.627925336,4,48.46565628,12.37123299,-8.579723358,4,14.8939961658582
-155285,1793795,162.2012482,408.4819946,2,0.344193548,767.1674805,12.8147316,0.542981982,7,82.92472839,1.201375961,-0.397423476,3,8.50763963790841
-735285,1263795,181.8655396,1278.311279,2,0.228400007,390.466095,14.37150002,0.277833909,6,22.85300064,1.667637348,0.158685654,1,1.65111520927501
-925285,2113795,144.3611755,2166.757324,4,0.336499989,288.9624023,5.40530014,0.170742676,5,53.75099945,2.276064396,-1.90433538,2,3.5934238227471
-755285,1553795,150.1758118,1982.376343,2,0.404545456,451.3699036,9.284141541,0.361673564,6,68.99394226,3.45859766,-0.63471812,1,7.32212159116848
-775285,2123795,161.782196,2083.025391,4,0.200000003,421.6677856,6.525807858,0.366127402,5,37,8.349411964,-0.064901836,2,4.85257872922125
-675285,2043795,147.2492981,1583.822754,2,0.274065942,378.2692261,8.226483345,0.429841876,7,45.39890289,1.891149163,0.359409869,3,3.63841690169104
-1165285,1303795,206.5330353,2352.489258,1,0.304800004,407.1722107,8.101449966,0.338160932,4,45.00600052,5.439633369,-4.051258564,4,4.35006882880411
-235285,1883795,187.1678925,607.5598755,2,0.319999993,654.8632202,10.94884205,0.565896332,6,85.53157806,1.986265659,1.865497231,1,10.6494954423661
-925285,1493795,153.4406891,2756.537842,3,0.1831,746.8792725,5.889100075,0.656840384,4,50.52799988,16.62768364,5.947939873,4,12.8397688949194
-1025285,1823795,192.3019257,1787.413696,4,0.271022737,302.2975464,10.15568161,0.447964072,7,65.80000305,7.261942387,-1.362285376,3,5.58123900128299
-1005285,1213795,161.5503998,1454.745728,133,0.195999995,269.6430969,14.53285027,0.175594836,5,52.06399918,1.152289271,-0.84086293,2,1.96508094215179
-955285,2423795,147.7585297,1253.171875,133,0.370000005,191.5960236,7.518924713,0.262229085,6,52.33118439,1.608834147,-1.071544409,1,2.84485076480827
-685285,2203795,145.797287,1506.309082,2,0.193814427,372.9361267,7.434072018,0.350265384,6,33.09381485,2.683131695,-1.706409216,1,3.83560737041088
-1035285,1533795,214.4335938,2121.556396,4,0.111414142,274.7792969,8.852323532,0.194691092,5,50.72323227,3.969358206,-2.763100386,2,3.00396300744209
-825285,1163795,151.5372162,1425.738159,2,0.100000001,379.170105,14.13335037,0.243616536,5,62.20500183,5.025963783,-0.319975644,2,3.70242638490122
-1065285,1793795,171.3703766,2351.229004,3,0.25717172,348.0813293,8.117575645,0.555116177,4,61.93434525,12.63188267,-2.708478928,4,6.58834153324202
-665285,2443795,173.3638763,1297.21521,1,0.337525785,518.9366455,6.617165089,0.6794101,4,51.63814545,7.767735958,5.810513973,4,11.503412059825
-855285,1953795,194.1440277,2857.098145,3,0.092424244,648.9544678,1.417676806,0.659264028,4,39.45353699,15.5529747,13.04357433,4,13.9689827980711
-795285,2273795,172.9257813,1726.409058,2,0.319999993,268.4975891,6.673399925,0.307653576,6,37.95299911,4.143329144,0.528002501,1,3.0358370722758
-845285,1083795,145.2673492,1817.067993,2,0.166999996,514.4614258,13.00724983,0.33461538,5,52.54999924,5.178956032,9.647755623,2,4.89339873724726
-595285,2023795,129.6326141,1356.734741,2,0.319999993,452.4831238,8.700517654,0.354640722,7,73.59999847,0.699699163,-0.3023929,3,6.23846656089901
74715,1713795,157.4095764,296.6329346,2,0.369010985,1006.365784,13.00230789,0.733855665,7,83.14615631,2.062463284,-0.724137366,3,10.7763881957565
-965285,1763795,174.6834869,2548.568359,3,0.236499995,303.7690125,4.290949821,0.340318918,5,53.08499908,11.11574078,1.675923109,2,4.84606324763639
-465285,1723795,141.9020081,1013.150757,2,0.319999993,478.3588867,11.46671867,0.365352541,7,77.11250305,1.29308176,-0.388641208,3,5.95436749201345
-945285,1083795,196.9135437,1276.216553,5,0.247448981,291.8977661,16.70408249,0.185747728,5,38.71734619,2.173718214,1.022969842,2,0.991126446658414
-695285,2193795,161.7070007,1489.389526,2,0.262600005,348.8674927,7.70664978,0.362545192,6,45.49599838,2.323575497,-0.07373742,1,1.57094246173294
-1025285,2173795,161.0409851,2035.074219,4,0.243900001,194.0204926,5.246049881,0.169962645,5,30.09199905,1.332503557,-0.903371632,2,1.99334158092563
-35285,1563795,172.3315887,306.5933228,2,0.371111125,971.1882935,14.31752491,0.689322472,6,76.80303192,2.233779907,0.298901886,1,10.803476546682
-225285,1703795,135.346283,555.5090942,2,0.255747139,686.7179565,13.21752834,0.542691052,7,53.46321869,0.922849774,-0.38015458,3,5.11851374700137
-1115285,2293795,201.9329681,2344.079102,4,0.159883723,382.2020264,1.570000052,0.436846197,5,51.069767,7.928491116,11.13167,2,6.26290963728028
-795285,1733795,128.4090118,2191.669189,3,0.161111116,497.9105225,8.663484573,0.566639543,4,43.53737259,12.68367958,-2.660966635,4,7.70909971221497
-825285,1323795,130.5231171,1696.001709,2,0.370000005,352.4276733,12.51551056,0.255457997,6,48.01836777,1.724665403,-0.288067788,1,4.17909184831237
-1075285,1893795,221.0770416,2174.80957,3,0.215399995,468.9508972,7.527599812,0.573201358,4,52.43999863,18.01791382,-4.082731247,4,7.76444613288131
-365285,1683795,153.6884003,779.4486694,2,0.320515454,542.7891846,12.47118568,0.423939377,7,78.75154877,1.374921441,-1.171985149,3,5.74730524897092
-785285,1693795,137.1999664,2855.873779,3,0.068367347,706.5535889,4.359591961,0.696387351,4,35.72346878,15.49812126,-6.590705395,4,16.0508253473708
-115285,1803795,179.2600555,411.3408813,2,0.320531905,798.8058472,12.48446846,0.626188517,6,66.72978973,2.050909996,-0.685176194,1,7.62474164173503
-445285,1733795,146.5121155,971.1155396,2,0.319999993,495.056427,11.63515472,0.433479667,7,76.01133728,1.011297464,0.552559435,3,5.85187955687666
-795285,1543795,161.5649719,2272.991699,3,0.150000006,461.1207275,8.32358551,0.475782305,4,34.09999847,14.06462479,0.575005889,4,4.74755910343547
-165285,1853795,158.4218597,446.2680969,2,0.32412371,720.7044678,11.78891754,0.543039501,7,80.10412598,1.553913593,0.458487928,3,8.38881091145736
-1025285,1163795,133.0655823,1476.677246,2,0.181899995,293.2589111,14.74814987,0.159066796,5,53.67100143,1.859598398,-0.434340954,2,2.49374225004558
-985285,2323795,148.9923859,1486.331909,133,0.281428576,201.0081482,7.548928738,0.269964814,6,32.54571533,2.251614094,2.585954189,1,2.31414289125401
-265285,1743795,151.9816589,593.5269775,2,0.319999993,622.2284546,12.48639202,0.494779468,7,81.58350372,1.758670092,-0.795882642,3,7.52340390202182
-1055285,1473795,175.7542114,2111.348389,3,0.050000001,274.1737061,9.433799744,0.170565143,5,40.79999924,2.597366095,-0.481467783,2,4.42978719247011
84715,1873795,133.3632965,279.8452759,133,0.340000004,938.7665405,11.7919445,0.754845262,7,87.66851807,3.266905308,0.654707551,3,7.35376611729245
-765285,1603795,153.5690918,2132.176514,3,0.11838384,487.1578979,8.929545403,0.376465857,5,59.00807953,8.03331089,-2.073002815,2,4.34696601343721
-1165285,1443795,160.4715118,2054.710693,3,0.230399996,333.9725952,9.610449791,0.277628213,4,39.01200104,6.172219753,-1.075154662,4,3.29503133327929
-675285,2203795,156.8998413,1501.11731,2,0.188500002,383.9594116,7.293049812,0.387553811,6,27.4260006,2.459283352,-0.044291675,1,3.97310936530326
-885285,1543795,135.449585,2390.679443,3,0.237599999,370.5733948,6.745500088,0.458190024,4,55.81100082,8.139439583,-1.337020159,4,7.76228390573785
-115285,1573795,174.4306335,370.0952148,2,0.402527481,846.5003052,14.31752777,0.53928256,7,74.07801819,1.173628211,0.114625752,3,6.67127024468787
-425285,1823795,142.7048035,958.8201904,2,0.319999993,515.5769653,10.80653095,0.500635445,7,88.43877411,0.978170991,0.121795997,3,9.28940927790161
-1135285,2483795,192.8549957,2434.1604,5,0.169846147,580.5354614,0.36815387,0.643950462,4,54.13538361,5.741342545,1.834475636,4,9.70248161840492
-1165285,1453795,191.8487244,1985.995728,5,0.222857147,298.4985962,9.887397766,0.237649158,5,38.7857132,9.01553154,-2.439445257,2,3.29628344129555
-305285,1553795,159.764328,538.1763916,2,0.170000002,644.1737671,14.31934738,0.418346971,6,22,1.655420423,-1.122184753,1,4.75333369012345
-925285,1983795,166.0522919,2147.764893,3,0.234285712,514.4476929,5.128214359,0.551765025,5,54.61428452,6.45685482,-4.755878925,2,7.93117114051815
-735285,2243795,163.5975037,1551.142212,2,0.319999993,355.6904907,7.402800083,0.369957209,5,44.0719986,2.984381676,2.177792311,2,6.8632975416073
-1215285,1123795,84.96818542,1316.2146,2,0.201250002,309.7086792,15.58320332,0.17228213,5,60.20000076,1.467431664,-0.11119169,2,1.86545619145861
-815285,1173795,121.1068192,1300.867188,2,0.165999994,368.0085144,14.61594963,0.236195862,5,64.13999939,2.173671007,-0.652036607,2,2.79625758445403
-785285,1203795,136.1432495,1123.079224,2,0.413030297,350.7456665,15.09202003,0.260366917,5,61.73939514,1.307042003,-1.018592596,2,2.68891081118033
-1025285,1323795,168.0638428,1824.978882,3,0.120999999,309.4049072,11.81394958,0.178506494,5,46.97999954,5.651693821,-0.02349058,2,2.94459361181006
-855285,2113795,194.4061584,2433.559082,4,0.253125012,414.0488892,3.667604208,0.489117861,5,44.20000076,5.224588871,-1.535045266,2,7.06243612511639
-1145285,1413795,169.5939484,2107.87085,3,0.227070704,372.87677,9.429393768,0.301649809,4,38.91212082,7.653593063,-1.015693903,4,3.37323441345827
-765285,1073795,182.8129425,963.5839233,2,0.301585376,335.6690063,17.00884056,0.277471215,5,54.34999847,1.426897407,0.406218588,2,2.18145777256135
-725285,1313795,171.2640076,1447.438965,2,0.311666667,424.6923218,13.609375,0.272656977,6,55.52604294,1.926331758,2.159744978,1,3.07822944607045
-665285,1433795,174.0321808,1424.460205,2,0.1708,425.0958862,12.65559959,0.322319359,6,17.65999985,1.262791634,0.461803526,1,1.71764540257341
-645285,2353795,205.9141693,1548.926025,1,0.331363648,506.9326477,6.081893921,0.526918173,4,57.29999924,9.554709435,-3.30065465,4,7.96591130615637
-985285,2243795,167.4895782,2069.689941,4,0.290909082,312.9881897,5.355908871,0.229306743,5,35.70606232,2.633195162,1.170844674,2,3.54250579549247
-885285,2183795,230.7301788,2037.633423,4,0.319999993,323.842865,6.419081688,0.298827261,5,50.6428566,6.844481468,-2.460359812,2,3.44746419432148
-635285,2453795,120.0206985,997.0509644,2,0.310208321,393.0606689,7.669791698,0.400625288,5,71.68958282,1.884184241,0.350998759,2,6.21106783798162
-855285,2293795,201.3788147,1672.540039,2,0.325500011,314.0383911,7.296199799,0.268814296,5,41.2159996,2.396768808,0.090388112,2,2.44987203002813
-765285,1983795,112.6691132,1611.556763,3,0.197346941,422.4718628,8.693979263,0.469496131,5,47.64489746,9.009203911,-4.4739151,2,8.27521443007807
-965285,1553795,169.1260376,2294.202637,3,0.395773202,432.068573,6.603041172,0.510734975,4,69.13195801,9.519865036,0.679043353,4,7.49962012971487
-245285,1593795,183.4827576,535.9718628,2,0.314787239,702.8740234,13.88797855,0.493207633,6,57.30212784,2.126046419,-0.652308583,1,4.03902126223034
-835285,1293795,132.4205627,1765.936401,2,0.370000005,373.4244995,12.07534981,0.241935432,6,55.55599976,1.821676016,0.572705805,1,4.11787798526727
-475285,1603795,175.744278,954.8032837,2,0.207395837,448.9798279,12.8514061,0.509198487,7,41.22916794,1.20143199,-0.689252794,3,3.57574882985205
-1075285,1073795,176.1338806,1263.310303,2,0.408499986,250.7023468,16.35255051,0.174300432,5,59.95999908,1.435105085,-0.937876344,2,1.62294743900169
-1145285,2303795,154.9404449,2278.184082,3,0.308860749,342.9237976,1.349556923,0.553836882,5,44.76961899,2.338523149,-0.12984702,2,7.81179609599815
-1045285,1723795,162.7460632,2808.196533,3,0.26141414,664.5128784,3.859090805,0.668072879,4,61.195961,14.81211567,8.378091812,4,12.3066285460626
-915285,1983795,147.853363,2216.500244,3,0.179183677,585.1859131,4.652143002,0.713127792,4,53.2142868,7.653503418,4.30163002,4,10.9347141085247
-1075285,1953795,188.8191223,1893.555176,5,0.200000003,316.8594055,8.314849854,0.296112984,4,52.40000153,10.79817295,-11.35022736,4,4.23435016865038
-655285,1823795,126.5880814,1656.690186,2,0.148936167,386.4884644,8.895956993,0.394709736,6,28.59893608,1.505735397,-0.040337134,1,4.58669542496344
-945285,2003795,184.5583649,2050.910889,3,0.306400001,550.7927856,5.661550045,0.569962561,5,66.19000244,8.121588707,4.309239388,2,7.90004714543787
-795285,1663795,133.6192169,2390.354736,3,0.211400002,379.0114136,7.580900192,0.476992756,5,49.85900116,7.922507286,-10.61369038,2,6.91025948798523
-1025285,2363795,171.1527405,2208.850586,4,0.334141403,430.4237366,4.330605984,0.402442068,5,55.73939514,12.35556602,-5.382303238,2,6.59113059871975
-1095285,2373795,162.3721313,2491.624023,4,0.319999993,490.1190491,2.223888874,0.475971401,5,56.04444504,10.14859009,4.494569302,2,8.8149386542921
-705285,1793795,159.3127594,1949.501709,2,0.171818182,430.0273743,7.98353529,0.367517322,6,31.98484802,2.001977921,0.578282654,1,3.40103236158602
-1045285,2113795,182.4468842,2241.662354,4,0.328999996,226.8861084,5.428899765,0.217218325,5,42.63600159,5.686136246,3.218908787,2,3.08584724353141
-955285,2473795,178.9220734,1248.535522,133,0.321170211,202.319458,7.460585117,0.190959036,6,51.8340416,4.697637081,-0.26421988,1,2.43825103601606
-915285,1083795,107.8542175,1520.052734,2,0.405999988,386.4328003,15.15859985,0.205959216,5,52.49599838,2.13876605,-0.493786246,2,2.37442923957798
-1015285,1493795,176.3666229,2059.027588,3,0.280000001,278.9494934,8.838399887,0.176798612,6,31.69400024,1.825614333,-0.63630873,1,2.69878396176028
-695285,2303795,176.0158691,1272.632813,2,0.313402057,342.9410706,7.841959,0.330453247,6,47.02989578,3.277263403,2.030709982,1,4.76816220266047
-275285,1633795,141.963974,654.9465942,2,0.170000002,652.8639526,13.03494835,0.611069441,6,21.59587669,0.965948939,-0.213209659,1,5.51026152234198
-1075285,2183795,214.0458679,2179.496338,4,0.179191917,240.127182,3.7417171,0.207606718,5,20.82222176,3.729852915,-1.974872828,2,2.82594549324526
-1005285,1383795,160.9602203,1724.448975,3,0.317474753,246.4466553,12.16464615,0.173394129,5,53.89090729,4.076669216,-0.099915646,2,2.12533723522848
-1025285,1403795,146.9520111,1947.380615,4,0.198899999,304.5875854,10.71864986,0.20740737,5,50.92399979,6.994078159,-1.682679653,2,3.09310185398548
-995285,1393795,149.5084991,1701.341309,3,0.282828271,248.7499084,12.3134346,0.173839048,6,34.30101013,2.445458174,0.910054445,1,2.14954905015264
-995285,2193795,160.0618744,2071.554688,133,0.274599999,238.1301727,5.005949974,0.166430771,5,37.5870018,1.195922375,-1.018359423,2,2.07245043831316
-515285,1943795,150.6427917,1109.683716,2,0.166326538,463.9177856,10.2403574,0.60337764,7,15.64795876,1.664979219,0.724856198,3,6.00576543260434
-755285,2473795,162.2678223,1213.931885,2,0.334646463,393.2338562,7.308737278,0.442168772,6,53.75656509,4.670805931,1.175307512,1,8.63757219565894
-825285,1643795,203.8718109,2589.703857,4,0.137894735,317.6244812,5.703894615,0.358129144,5,40.01789474,4.585706234,-1.900002599,2,3.19722522077482
-425285,1843795,160.7240295,950.0721436,2,0.319999993,525.6565552,10.70173454,0.4689385,7,88.33163452,1.673036814,-0.666063249,3,7.44389780331456
-675285,2413795,204.8325043,1588.283447,1,0.369494945,623.614502,6.004444599,0.711247087,4,60.62525177,7.163443089,-1.882107615,4,11.2364200526467
-1085285,1433795,113.6198196,2182.214111,3,0.202424243,301.7224426,8.708737373,0.26424706,5,51.09899139,4.401778221,0.732797921,2,3.229593206674
-985285,1743795,164.1536407,3238.931885,4,0.103775509,578.0718994,1.623826504,0.643735528,4,59.29591751,20.43984985,5.311436176,4,11.9719281715423
-35285,1753795,185.0143585,438.7961731,2,0.342164934,918.7356567,12.10319614,0.69675225,6,83.48866272,1.631220222,-0.205254406,1,11.220978263827
-655285,1653795,174.0215759,1381.253784,2,0.370000005,379.7358398,11.94392872,0.303381741,6,57.40000153,7.195307732,5.071621895,1,5.00783247998132
-735285,2063795,86.1889267,1914.797974,2,0.329450548,381.8535156,7.185274601,0.400262117,6,50.69670486,1.749089718,-0.811592281,1,5.9236289497419
-935285,2103795,174.6897736,2388.858643,4,0.21714285,593.7680664,3.971581697,0.454016268,5,49.79999924,6.687570572,-0.380752385,2,7.28877082853423
104715,1563795,149.984024,267.1899109,2,0.358865976,1136.798462,14.07396889,0.688920856,7,67.25979614,1.131258965,0.099334538,3,9.79279627040868
-385285,1803795,143.4477539,854.6244507,2,0.319999993,544.7410278,11.34159565,0.514453948,7,84.66170502,1.414825797,-0.408202976,3,6.09340470555847
-935285,2503795,181.1094208,2473.915527,4,0.245714292,686.7312622,2.432410717,0.625178516,6,57.17499924,15.47730637,13.34041023,1,10.9874792068583
-535285,1933795,143.0463257,1161.615356,2,0.150000006,457.4953918,10.26541233,0.485755712,6,9.800000191,1.523945093,-0.512102604,1,2.79621827124248
-755285,2053795,137.1164856,2067.395996,2,0.27670455,396.9524231,6.653579712,0.396824062,6,54.25227356,3.115530968,-0.273391813,1,5.94284184256747
-805285,1643795,165.2793579,2878.934326,3,0.238571435,589.416748,4.599795818,0.602298915,4,41.68367386,12.3193655,7.697803974,4,7.85369855501458
44715,1593795,176.1554108,288.8869934,2,0.345333338,1090.297607,13.68488884,0.680726588,7,75.66000366,1.313376904,0.468804181,3,9.45857486288981
-1075285,2393795,190.0220642,3082.94043,5,0.247099996,829.0839233,-0.879499972,0.332443327,4,48.95399857,26.55790138,1.912632823,4,9.9571188849414
-825285,2213795,190.1712799,2325.975342,4,0.288163275,558.2203369,3.527193785,0.484629214,5,56.22653198,5.644741058,5.873995304,2,6.59610326919602
-1135285,2363795,169.2118378,2624,4,0.366734684,574.4943237,0.658622503,0.615814567,4,47.06938934,14.26783752,8.379478455,4,13.453319624516
-1025285,1913795,181.4523926,2381.068359,3,0.230100006,503.0082092,5.037350178,0.60652709,4,57.55199814,18.67929459,0.254086047,4,8.52960632048693
-295285,1713795,176.2169952,660.4686279,2,0.319999993,599.4344482,12.59595776,0.497103691,7,81.37127686,1.650448918,0.478329539,3,6.8827783755351
-1075285,1443795,190.9263306,2196.158691,3,0.201499999,304.4363098,8.798649788,0.203096643,5,49.19800186,4.643891811,2.911705971,2,3.20819265260371
-945285,1923795,162.6206818,3013.671631,3,0.232653067,942.8474121,1.672295809,0.655029655,4,57.43265152,17.72244072,5.115865231,4,2.09372450633134
-685285,1563795,124.5657501,1899.740479,2,0.182040811,436.3812561,10.19326496,0.461838901,6,47.04387665,8.018624306,1.8711586,1,8.82151703698201
-735285,1653795,145.9504089,1803.449097,2,0.346500009,399.1694031,10.61534977,0.259076297,6,67.44300079,2.604498148,-0.862819314,1,6.77751189498593
-605285,1673795,155.1213837,1241.175049,2,0.370000005,357.879303,11.91250038,0.288293153,6,67.11100006,2.258192301,-0.58146888,1,5.17098109482255
-695285,1283795,181.4994812,1298.734741,2,0.170404047,423.9101257,14.25656605,0.281465352,6,15.81717205,1.476524472,-0.475748479,1,1.89136925688652
-825285,1593795,236.9484711,2898.649414,3,0.178172037,447.8396301,4.528871059,0.474016756,4,47.75698853,10.19304848,-8.816658974,4,5.4963377594344
-805285,2423795,185.7464142,1229.947021,2,0.319999993,349.1537781,7.180597782,0.31936425,6,50.47499847,7.403945923,0.761889338,1,6.59101478784128
-1045285,1133795,164.7210846,1316.576782,3,0.22543478,293.9343262,15.95815182,0.289595634,5,45.14130402,2.824398518,-3.136065483,2,2.30649099580201
-745285,1643795,176.1973724,1888.27063,2,0.285299987,438.4395142,9.926650047,0.292395085,6,62.0890007,2.540507078,1.214412212,1,4.26109655487265
-855285,2033795,203.6698456,2578.205078,4,0.231304348,435.8596497,2.530543566,0.508395731,5,38.20434952,7.114213943,-4.760468006,2,6.601968661874
-695285,1353795,191.713913,1325.17688,2,0.299499989,434.8450012,13.84930038,0.292395562,6,57.01499939,6.276685238,8.741195679,1,2.7618264505305
-145285,1653795,160.0359039,441.9492798,2,0.297529399,811.3475342,13.42794132,0.64899385,7,51.78353119,0.762936294,0.04879668,3,6.1566514109763
-955285,2323795,187.5120087,1822.323975,4,0.277272731,243.4412079,6.608737469,0.199216351,5,39.84848404,5.950813293,-3.61685586,2,2.42734370569164
-555285,1713795,186.6125793,1164.734863,2,0.300412357,387.4698181,11.45659828,0.293373346,7,65.41855621,0.90737921,-0.385947913,3,3.49458503664808
-915285,2043795,177.3600006,2584.249512,3,0.155000001,728.7056885,3.305350065,0.769824505,4,48.21500015,11.39937496,-5.583595276,4,11.0597844474074
-155285,1663795,143.0465698,459.5610962,2,0.217127666,790.4500122,13.39180851,0.58595252,7,42.70638275,0.827701986,-0.216195405,3,5.13885444911851
-715285,1653795,157.0195007,1652.722778,2,0.351500005,364.5787048,11.18894958,0.269296229,6,65.11100006,3.801851988,-1.312145352,1,7.19898273937744
-105285,1753795,187.177948,375.8269653,2,0.319999993,844.2876587,12.91363144,0.535391927,7,81.73683929,1.651405454,-1.108177662,3,9.80854692755218
-1005285,2443795,150.8880157,1566.359131,4,0.322577327,258.5659485,6.814381599,0.262991786,5,54.34742355,3.441633463,3.163091421,2,3.66008941447037
-965285,1443795,199.8340149,1741.922729,3,0.180899993,280.3754883,11.62450027,0.207634732,5,35.80799866,3.814856768,-4.038360119,2,2.54691797194534
-675285,2183795,201.748291,1416.780029,2,0.172626257,360.8960571,7.883939266,0.376001984,6,21.87676811,2.202678442,0.115659945,1,4.10447070613116
-575285,1663795,189.1314545,1242.235596,2,0.239999995,392.4992981,11.9271431,0.311922401,6,64.19999695,1.58897078,-1.12665832,1,4.38739188774018
-1035285,1543795,165.3453217,2077.851807,4,0.057599999,279.7242126,9.147450447,0.204945385,5,53.05400085,6.572263241,1.383383155,2,5.08275001271942
-225285,1853795,167.5384216,529.720459,2,0.319999993,648.4067993,11.46868706,0.489616454,7,82.79495239,1.640629053,0.482824713,3,8.10899089616459
-675285,1103795,137.0901337,1139.034546,2,0.200000003,412.6530151,15.88564968,0.304534316,6,57,1.147233725,-0.244871855,1,3.81234953551997
-615285,1993795,118.7701187,1282.625,2,0.230869561,412.8773804,9.37695694,0.409937948,6,56.33260727,1.320811987,0.046135049,1,4.58468339682803
-1105285,2463795,187.5655212,2560.574707,5,0.050000001,812.8585815,1.054387808,0.52547127,4,42.86530685,22.05788231,16.92385292,4,15.3144408949005
-1095285,1173795,169.7328644,2570.790527,1,0.151299998,704.072876,9.269900322,0.673343897,4,39.00899887,18.88204002,0.085869208,4,13.2034190449244
-875285,1333795,165.8564148,1953.813354,2,0.370000005,405.097168,10.35367393,0.253541082,6,55.50408173,1.497391343,0.801965833,1,4.42315014442438
-765285,1343795,181.4070587,1430.803223,2,0.280900002,388.0249939,13.90065002,0.251238555,6,37.83499908,1.805073738,-0.452028394,1,2.14060896840979
-775285,1743795,180.9246979,1620.741821,2,0.292499989,333.0852356,11.03596592,0.269194365,6,74.36590576,3.33782649,-0.469012916,1,5.7285060814089
-555285,1793795,124.1041641,1351.032959,2,0.306938767,431.0428772,10.27137756,0.381905347,6,74.68061066,1.318097472,-0.533906162,1,6.2749553111135
74715,1853795,167.4461823,307.2878418,2,0.304421067,946.9552612,11.97705269,0.793667912,7,85.36000061,3.389183521,0.965813339,3,8.74486408213609
-175285,1793795,155.5832672,443.5341492,2,0.319999993,725.7352905,12.41793823,0.560278177,6,78.61649323,2.486352921,-0.201155677,1,11.574382990009
-15285,1833795,176.071106,371.6585693,2,0.339677423,892.4117432,12.00811863,0.736370981,6,78.69462585,2.676361561,-1.332499027,1,10.4604552917656
-905285,1183795,189.0589752,2401.913818,1,0.187600002,715.4901123,8.904299736,0.617005587,4,60.72499847,14.04812813,-5.129664421,4,8.48154682679329
-815285,1423795,200.0058899,1971.384766,2,0.299600005,462.8263855,9.670249939,0.359473199,6,56.13000107,4.114988804,3.346071482,1,4.55004336338431
-725285,1493795,143.1407471,1859.853149,2,0.321999997,412.1073914,9.984100342,0.32165885,6,62.20399857,1.341639876,0.20712851,1,5.92902614645149
-115285,1773795,150.1174622,387.728302,2,0.348064512,807.3115234,12.80844116,0.56190753,6,76.0903244,1.794493794,1.144221783,1,9.88708050382736
-1045285,1573795,180.572464,1861.052734,4,0.050000001,280.7623291,10.23079967,0.184820324,5,48.25,9.428948402,3.195930481,2,5.51864265975396
-85285,1833795,170.2905426,409.3370972,2,0.370000005,794.5497437,12.27472782,0.612309098,6,78.16521454,2.153824568,0.772131324,1,9.70418590747157
-995285,1623795,195.6329651,2182.020752,3,0.261276603,488.1607971,8.161276817,0.531468689,4,59.16808701,11.96845818,1.872879982,4,3.83454488306353
-995285,1193795,219.7353058,1742.718018,3,0.126100004,320.9389038,13.73810005,0.211746752,5,45.03499985,5.985089779,-1.050038934,2,2.8494623359373
-205285,1553795,149.2116089,394.3866882,2,0.342549026,773.7351074,14.82607841,0.407164097,6,71.08235168,0.897478163,0.367240399,1,5.5578114669567
-685285,1993795,159.0898285,1516.260986,2,0.203838378,354.7097168,8.935100555,0.343589544,6,46.51414108,1.172629952,-0.462020814,1,3.5883262555432
-865285,2213795,164.9480286,1906.696411,4,0.331699997,323.7488098,6.644350052,0.263613075,5,59.82899857,6.184998512,0.889457285,2,3.70698600688254
-5285,1633795,161.0618286,322.1354065,2,0.375555545,969.4660034,13.28798008,0.709835827,6,76.34242249,2.618014812,1.717444897,1,12.0787333276012
-1135285,2343795,130.5110626,2793.723877,5,0.167894736,628.1893921,0.232631624,0.596224725,4,45.20526505,10.03310013,0.412858844,4,11.5334919692947
-985285,1263795,202.6121368,1551.741943,133,0.12828283,271.9463196,13.74343395,0.172562867,5,40.78282928,4.041546822,-0.986148477,2,2.33835171684226
-1115285,2103795,214.9194946,2019.991577,4,0.319999993,269.0615234,6.457149982,0.219282597,5,40.69200134,7.111199379,2.815348148,2,2.95215148045011
-925285,1593795,217.9360352,2876.602539,3,0.241489366,789.8441162,3.401329756,0.696133792,4,61.78723526,12.97369862,4.649981976,4,13.2880047760567
-1065285,1063795,194.3849182,1258.992554,2,0.256300002,251.9744263,16.49169922,0.183225736,5,42.94900131,1.00560832,0.255222231,2,1.27074820537469
-915285,2453795,194.2441711,2473.379883,4,0.126800001,674.1168213,2.572050095,0.542194664,5,59.20999908,16.37298584,-5.839037418,2,9.01557379432641
-935285,1253795,161.1501617,1966.176758,3,0.144999996,432.6803894,11.86299992,0.276007295,6,49.04999924,5.360363483,6.35911417,1,3.42409266957129
-965285,1833795,206.3210602,2731.536621,3,0.156363636,839.276062,3.142424345,0.599330962,4,56.23333359,20.88075256,14.97041416,4,14.6704325040905
-845285,1253795,139.1237335,1664.918701,2,0.370000005,367.4910889,12.99505043,0.222159073,6,59.5,2.307427406,-1.303017139,1,3.27491166435424
-1125285,2513795,208.8186493,2354.279053,4,0.200000003,618.6304321,1.745555639,0.623586237,5,52.45858765,13.28249073,9.190003395,2,9.35767086588287
-435285,1763795,129.859024,896.4716187,2,0.319999993,491.9086914,11.66132641,0.411233395,6,81.71122742,1.534817934,-0.361753404,1,6.44480556106463
-845285,1553795,218.7488251,2794.433594,3,0.128000006,600.7639771,4.820799828,0.610934675,4,42.77999878,20.80200005,9.45701313,4,13.3818317789225
14715,1563795,155.0903931,259.4459229,2,0.411938787,1046.931641,14.07841873,0.659587324,7,75.69591522,1.21216321,-0.105061747,3,6.81960074448768
-345285,1633795,142.4099121,777.2114868,2,0.290499985,574.9450073,12.69050026,0.523828685,7,63.77999878,0.895345151,-0.064319789,3,4.1973222131036
-655285,1933795,175.0015106,1342.012085,2,0.169263154,357.118042,9.730368614,0.501513302,6,31.90421104,0.976264894,-0.069020696,1,4.46601307544043
-995285,1413795,150.2205963,1776.471313,3,0.298700005,256.9945374,11.83979988,0.166705534,5,47.81299973,3.477582932,1.225909233,2,2.22410899268698
-825285,1433795,189.0814819,2009.704834,2,0.413780481,462.4347229,9.502256393,0.372509003,6,70.97195435,3.596493959,1.483962893,1,8.22857217674811
-675285,2053795,144.0437012,1583.133789,2,0.277083337,383.3316956,8.243385315,0.422314763,6,41.32395935,1.594504714,-0.798921406,1,3.42079279241606
-475285,1763795,147.8786316,1063.790405,2,0.328888893,479.0840454,11.32823277,0.415315956,7,86.85757446,1.397529244,0.024725864,3,5.83119471823934
-645285,1663795,160.7814178,1317.601196,2,0.362187505,368.9685974,12.10906219,0.287925959,6,60.83750153,3.260720253,-2.882007837,1,3.81374009957
-1025285,2263795,155.8594971,1717.420532,4,0.338144332,319.524353,6.629484653,0.372692078,5,53.21649551,6.081751823,-1.729693174,2,6.20752854768245
-815285,1053795,135.0096741,1623.31604,1,0.180999994,468.5472107,14.78425026,0.358706594,4,44.55400085,11.54418755,2.181707382,4,10.0909347015361
-625285,1503795,115.4327087,1442.110474,2,0.232653067,401.9124756,12.00387764,0.3851358,6,33.35918427,1.000142574,-0.86597544,1,4.50859953002218
-955285,1503795,123.2625351,2666.020752,3,0.258854181,657.9301147,6.874166489,0.663464665,4,54.77291489,9.680264473,2.424649954,4,12.9408065523689
-635285,1733795,154.0379944,1326.672241,2,0.330729157,355.394104,11.27286434,0.253512144,6,61.70416641,0.762954056,-0.589036345,1,3.16387095648812
-1055285,2383795,162.6867981,3089.63501,5,0.216600001,651.0357056,-0.785250008,0.389150321,6,50.60400009,21.51853752,-3.648019552,1,7.86570135233643
-965285,1153795,151.6113129,1198.444336,131,0.425199986,244.7230225,16.44885063,0.081201829,3,54.75999832,0.798389971,-0.28474617,,1.29705779469126
-935285,1943795,164.1929779,3202.067383,3,0.200000003,1126.270996,0.143368438,0.608682632,4,52.3126297,12.81017113,9.441244125,4,8.29921114866669
-825285,1973795,192.7720795,3237.449219,4,0.071999997,887.3239136,-0.607266665,0.576965928,4,37.49599838,20.98004532,-0.136117995,4,20.465310487328
-1145285,2173795,167.317627,1989.774658,4,0.2852,206.5845947,4.629749775,0.155235335,5,40.13700104,1.99346137,0.500324905,2,2.44171385006482
-415285,1633795,150.5333557,885.7938232,2,0.319999993,506.8693237,12.51463509,0.617624164,7,75.5,0.855316341,0.250268251,3,5.97409267938468
-1145285,2163795,183.5801086,1979.612793,4,0.282083333,208.8207245,4.914635181,0.15092127,5,39.33854294,1.864594221,-0.046395592,2,2.18534383701447
-785285,1923795,127.4247971,1942.98645,3,0.175937504,538.5758667,8.587265968,0.599094748,4,37.24531174,16.27791023,-2.186541796,4,9.96167050352613
-265285,1893795,152.0888977,643.0551758,2,0.319999993,625.6500244,10.72396564,0.573092639,6,83.57585907,2.169796944,-1.470159173,1,10.945446107788
-365285,1873795,165.3232422,801.0526733,2,0.319999993,556.201355,10.79871178,0.471042395,7,88.79896545,1.888556123,0.371855885,3,5.42959493861609
114715,1603795,166.0141602,288.9889221,5,0.177714288,1149.893433,13.78892899,0.704151034,7,79.12714386,0.999843836,-0.782084703,3,9.19651980688806
-1195285,2293795,174.9985352,2581.354736,4,0.0638,908.9544067,1.823150158,0.547804594,4,57.85200119,20.32576942,11.55399132,4,16.3459596984511
-975285,2263795,156.9418945,1878.955933,4,0.342000008,267.0584717,6.438700199,0.232989356,5,47.8219986,4.440243244,-1.82016778,2,2.47237054855733
54715,1693795,172.7486725,308.839386,2,0.400000006,997.9074097,13.14112949,0.669484794,7,80.58924866,1.020722985,0.090727165,3,11.181655180182
14715,1753795,167.7223053,343.8674011,2,0.426739126,932.2285156,12.4973917,0.717926025,7,82.36412811,1.958634973,0.736916602,3,11.2735012783472
-1035285,2393795,166.9695435,2348.374268,3,0.135199994,491.1640015,3.876699924,0.567718029,4,57.35200119,13.96629238,-4.639234066,4,8.10863891944814
-1185285,2133795,111.290657,2023.356323,4,0.319999993,222.5037079,5.226741791,0.247858137,5,43.41123581,1.970320582,1.303539991,2,4.00107761634121
-735285,1633795,140.1167755,1801.130249,2,0.23163265,379.8259277,10.82494926,0.301403761,6,53.60203934,1.714910626,-0.79189384,1,4.85144905393449
-295285,1653795,164.5015564,673.7017212,2,0.197204307,649.3679199,12.87957001,0.531643927,6,29.9924736,0.908509493,0.14991343,1,3.85022903422748
104715,1573795,153.0003357,274.5189514,2,0.144193545,1133.678223,13.91607571,0.657598436,7,73.29247284,1.1183002,0.228980407,3,8.29634952335719
-5285,1603795,173.0387421,309.8979187,1,0.411300004,1001.006897,13.63070011,0.722439468,6,68.32800293,2.602508545,0.068717957,1,11.6031713521557
-695285,1833795,170.3120728,1846.204102,2,0.270736843,438.3117371,8.555999756,0.420008123,6,55.34000015,2.897468328,0.094237618,1,3.30183302125371
-965285,1123795,176.4692535,1207.703369,131,0.427599996,247.7519073,16.4557991,0.140425161,3,54.47999954,1.02288568,0.100882821,,1.03364571781544
-625285,1773795,209.7062836,1438.343506,2,0.225154638,376.7595215,10.15015507,0.324507833,6,45.1216507,1.464861393,0.002140949,1,2.3044270450646
-685285,2253795,160.5716705,1374.540039,2,0.326122463,415.7943115,7.699183464,0.360364854,6,70.89183807,3.332518578,-0.348169655,1,8.09486648064766
-625285,1993795,175.2573395,1328.169556,2,0.242500007,402.8836975,9.210624695,0.397985488,6,54.87812424,1.586024046,0.478275687,1,3.00546996987153
-255285,1703795,156.0162811,596.9914551,2,0.315217406,653.8280029,13.03396702,0.549243391,7,78.60652161,1.021136403,0.439397067,3,7.06603144075043
-1025285,2383795,166.1091309,2085.59375,4,0.234200001,403.6499939,5.578949928,0.379162759,5,56.09199905,11.33208561,3.254113913,2,4.78064363333909
-735285,1803795,148.6639557,2105.484619,2,0.119999997,500.9042664,7.5748353,0.384697109,6,33.97362518,1.603163719,1.489296794,1,6.28303476934313
-985285,1803795,190.1287842,2777.413574,3,0.173299998,615.8423462,4.868100166,0.727437496,4,56.6269989,19.34244156,-14.92387867,4,20.8523303849839
-1025285,1273795,199.9137115,2445.322266,1,0.221300006,459.9349976,8.693750381,0.485641062,4,40.50899887,16.98449135,22.80270576,4,6.40120108637578
-1015285,1423795,152.7471619,2222.073975,3,0.209700003,398.730896,9.330450058,0.300281107,4,54.02399826,9.996571541,2.154402733,4,4.09782626265863
-1065285,2263795,168.7012787,3226.097412,5,0.050526317,906.8457031,-1.538736939,0.297234058,6,56.85368347,20.88213921,8.63449192,1,12.7456232296554
-925285,1853795,192.8411713,2733.123779,3,0.216704547,578.0830688,4.099943161,0.705647945,4,50.84431839,16.4598217,-1.539482832,4,11.5943739567071
-795285,1063795,156.280365,1235.193359,2,0.140499994,394.1293945,15.75969982,0.237895846,5,63.17499924,3.925529718,3.754524946,2,5.17399454138447
-935285,2033795,140.1090088,2640.849365,3,0.161699995,798.156189,3.045900106,0.752167404,4,51.74300003,9.197764397,5.822864532,4,13.7419090686393
-1065285,1123795,167.2458649,1458.340576,2,0.200909093,324.2265625,15.12318134,0.190005243,5,56.39595795,4.142892361,1.621038437,2,2.05829733663837
-1025285,1203795,198.4857025,1526.515381,3,0.123684213,283.0823975,14.84347343,0.191968217,5,48.10315704,9.69094944,6.997037888,2,2.51076359472203
-655285,1523795,122.5903702,1670.756836,2,0.430000007,422.606781,10.92656612,0.36691612,6,69.30000305,2.036109686,-0.62617451,1,7.3618653538126
-1075285,2103795,166.1052246,2185.340576,4,0.344000012,273.6027222,5.583899975,0.226641387,5,44.27899933,7.814994335,-1.458924294,2,3.58602814179517
-715285,1983795,154.8614197,1485.52124,2,0.208762884,349.5849915,9.200670242,0.419648021,6,45.99793625,1.37614429,-0.068153121,1,4.27208304151893
-835285,1643795,224.7984314,2405.294189,3,0.150000006,238.1886597,5.643988609,0.277906358,5,20.47078705,1.044758916,-2.151051283,2,1.55902907853972
-1155285,1273795,185.3022919,2149.758301,1,0.158585861,439.7564697,9.405151367,0.366397589,4,44.4262619,7.178292274,-3.455049515,4,3.60477538607369
-915285,1703795,148.880127,3281.333252,3,0.054736841,950.022583,0.990894854,0.606420577,4,49.38210678,14.92143726,9.5515728,4,16.8533660920266
-755285,2163795,114.5304413,1599.228149,2,0.127525777,371.1946716,7.803659916,0.389177024,6,31.18041229,4.458797455,-1.590026379,1,5.37029084453112
-835285,1863795,160.1651459,3095.496826,3,0.149868414,498.111908,1.478684187,0.57991451,6,41.66447449,10.21195793,-0.655630469,1,7.33302388761772
-785285,1803795,186.5002594,2885.365967,3,0.109042555,493.7055969,3.739893675,0.578387082,4,41.82446671,7.535063267,-4.270344257,4,6.37269442721693
-285285,1753795,140.3829803,614.4247437,2,0.319999993,597.0245361,12.16905594,0.424381942,7,78.85555267,1.27181983,0.973297894,3,6.31363317634607
-75285,1773795,154.168808,356.9454041,2,0.314050645,845.9151001,12.77613926,0.654286027,6,70.71012878,2.309697866,-0.794712007,1,10.1966101105255
-995285,1363795,205.3639069,1601.358643,4,0.271010101,238.9603424,12.86096001,0.164852023,6,39.98283005,2.39059639,0.194742575,1,2.06744302261096
-485285,1733795,158.2931366,1071.83252,2,0.377777785,455.6833496,11.36631298,0.390994817,7,81.69798279,1.217500091,-0.274357706,3,5.61067416507774
-995285,1523795,190.4685211,2175.210693,4,0.302599996,367.4171143,7.87405014,0.281031787,5,50.33200073,4.338680744,1.130151153,2,3.61107519485535
-685285,2113795,154.5473785,1384.416748,2,0.225463912,386.8041687,8.816906929,0.372623682,6,29.64845276,1.835474491,-1.648838878,1,6.257460257925
-115285,1763795,165.3360901,372.95401,2,0.297528088,815.5758667,12.93910122,0.557097614,7,71.57078552,1.564537168,-0.329495013,3,10.0828654634903
-1015285,1783795,215.5726166,2036.224487,3,0.171958759,316.7201233,8.730360985,0.325010777,4,79.95154572,6.372621536,-2.267456293,4,5.51433000807752
-215285,1813795,154.0220184,505.8858032,2,0.319999993,683.0997314,11.91541195,0.505213857,7,79.68968964,1.939248085,-0.132468224,3,7.70794003538845
-1055285,1553795,210.7594452,2012.25,4,0.370000005,263.1012268,9.635102272,0.179306567,5,42.79999924,1.927173615,-0.243803293,2,1.70829909769839
4715,1843795,178.7870941,394.6260071,2,0.370000005,907.7290039,11.77798939,0.730508208,7,72.77319336,2.141036272,0.284371734,3,10.6171652614429
-435285,1613795,148.2503357,908.788147,2,0.303404242,488.1042175,12.65223408,0.467249036,7,70.65957642,0.839923799,-0.217191696,3,4.82194569661842
-755285,1063795,177.4077301,943.1268311,2,0.275000006,332.7295227,17.2188015,0.266078502,5,47.72812653,1.280336261,-0.349601299,2,1.76342469415597
-965285,2193795,199.8565063,2199.095703,4,0.247199997,294.6015015,4.414199829,0.215773031,5,30.93799973,1.473204017,-0.00794341,2,2.77900041935765
-705285,1943795,142.8557434,1429.777222,2,0.100000001,357.859314,9.55494976,0.404296368,6,8.800000191,1.010602117,-0.028277408,1,1.77087642050745
-645285,2423795,144.410553,1196.650513,2,0.408510625,518.4870605,7.436436176,0.483327627,5,82.95957184,5.160378933,-2.143875837,2,9.48923830652257
-1115285,1753795,178.4933624,1840.60376,3,0.221818179,377.7104187,9.736413956,0.225477234,5,57.08585739,12.86938381,-0.449293852,2,3.35691437116994
-995285,1443795,190.859375,1952.297852,3,0.198181823,261.4597473,10.73681831,0.192817181,5,47.49494934,6.310817719,0.216951326,2,1.43064344006698
-955285,1163795,155.5204315,1213.788818,2,0.429399997,249.0746918,16.4272995,0.128964171,6,54.27000046,0.887369096,-0.484704852,1,1.46098045176541
-895285,1993795,171.4904327,2949.039063,4,0.163793102,1228.285278,1.076149464,0.61041081,4,41.35172272,9.93302536,5.160246372,4,8.56734733654504
-685285,1613795,171.9993896,1637.773926,2,0.370000005,358.9255066,11.04230022,0.273405701,6,66.14199829,1.765393019,-0.465394914,1,6.41194924801096
-885285,1843795,145.0354004,3049.275635,4,0.141333327,394.7186584,1.563555598,0.477132618,4,35.77111053,6.070462704,-7.468033314,4,9.32182990760453
-1085285,1343795,188.4558716,2327.036865,1,0.239600003,357.6730957,8.428999901,0.289164215,4,44.15000153,4.08571291,-1.053695202,4,4.09384475608022
-525285,1993795,137.5916595,1151.827148,2,0.319999993,458.2544556,9.860567093,0.39599669,7,63.29999924,0.798308969,0.207824335,3,5.21178857379882
-785285,2443795,178.8547668,1258.548706,2,0.319999993,378.3890076,7.497828484,0.374305308,6,56.57575607,5.491680622,1.730280042,1,11.3827198051326
-1085285,2353795,144.4361115,2273.530029,4,0.361477286,267.1038513,3.808465958,0.28355822,5,48.91704559,10.25356674,1.718964815,2,4.85117719046933
-225285,1693795,150.8919067,556.1537476,2,0.170681819,685.8922119,13.29812527,0.5834378,7,23.17272758,1.115680456,0.137871057,3,7.0527224094231
-975285,1283795,203.2613678,1793.936401,3,0.153999999,355.6380005,12.43900013,0.205386892,5,50.23199844,6.434553146,2.983247042,2,2.82458966082922
-465285,1593795,163.2893982,944.1416626,2,0.220652178,465.2396545,12.91891289,0.465536594,7,39.88478088,1.093441486,0.629214704,3,3.72843163416336
-1105285,1663795,167.4274445,1900.90625,4,0.320652187,350.3811646,9.254239082,0.362994939,5,55.65325928,4.373662949,-2.162787199,2,4.05669193123975
-795285,2033795,140.4465027,2451.207275,3,0.178282827,452.3180847,4.530050278,0.576468527,4,35.87070847,8.40749073,-2.986021519,4,10.4850976650169
-575285,1893795,142.9643402,1317.702637,2,0.161979169,441.2256775,9.996301651,0.434394509,6,12.3635416,1.252015948,0.150929213,1,1.79732940321202
-1055285,2233795,190.44133,2454.456055,4,0.163737372,431.5235596,2.183787823,0.359378725,5,50.98686981,4.585007191,1.293919563,2,6.81653137843213
-795285,1363795,134.9102936,1559.748901,2,0.351122439,395.9803162,13.07938766,0.244422555,6,50.6622467,1.699894428,0.938367844,1,4.23830177880665
-1125285,1233795,128.6765289,2306.984375,1,0.144400001,432.324585,8.672100067,0.296580017,4,45.75799942,5.752520084,0.450714111,4,3.91498981424354
-655285,2453795,160.3451538,1130.408691,2,0.306161612,445.7440491,7.247070789,0.578197598,5,57.31312943,5.303865433,0.498038471,2,8.60247122082456
-815285,2153795,211.1605072,2092.185547,4,0.318399996,314.2590942,4.913700104,0.253101051,5,48.31200027,1.380992651,0.352392405,2,3.69916640977358
-875285,2363795,148.0067596,2114.914795,4,0.068686865,399.6781921,4.234949589,0.49167791,5,57.57070541,13.49137688,6.338720322,2,9.31496828970072
-775285,2063795,133.3666534,2424.648682,2,0.180303037,493.8187866,4.593737602,0.474464417,6,35.88383865,4.514667511,0.183182195,1,9.80310309733188
-835285,1143795,144.294754,1508.189331,2,0.136299998,399.3251038,13.75314999,0.251353353,5,62.91400146,6.166555405,0.865771234,2,4.50797922038472
-1065285,1753795,184.4819183,2123.150635,4,0.26677084,395.4938049,7.830833435,0.446757764,4,59.81145859,9.981791496,0.066405416,4,5.75275653655782
-1015285,1173795,209.4536896,1464.923828,133,0.298900008,289.6991882,14.57695007,0.189210325,5,42.55599976,1.141543269,0.12353228,2,1.67476823534236
-1075285,2313795,171.2149811,2872.514893,3,0.050000001,596.4707031,1.309049964,0.530984163,4,57.09999847,17.78184319,-1.767771602,4,13.6282169306305
-1225285,2113795,182.1279907,2277.780029,4,0.367826074,446.352478,4.396684647,0.426570237,5,60.93478394,6.789494991,-0.762323439,2,10.6284015654628
-1095285,1183795,168.7756805,2572.141602,1,0.186399996,621.2208252,9.204799652,0.63067627,4,47.68399811,19.36470032,7.839902878,4,12.8494682768057
-685285,1453795,186.3064728,1393.34375,2,0.263200015,408.6130981,13.04389954,0.305639267,6,41.0379982,2.710775614,0.814731479,1,2.00489231916024
-705285,2023795,133.7167816,1635.208984,2,0.19494845,365.1742554,8.4301548,0.380571246,6,45.8639183,1.514538884,-0.303478569,1,5.26034340766522
-835285,1533795,196.4716034,3022.576172,3,0.206499994,691.835022,3.444099903,0.695526183,4,46.85400009,21.5091114,-20.91531372,4,14.0390037749208
-1015285,1773795,223.1617737,2054.554443,3,0.187171713,313.2513123,8.340656281,0.342918128,4,80.02323151,6.978457928,-0.334689826,4,5.53629737292761
-795285,2303795,173.4155731,1651.433838,2,0.319999993,347.505249,6.456717014,0.345986754,6,36.73030472,3.86005497,-0.323453635,1,4.70398382578291
-525285,1933795,154.2584686,1132.488525,2,0.154123709,463.1665344,10.32268047,0.526893198,6,10.68247414,1.328878164,0.042786412,1,3.14708238256289
-425285,1783795,158.1750488,933.1931763,2,0.319999993,503.9828186,11.31059742,0.391951919,7,88.05651855,1.343097448,0.468882769,3,6.19673307207421
-805285,2253795,186.2713776,1617.216797,2,0.319999993,316.0184631,7.576052666,0.300052971,6,26.70000076,2.106227875,-1.353047729,1,3.18797277628606
-205285,1833795,169.2222748,460.6518555,2,0.319999993,677.9209595,11.69214249,0.509274602,7,81.57321167,1.234001279,1.10418725,3,6.36850771727803
-245285,1863795,161.712677,536.4709473,2,0.319999993,635.4810181,11.49021244,0.480301052,7,84.28085327,1.479050279,-0.723797977,3,7.24461707586718
-665285,1413795,169.3492737,1292.848633,2,0.167999998,419.0669861,13.51480007,0.312689185,5,17.64999962,1.282100081,0.458106458,2,1.44862365316946
-1185285,1383795,128.8549957,2041,4,0.239999995,329.6589966,10.10166645,0.235017329,5,39.29999924,1.578506708,7.006956577,2,2.93569392644387
-825285,1473795,176.338623,2228.338623,3,0.274883717,503.524353,7.860058308,0.484117091,6,59.37442017,7.844661713,6.493011475,1,4.78036218418952
-515285,1583795,145.5398254,1055.374146,2,0.260425538,442.7738953,12.75207424,0.367309779,6,59.61914825,1.33949101,-0.061264623,1,3.56508008657707
-865285,1373795,127.357605,2073.424316,2,0.261818171,449.0024414,9.784848213,0.342321366,4,42.02727127,3.65026021,0.619900048,4,5.55999361570311
64715,1603795,143.4174042,284.5941162,2,0.366774201,1092.274658,13.67983913,0.694081545,7,78.76667023,1.092371583,-0.227636471,3,9.25815677326959
-815285,1493795,154.0583344,2472.905518,3,0.352828294,580.0031128,6.611919403,0.551199436,4,74.90605927,5.829025269,8.742325783,4,8.00140237439995
-695285,1753795,162.9242249,1617.736572,2,0.192929298,342.9713135,9.931716919,0.299874514,6,32.34545517,1.27300036,-0.138632208,1,1.84732321261626
-735285,1843795,157.4065247,2048.094727,2,0.220444441,497.8486633,8.078555107,0.452046603,6,41.86888885,2.991240501,4.158997059,1,5.10771631965615
-1095285,1113795,193.5178375,1645.264893,3,0.187199995,396.7529907,13.79669952,0.219107732,5,55.37799835,10.21094322,8.44535923,2,2.27372094899844
-705285,1973795,167.3928833,1457.200317,2,0.136631578,345.0541687,9.325631142,0.393404335,6,20.90736771,1.479925156,0.491366297,1,4.36086454509509
-1155285,1203795,161.0905762,2352.568848,1,0.235400006,624.7630615,9.932749748,0.550482273,4,53.02700043,18.13492393,16.81892776,4,7.50729333976202
-695285,2293795,164.763092,1283.052734,2,0.319999993,359.7502136,7.859545231,0.32275188,6,48.37575912,3.523742199,2.42090106,1,5.68045825889034
-745285,2243795,154.3728333,1547.685913,2,0.319999993,341.1203918,7.346700191,0.342119277,6,40.87400055,2.105157375,0.122292832,1,4.18974737556727
-945285,2103795,188.0402832,2335.718506,4,0.244081631,597.484436,4.623877525,0.430821657,5,50.31428528,6.857394695,-1.15384388,2,7.08650879622303
-795285,2253795,155.2662659,1610.94519,2,0.319999993,312.9424744,7.535999775,0.28547585,6,31.15263176,2.997944832,0.76276654,1,3.38254611581903
-75285,1603795,186.0377197,407.835022,2,0.371720433,894.6416626,13.78478527,0.655349374,6,82.78172302,1.323307037,0.421126187,1,9.07657050704178
-185285,1553795,172.7717133,403.7427368,2,0.360892862,804.7694092,14.6964283,0.428937584,7,85.71250153,1.488945603,-1.033973217,3,4.77823773194484
-895285,1303795,141.5181122,1957.069214,2,0.291399986,378.3009033,10.69935036,0.29246667,5,43.5359993,1.418795347,-0.570725679,2,3.53475290858625
-485285,1823795,138.0303345,1117.836304,2,0.319999993,497.4391174,10.63716698,0.480706811,7,88.5,0.841868937,0.471667767,3,6.95597328535677
-645285,1653795,155.2158508,1351.877197,2,0.370000005,377.9578857,11.97194958,0.288578838,6,57.40000153,4.035221577,0.820910156,1,4.67977679605199
-1195285,2353795,146.7385406,2198.942139,4,0.050000001,726.1798096,3.254300117,0.721705496,4,57,15.32548523,-5.668862343,4,18.1293494707072
-745285,1043795,192.0215607,941.8058472,2,0.217800006,325.598114,17.65105057,0.242936924,5,36.18399811,2.254076719,-1.294734716,2,1.37942745037616
-975285,1503795,218.0283508,2283.181152,3,0.330612242,414.3551331,7.357449055,0.420161337,5,62.71734619,6.244612694,-7.437910557,2,9.67420213386852
-215285,1583795,159.7408447,480.4349365,2,0.20723404,740.6809082,14.07425499,0.501249671,6,43.92872238,1.575864315,0.119972423,1,2.75606730132159
-655285,1313795,143.724823,1365.720459,2,0.297731966,443.3222046,13.89154625,0.346341491,6,60.68041229,1.330034018,-0.282668173,1,4.36660430759936
-805285,1883795,153.412323,2895.408447,3,0.143030301,588.6174927,4.247171879,0.646603048,4,40.89191818,14.88982391,-13.88609219,4,10.7746995740235
-865285,1163795,146.4598999,1950.489136,3,0.150800005,475.1199036,11.11474991,0.369006634,5,60.07300186,4.551726341,-3.172914505,2,4.63040239357085
-1045285,1953795,142.9169006,1981.904663,4,0.200000003,382.0443115,7.236149788,0.265300453,5,49.12400055,4.365813732,-1.70014894,2,2.94131948900651
-745285,1283795,162.6753693,1226.31958,2,0.276170224,384.4190063,14.57053185,0.306183398,5,35.17765808,1.519497275,-1.051148057,2,2.38331114540907
-475285,1633795,139.4159393,944.0618286,2,0.305957437,437.1760254,12.61196804,0.402075827,7,70.6787262,0.714678168,-0.022026302,3,3.0971050870766
-435285,1793795,145.6903687,975.2131348,2,0.319999993,500.2470703,11.15913296,0.405045897,7,88.48469543,0.934259653,0.237327456,3,7.15504506760584
-1085285,2203795,195.5152435,2077.766602,4,0.335399985,216.6871948,3.377949953,0.193992943,5,44.07600021,1.760955572,-0.744853437,2,2.64002252910719
-995285,1823795,195.9633789,2120.742676,3,0.222637355,450.4595642,8.048736572,0.571946502,4,62.6362648,13.94405079,-1.171207905,4,6.2858090032219
-1055285,2443795,217.6999512,2363.101074,4,0.151632652,475.2357178,4.058520317,0.403769851,6,57.43469238,10.50828838,-4.146459579,1,6.00914724560586
-25285,1553795,186.1397705,285.5202026,1,0.353896111,1015.066223,14.30155849,0.742096663,6,60.79090881,3.310686827,-0.295552701,1,8.90450627099424
-525285,1623795,139.6604309,1100.395264,2,0.305918366,434.6461487,12.39714241,0.354850173,6,71.88571167,0.950851083,-0.000023,1,4.03735740383072
-1135285,1483795,180.2282257,1958.214355,4,0.181818187,252.3820038,10.21277809,0.16348812,5,39.93636322,2.127895355,-3.571012974,2,1.99592551978709
-1015285,1373795,171.0289764,1781.748901,131,0.310600013,224.3316956,12.01589966,0.178474307,5,58.9679985,2.337576151,-0.886506915,2,2.14012383030454
-955285,1713795,175.1217957,3474.44165,4,0.115483873,830.7987671,-0.482311755,0.516178489,6,46.92150497,20.2963047,-0.165026024,1,10.5455841481809
-845285,2403795,128.7603149,1485.588623,2,0.319999993,330.0751343,7.374234676,0.333661407,5,55.33979416,2.940488338,-0.062872209,2,5.52764271620155
-695285,1913795,160.0725555,1512.613525,2,0.31583333,383.851593,9.688854218,0.286346316,7,61.28229141,1.56634438,1.080715537,3,3.71026041827114
-1055285,2023795,157.4385223,2046.065308,3,0.274399996,313.2192993,7.49849987,0.306007206,5,20.53499985,5.517044067,-2.724378109,2,3.66858833338251
-585285,1883795,134.6585999,1362.702271,2,0.163917527,439.8441467,9.855669975,0.446962178,6,12.77835083,1.237963438,0.440685838,1,4.31004148069896
-1055285,2513795,188.105957,2945.764404,5,0.083333336,946.5515747,-1.347828269,0.425216854,5,32.01010132,11.71782112,16.31957436,2,10.9793649838741
-1115285,2513795,163.7194519,2394.05249,4,0.161702126,534.4442749,1.705797911,0.637826085,4,49.18723297,12.60649681,-7.739922523,4,8.48678244958236
-1065285,1493795,193.6867218,1986.018188,3,0.363636374,247.603653,9.7952528,0.15700756,6,41.99292755,2.385130405,0.912740946,1,2.17668264207135
-865285,1743795,132.7079468,2707.359375,3,0.124148935,303.2292175,4.495532036,0.421681553,6,52.55744553,7.769634247,-12.82530975,1,6.77237091668161
-1195285,2123795,123.7029648,2136.662109,3,0.309186041,258.5140076,5.22296524,0.372998685,7,57.78023148,2.620509863,-1.334255576,3,6.04724901348234
-775285,1693795,133.1877899,2099.972168,3,0.198437497,554.0373535,8.710312843,0.61990428,4,46.33333206,7.745889187,-1.607234359,4,6.84660025827515
24715,1743795,174.4058533,333.5476685,2,0.384375006,948.8782959,12.60124969,0.73229748,7,81.07499695,1.608993888,-0.666242182,3,11.2104405440582
-685285,2353795,151.1776428,1289.857422,2,0.319999993,342.6274719,7.469192028,0.357741535,6,42,2.178584576,-0.338895261,1,5.11291525626178
-515285,1573795,150.2741241,1061.158813,2,0.20684211,462.5814209,12.92084217,0.383700162,6,36.40526199,1.2439816,0.123661287,1,3.43906014991853
-525285,1923795,153.8132172,1124.600342,2,0.157812506,463.0765076,10.49437523,0.530603409,6,11.47187519,1.414179921,0.041070443,1,3.26568196869493
-1195285,1133795,187.0292053,1305.856079,2,0.332399994,327.7002869,15.45075035,0.181922644,5,59.27600098,1.042248964,0.4433451,2,0.69425086687482
-465285,1893795,164.3741913,989.1831055,2,0.372142851,502.3913574,10.59622478,0.428481758,6,85.20101929,3.017528057,0.088907525,1,7.24740473179853
-285285,1763795,154.4858704,631.5715942,2,0.319999993,591.2420654,12.11480045,0.449906617,7,81.65200043,1.280329347,-1.102223873,3,7.81967533050886
-1135285,1333795,193.4974365,2171.619873,3,0.282828271,313.2511292,8.776161194,0.229416102,5,43.95757675,3.736160755,-2.340796232,2,4.93582731934793
-705285,1673795,135.2261353,1463.540161,2,0.301099986,328.4036865,11.64799976,0.259694427,6,72.85600281,1.191616178,-1.372186184,1,5.2922581548165
-325285,1873795,150.5205078,717.1532593,2,0.319999993,596.12677,10.96129227,0.525716901,7,84.86180115,2.429473877,0.164761826,3,6.67684461540518
-785285,1733795,132.1920319,1764.196411,2,0.274374992,373.4815063,10.60739613,0.331947178,6,56.43645859,2.773222685,-1.330462098,1,3.79657423589186
-1015285,1123795,153.7107697,1329.272339,5,0.270099998,284.4075928,15.63189983,0.192293927,5,36.25899887,1.009991646,-0.110898875,2,1.67506981943228
-725285,1483795,160.9748077,1823.116577,2,0.340999991,407.5752869,10.28005028,0.31741637,6,59.15000153,1.80285275,-0.225494206,1,3.49585469246698
-845285,1803795,152.372879,2824.558594,3,0.093999997,309.6700134,2.38045001,0.308885992,6,47.74000168,2.975812674,-3.61063838,1,3.29705163460333
-1095285,2213795,161.9839783,2055.302734,4,0.316823542,211.6395264,3.106705904,0.235638112,5,46.43999863,1.4304322,0.727136075,2,2.75694910680798
-1035285,1243795,136.417038,1781.985474,3,0.233636364,306.3818359,12.8269701,0.204826891,5,49.67272568,6.505276203,-0.207208753,2,3.58556663172899
-455285,1603795,167.5093231,916.4080811,2,0.268247426,466.7074585,12.85469055,0.42598924,6,63.85257721,1.249451995,-0.425856531,1,3.81709721155588
-1075285,2463795,181.2133179,2324,3,0.100000001,399.7516479,4.629796028,0.407292426,4,57.79999924,19.7778759,-0.180625707,4,8.62825321469431
-945285,1283795,194.2591858,1794.088257,3,0.135600001,371.6635132,12.15429974,0.229088247,5,35.17399979,2.526969433,-1.333080649,2,2.71451422054207
-835285,1183795,160.417099,1541.134033,2,0.185416669,381.1319275,13.68828106,0.265339285,5,61.58750153,6.456881523,1.132849097,2,4.75774001575561
-105285,1833795,166.433548,391.5389709,2,0.339642853,774.8444824,12.40363121,0.683016539,7,76.5357132,1.188549995,-0.579495966,3,9.58570567338707
-1145285,2223795,164.0719757,2167.719971,4,0.323500007,257.5257263,2.534549952,0.187849417,5,43.04999924,2.665378094,0.08931236,2,3.13686743610908
-95285,1623795,186.8520203,401.5539856,2,0.329277098,891.6765747,13.65903568,0.650283694,6,85.17469788,1.289478421,0.42209959,1,7.70458782477463
-575285,1933795,150.8539124,1278.991577,2,0.319999993,422.1431274,9.950515747,0.406821519,7,63.27835083,0.912153661,-0.21578753,3,4.87182786771634
-205285,1723795,134.1867218,542.1763306,2,0.319999993,707.1599731,12.94344044,0.474399,7,80.80000305,0.785101414,-0.183782399,3,5.70587289905662
-1075285,1643795,169.4804688,2179.990723,3,0.325670093,473.999939,8.046391487,0.440372556,4,56.64020538,9.173527718,-2.706506252,4,6.07517609765675
-1085285,2123795,190.3905334,2239.300293,4,0.278200001,284.9861755,4.893350124,0.306349158,5,40.73600006,8.680986404,5.611880302,2,3.81393283725393
4715,1643795,191.5827179,304.910553,2,0.364731193,985.7462769,13.3953228,0.708352685,7,80.9225769,1.722320199,-0.248372942,3,10.3615630415804
-1045285,1533795,173.8257294,2058.539063,4,0.101717174,262.9281006,9.232777596,0.187527359,5,46.03434372,2.982291222,-0.188502803,2,2.36048922122314
-865285,1713795,162.3513336,2325.06543,5,0.165157899,202.9311523,5.71884203,0.323558778,5,38.55578995,0.696862042,-0.316324115,2,2.00098266198521
-955285,1203795,131.8890533,1391.485718,133,0.2245,275.6252136,15.1157999,0.175348416,5,43.71500015,1.726917028,-7.168989658,2,2.54714167829151
-435285,1783795,167.9849396,939.6435547,2,0.319999993,493.4354858,11.35990047,0.37895444,7,87.67099762,1.483439803,-0.307658345,3,5.78559754843215
-1025285,1723795,191.4763794,3323.851318,131,0.066770837,937.9694824,0.064531267,0.408890605,3,51.62916565,25.88105965,5.489172935,,15.6999812069669
-995285,1573795,200.1731567,2191.904541,3,0.407676756,380.1504211,7.946010113,0.474255979,4,69.24646759,9.938887596,-3.403111219,4,4.08997913743102
-915285,2293795,178.1052856,1845.594238,4,0.248571426,234.4228516,5.874438763,0.218305901,5,34.29183578,2.065789223,-0.284555227,2,1.40489927649425
-805285,2433795,165.177002,1226.929688,2,0.319999993,347.6635742,7.148593903,0.328398675,6,51.46666718,5.96385622,1.968843699,1,7.56989142497151
-805285,1263795,147.1016846,1457.659912,2,0.400909096,347.7623291,14.12600994,0.222016156,6,58.24949646,1.586544156,-0.021855889,1,2.6164086336933
-1165285,2203795,158.9207153,2068.337646,4,0.285353541,219.1252594,3.733787775,0.198242277,5,40.71515274,3.223100901,1.068286777,2,2.87460326536522
-855285,2303795,194.6144104,1616.3302,2,0.367000014,301.3763123,7.310050011,0.225639731,6,62.4640007,3.126005411,2.173350811,1,4.13622821854833
-1015285,2103795,172.0646973,2103.423828,4,0.280000001,236.5958099,5.758399963,0.159134001,5,39.5,3.015227318,1.133894682,2,1.84833740427396
-1145285,2453795,196.9370575,2475.741455,5,0.168837205,975.3086548,1.002325535,0.586696208,5,44.2034874,6.423060894,-3.553535223,2,9.00579303818313
-1025285,2473795,130.5516663,1541.837769,4,0.319999993,254.7344666,7.146631718,0.407260209,5,47.8694725,4.511546135,-4.557659149,2,4.74602181208782
-525285,1853795,149.4481354,1165.773682,2,0.370918363,469.4351196,10.4605608,0.433514804,6,70.60204315,2.171036005,-0.049243592,1,5.13984342832599
-695285,1133795,128.2500458,1246.872681,2,0.200000003,409.950592,14.82505035,0.272356868,6,57,0.885502458,-0.096165657,1,3.49751579356169
-645285,1943795,129.7714233,1305.855103,2,0.231374994,362.1497498,9.831812859,0.632814765,7,51.14749908,1.017728806,-1.058726668,3,6.40899442813939
-975285,2203795,197.2459564,2169.613037,4,0.300999999,283.9142151,4.796999931,0.205488712,5,41.93500137,1.561249733,-0.970445395,2,2.80982977715696
-935285,1543795,187.6759033,2263.543213,3,0.430000007,371.3724976,7.005750179,0.272401065,5,68.59999847,3.467865467,-1.461875677,2,6.39081839154724
74715,1653795,147.1656799,323.6609802,2,0.342210531,1080.718384,13.42589474,0.690666437,7,74.41894531,1.067159891,0.5195719,3,10.6549117874228
-825285,2233795,152.1682892,1933.314453,2,0.276956528,416.0691223,6.447010994,0.495391548,5,49.71956635,9.676218033,-2.831031561,2,8.03268937727758
-985285,2193795,215.2403107,2089.520752,133,0.250400007,247.8573914,5.063650131,0.184583426,5,32.72200012,1.059983969,0.373594373,2,1.42613357619709
-1145285,2353795,142.4544983,2905.303955,5,0.050000001,666.3600464,-0.251515239,0.488842815,4,44.09999847,15.27985764,3.943015575,4,15.4516480791221
-1135285,1143795,178.9665222,1749.557617,3,0.170618564,401.1451721,13.22432995,0.24470894,5,50.35257721,4.100905418,-2.089747906,2,2.07277671689445
-565285,1633795,157.080307,1274.950928,2,0.370000005,430.6586914,12.1015625,0.325679153,7,76,1.312264204,-0.637500644,3,4.97792491277151
-1105285,2343795,201.5637207,3308.205566,5,0.050000001,797.5101929,-1.947239637,0.225048929,6,57.09999847,14.60583496,19.1753788,1,12.7482213937308
-875285,1623795,141.5501862,2338.025879,3,0.178928569,202.1551208,5.502440453,0.630228996,7,44.81785583,0.731328189,-0.457420796,3,7.10097057502866
-1065285,1083795,174.9863129,1292.371582,2,0.313854158,259.7623596,16.15197945,0.165755168,5,45.93333435,1.462586761,-0.638534665,2,1.50889063909581
-1035285,1693795,185.6097412,3300.450928,4,0.050000001,1057.197388,1.1984694,0.59048301,4,30.76122475,21.1212883,-6.830935955,4,22.2762274926662
-995285,2233795,166.2262115,2059.157715,4,0.326021492,328.5980225,5.230215073,0.252135426,5,41.46559143,2.617730618,-1.120540857,2,3.36851926791987
-915285,2143795,145.8809509,2037.800415,4,0.241649479,257.7784424,5.796185493,0.197728947,5,30.60412407,2.445221424,-0.405526817,2,1.55550142230006
-1155285,1583795,174.3179779,1851.110352,4,0.252400011,227.2756042,10.82999992,0.167503685,5,28.38800049,3.467147827,-4.478388786,2,2.11231852868179
-235285,1853795,197.6098785,526.1240845,2,0.319999993,625.6043091,11.55896759,0.498670459,7,81.44565582,1.607882619,-0.208052784,3,8.2919131360487
-505285,1583795,154.9976501,1029.960938,2,0.208555549,445.5679016,12.79950047,0.376833111,5,43.74000168,1.160559893,0.103922971,2,3.26494999008062
-865285,1683795,144.2120056,2307.724121,5,0.11302083,193.9132233,5.408176899,0.554732025,7,27.10833359,0.789641201,0.082290597,3,1.40316141581507
-215285,1603795,160.9450226,541.6992188,2,0.212020203,750.6439819,13.6748991,0.520840526,6,39.00403976,1.309943438,0.14444977,1,3.36488801457912
-815285,1193795,162.827652,1297.41687,2,0.191799998,356.9476929,14.55175018,0.233297244,6,62.29199982,1.603901029,-0.420746118,1,2.08973895835889
-935285,1363795,180.7561493,2237.581787,1,0.200000003,598.6687012,8.517475128,0.606996477,4,59.44242477,9.9500103,4.076743603,4,8.50034538458002
-1045285,1623795,155.7654419,1980.236694,3,0.212244898,375.9385986,9.026530266,0.416952729,4,53.42448807,8.023778915,-0.081533171,4,5.2310691643984
-665285,1863795,150.531601,1576.291138,2,0.291428566,398.1072693,9.304948807,0.329102099,6,61.17551041,3.044166327,-1.606178999,1,5.04818331178435
-865285,2033795,132.8809204,2483.623779,4,0.248901099,433.4306335,2.641923189,0.452045888,5,37.32637405,7.23863554,0.763753712,2,9.21412333840428
-685285,1173795,126.7444992,1267.09436,2,0.195600003,412.749115,14.46829987,0.311956972,6,43.59999847,0.882943809,0.27405867,1,3.31045047613278
-1095285,1263795,176.5021667,2261.454102,3,0.094700001,406.892395,9.230899811,0.268878371,4,47.69499969,10.6072731,-2.265280485,4,3.31969809993296
74715,1703795,166.7906647,297.9499207,2,0.355312496,1020.137207,13.15614605,0.719908893,7,83.76145935,2.093274593,0.323282033,3,11.9562232421851
44715,1573795,162.6383972,255.2496796,2,0.302736849,1119.336792,13.92226315,0.700617135,7,74.06947327,1.56238842,0.208582982,3,9.28487650699647
-1055285,1493795,177.8230591,1993.283447,3,0.365500003,246.7563324,9.636850357,0.156611636,6,42.20000076,2.257044554,-2.368868828,1,2.30801817928943
-195285,1823795,163.7973633,463.0342102,2,0.319999993,690.2327881,11.82051563,0.508238971,7,81.16907501,1.336094618,0.064145826,3,6.83127222315627
-925285,1063795,190.8507843,1535.722412,2,0.202500001,350.0205078,15.76410007,0.191554397,5,59.2140007,3.125418663,-0.801719844,2,1.771344534288
-755285,2133795,164.1590424,1684.044312,2,0.125333339,387.0027771,7.895777702,0.379440755,5,30.41333389,5.420610428,-2.065501928,2,5.45767904557566
-255285,1553795,148.8856201,483.7137146,2,0.272702694,665.5043945,14.31000042,0.501807272,6,47.70540619,1.819996953,-0.985903025,1,4.07275454652405
-505285,1873795,149.042923,1087.606201,2,0.31747368,476.0409851,10.61610508,0.392261952,7,85.15579224,2.563070536,0.367231786,3,4.78991905698098
-725285,1843795,149.8350677,2006.32373,2,0.177528083,501.6902466,8.216011047,0.43233481,6,33.12247086,2.69696188,0.022228051,1,4.39957238001575
-1045285,1343795,174.1514587,2057.983643,3,0.134200007,389.2767029,10.3593502,0.198728845,5,55.35699844,5.776534081,1.013907909,2,3.4031738394452
-425285,1623795,152.0823212,900.914917,2,0.319999993,496.8718872,12.60739326,0.451297194,7,75.5,0.78290987,-0.395755172,3,5.52688954370216
-685285,1583795,139.3904114,1825.53479,2,0.325500011,412.7207947,10.27875042,0.352807641,6,64.65299988,2.038189411,0.357923925,1,6.94767395897318
-895285,1953795,165.8724976,2927.745361,3,0.050000001,916.9741821,1.033906341,0.65692544,4,39.09999847,10.34011269,11.40018749,4,14.2718950521451
-1145285,2403795,177.8896942,2367.507324,4,0.356734693,880.6043091,2.072244883,0.692994416,4,42.00612259,10.76744366,-0.145113707,4,14.5923522967019
-565285,1743795,177.344986,1229.080444,2,0.142604172,382.6811829,11.13447952,0.395751476,6,25.14791679,0.97945565,-0.150154993,1,2.27700802543479
-965285,1133795,156.2749634,1200.257813,131,0.430000007,244.661377,16.35750008,0.091176569,3,54.20000076,0.739301145,-0.676501334,,1.14690198446694
-945285,2253795,215.4836273,2032.982544,4,0.306499988,253.0936737,5.89440012,0.224129826,5,42.50799942,4.396520138,0.719869673,2,1.63605806842871
-1085285,2413795,200.0766144,2987.943359,5,0.050000001,869.7104492,-0.491050005,0.326717824,4,45.58200073,30.58889198,-4.370103836,4,15.2953507331551
-185285,1813795,172.9795532,450.6298523,2,0.319999993,708.2301636,12.09952164,0.477417797,7,80.37340546,1.487222075,0.01331153,3,7.78400549770762
-695285,2183795,174.1531372,1451.956177,2,0.2192,335.5014954,7.928949833,0.351128787,6,35.43500137,2.204249144,1.355598092,1,3.37026102994046
-885285,2373795,171.2062988,2394.950684,4,0.050000001,546.5629883,2.788300037,0.566610932,5,56.29999924,9.836353302,-1.963626742,2,12.54456787287
-55285,1673795,180.8887939,450.8204041,2,0.387731969,858.4614258,12.84139156,0.677470267,6,82.09690857,1.474224329,-0.252751052,1,13.1811883972271
-795285,1843795,147.7927551,2473.125488,1,0.097448982,619.3665771,5.909336567,0.509739399,4,33.28979492,14.99043941,0.699480891,4,9.67780583333181
-695285,1683795,140.3588562,1398.646606,2,0.273200005,312.4577026,11.68715,0.256807834,6,61.42100143,1.200473428,0.748685479,1,2.89099520282247
-505285,1863795,163.9341278,1100.452148,2,0.268571436,475.1411438,10.61132622,0.430133849,6,63.25510025,2.420790672,-1.017576218,1,3.45191161142196
-1045285,1813795,158.2164612,1621.483765,3,0.200112358,230.0862732,10.70089912,0.203506351,5,67.88652039,5.67916441,-0.082264438,2,4.73926077922176
-5285,1743795,160.6825714,381.8808899,2,0.426250011,918.6013184,12.4102602,0.727779031,6,82.25624847,1.607436657,-0.271008044,1,11.2358863054354
-1125285,2133795,207.9577179,1946.072266,4,0.328421056,208.2667389,5.984210491,0.174476951,5,40.64421082,2.743010283,-0.901649356,2,1.44877093994755
-695285,1603795,178.321167,1684.769043,2,0.370000005,374.5816956,10.84305,0.296600878,6,65.39800262,2.226681471,-0.705686867,1,7.10297580404214
-775285,1503795,158.6162415,1885.808472,2,0.414646477,457.2166748,9.845151901,0.327438265,6,72.36767578,2.517196894,1.026644707,1,6.55808491120528
-1145285,2413795,188.7611847,2441.261963,5,0.370000005,967.6519775,1.429218769,0.655313194,4,47.09999847,13.21988201,0.528167188,4,12.5557572393194
-965285,1143795,154.2171783,1196.141235,131,0.430000007,243.9963531,16.38929939,0.071391918,3,54.20000076,0.742674053,-0.079439916,,1.26679928971525
-685285,1593795,143.7093506,1763.50769,2,0.361111104,398.8111267,10.51398945,0.31626603,6,74.23232269,2.185680151,-2.097441435,1,7.51282680433546
-605285,1603795,118.7543106,1481.993042,2,0.193092778,430.0836487,11.51484489,0.316824019,7,38.76907349,1.137853265,0.507553816,3,3.53088919685086
-1075285,2233795,198.4226227,2262.759277,4,0.249278352,303.6278687,2.454072237,0.26155439,5,37.04020691,3.493451118,-5.20245266,2,4.27873418966177
-645285,1383795,185.3959808,1175.755737,2,0.27448979,432.5515442,14.16244888,0.282815695,5,45.97653198,2.327094793,-0.123296194,2,1.11437909087512
-895285,2293795,149.060257,1821.268188,4,0.308499992,275.648468,6.479849815,0.237859026,5,38.35699844,2.655863047,-1.277494073,2,2.15822947702344
-685285,1193795,134.0958099,1298.896118,2,0.152631581,409.8493042,14.41910553,0.338659912,6,21.86315727,0.934117198,-0.007941067,1,2.41465603328021
-1145285,2383795,190.9489288,2635.138428,4,0.370000005,946.2232666,0.474845409,0.660176754,4,47.09999847,16.69284248,-0.227975562,4,14.1409879962071
-885285,1073795,164.9533997,1402.863159,133,0.347000003,317.8923035,15.47385025,0.185343638,5,75.13999939,1.947610497,-3.709950686,2,4.85154744073516
-575285,1913795,139.7259064,1293.502808,2,0.22223404,435.91922,10.04122353,0.459839255,6,31.0861702,1.330673695,0.312438667,1,3.81982027938538
-145285,1813795,175.2182465,441.2487793,2,0.363298982,762.9147339,12.23288631,0.545069993,7,81.00102997,1.588783383,0.378859073,3,7.533433466736
-875285,1253795,154.8674469,1933.811768,2,0.370599985,403.9258118,11.13444996,0.27796793,6,57.73799896,2.296869993,-0.391774744,1,4.22709628532529
-665285,2253795,151.6070404,1316.669189,2,0.32765305,419.9919739,7.745101929,0.377333075,6,71.1397934,3.858300447,2.761891127,1,10.3819790827398
94715,1793795,163.3923492,285.5433044,2,0.340000004,990.7666626,12.37944412,0.735856593,7,79.91777802,2.187963963,0.460486919,3,10.0141834888813
-1085285,1223795,158.7621002,2279.391602,1,0.2377,454.8478088,9.940099716,0.379438728,4,44.14099884,8.999471664,5.173195839,4,3.91381201974147
-1085285,2293795,183.5074158,3262.364258,5,0.050000001,1003.171021,-1.400159597,0.253700674,6,57.09999847,18.15338326,15.47848701,1,12.9642516289953
-725285,1503795,163.4644318,1894.501221,2,0.319999993,418.3242188,9.788469315,0.328430831,6,62.09999847,1.309036136,0.905389071,1,5.58248332078755
-665285,2183795,168.7022247,1446.307983,2,0.189500004,378.8226013,7.629300117,0.386472195,6,27.15699959,1.888589144,-0.511656582,1,4.5304477184692
-575285,1883795,123.3234482,1324.275024,2,0.164900005,443.3977966,10.00739956,0.415091783,6,13.70199966,1.069333553,0.218182355,1,3.98609702292116
-715285,1113795,162.5077515,1255.918945,2,0.190099999,398.2435913,15.44524956,0.266961962,6,42.15200043,1.219536543,0.612910211,1,3.06769307547472
-805285,1353795,155.8187866,1607.346802,2,0.322100013,381.3775024,13.04004955,0.256304532,6,46.43999863,4.706044674,-1.502013206,1,3.78186828794509
-1105285,2413795,188.9495697,3047.157227,5,0.050000001,966.5297852,-1.932580709,0.286627173,4,43.70752716,22.79182434,-3.899002552,4,14.850245243276
-875285,2463795,157.6435699,1463.397339,2,0.331224501,522.9866333,6.618112087,0.583222032,5,59.06632614,6.426229,-1.680107594,2,10.8165978496699
-1095285,2413795,172.2690277,2950.936523,5,0.050000001,871.9053345,-1.020799994,0.34926039,5,43.9659996,26.50633812,11.66275024,2,13.0366749795512
-1075285,1363795,174.6041565,2391.601318,1,0.164800003,397.7058105,8.427550316,0.361582011,4,54.22200012,6.541058064,5.266313076,4,4.57473072605003
-1175285,1253795,200.3511658,1966.99646,3,0.240199998,471.5647888,10.90260029,0.436442643,4,52.22999954,12.55212402,2.394219398,4,4.2230288707623
-1015285,1653795,172.6090698,2536.490479,3,0.214395598,735.7498169,5.447692394,0.644152164,4,27.21868134,16.49114037,3.464684486,4,13.2569002912476
-625285,1743795,173.7939758,1394.675659,2,0.315204084,378.5990906,10.65045929,0.294634342,6,70.34489441,1.002088666,0.673801363,1,5.39917025845148
-845285,1643795,166.7039642,2317.595947,3,0.150000006,209.2056122,5.530051231,0.183449462,5,28.14795876,0.791040123,-0.191996649,2,1.34779887855631
-1125285,1703795,186.9878082,2009.879639,4,0.315050513,352.4382935,8.41444397,0.314828515,5,52.10100937,3.873757362,-1.054432988,2,3.17950892718507
-1075285,2193795,186.2154541,2200.613525,4,0.267800003,246.145874,3.6410501,0.249055877,5,36.66199875,6.948302746,0.75721091,2,3.7141513994169
-305285,1773795,164.1338196,680.1989746,2,0.347272724,592.4393311,11.87460232,0.445958287,6,76.62272644,1.868420124,-0.48259902,1,7.51372046269658
104715,1653795,177.5198822,272.4052734,2,0.370624989,1115.888306,13.56802082,0.719537556,7,80.43958282,1.333551764,-0.823259413,3,11.1190097485138
-935285,1713795,157.4165955,3391.962402,3,0.107717395,654.835144,0.929510832,0.524678171,4,48.8923912,15.42835903,-2.386425734,4,9.97733654634074
-1175285,1363795,217.3596802,2014.12854,3,0.354000002,327.4548035,9.900050163,0.193211377,5,40.76300049,3.473416567,-3.35158658,2,2.55038833650717
-1035285,2363795,180.1280365,2265.991699,4,0.349299997,449.4140015,3.882849932,0.408704549,5,57.30400085,14.73861408,5.081197739,2,6.71739251043922
-785285,1473795,132.9051971,2002.590576,2,0.319700003,493.2974854,9.168749809,0.383487493,6,59.08499908,3.535490513,-1.746830583,1,5.61156389392868
-835285,1483795,185.3437347,2511.39502,3,0.217731953,595.6234131,6.412010193,0.617164731,4,59.75154495,14.04228497,5.062525272,4,7.8137581477998
-605285,2003795,175.5536346,1290.28894,2,0.252903223,427.2947998,9.204193115,0.395292878,6,55.95268631,1.519232035,-0.222936377,1,3.31275877726894
-845285,1153795,159.8841553,1670.816895,2,0.118000001,418.6943054,12.9045496,0.262114644,6,61.87099838,5.579603195,0.734386325,1,4.57126357189843
-835285,1263795,142.9675598,1616.561646,2,0.370000005,359.088501,13.14939976,0.225138649,6,59.5,2.130173445,-0.660470784,1,3.48944364575559
-1025285,1793795,213.3412933,1738.789307,3,0.155154645,232.3534241,9.88824749,0.349768966,5,83.38247681,3.929873705,-2.703561783,2,5.3896394078715
-755285,2453795,170.1894684,1234.430542,2,0.319999993,404.6047058,7.367199898,0.408938974,6,44.55899811,4.544098854,0.090899013,1,7.56047841251902
-975285,2373795,149.1530762,1358.294678,4,0.344468087,310.6795349,7.84138298,0.27270785,5,52.62553024,4.122615814,-0.872087896,2,3.1325633199838
-785285,1883795,152.8864594,2211.775879,3,0.123473682,508.1007996,7.087894917,0.572909057,4,36.42842102,14.12589073,11.51806641,4,7.43035028368574
-1105285,2363795,150.3292847,2672.522461,4,0.095416665,542.1172485,1.057864666,0.567395747,4,57.14270782,12.5089817,3.648794174,4,9.29038786855987
-875285,2073795,187.7528839,2407.315186,4,0.232421055,460.8346863,3.864894629,0.489710212,5,46.85473633,8.240731239,5.299672604,2,7.46156400056858
-775285,1153795,122.0885849,1058.465454,2,0.430000007,358.0783691,15.54420185,0.505226254,7,62.72446823,0.826113462,-0.309304237,3,5.81170343230343
-775285,2053795,133.3875427,2416.869385,4,0.173789471,487.6380615,4.667789459,0.455683827,5,35.58105087,4.313278198,-0.712888122,2,9.73919620596799
-285285,1683795,140.3284302,639.3520508,2,0.319999993,623.5009155,12.89668465,0.508931041,7,84.01473999,0.620331466,-0.056469925,3,6.8700983895921
-715285,1213795,190.3350677,1337.044922,2,0.1875,403.4912109,14.20930004,0.330200672,6,18.625,1.090392232,0.047918931,1,1.3624713680565
-145285,1823795,187.0672913,469.864563,2,0.341428578,753.0570068,11.79918385,0.585410714,6,80.56326294,2.083795547,0.596356511,1,7.69762397467304
-675285,2133795,138.2923584,1289.920776,2,0.328461528,370.3373413,8.864285469,0.486280441,6,46.76373672,1.24100709,1.084454417,1,7.03504074358405
-835285,1563795,168.7382507,3080.163574,3,0.145454541,683.0220337,2.816767693,0.582707405,4,46.57070541,23.72982979,-3.050593138,4,13.1942942002644
-1115285,1583795,168.0620728,1610.196411,3,0.428499997,202.1490936,11.56400013,0.117052466,5,51.67699814,3.158730984,-0.267607719,2,2.34223709159007
-645285,2443795,132.3515625,1077.951172,2,0.287676781,454.808197,7.479545593,0.525919437,5,66.46969604,2.97151494,-0.113073289,2,7.30203591612101
-115285,1613795,167.2359314,390.3521118,2,0.308888882,824.1898804,13.9760313,0.608391404,6,55.49365234,1.045909762,-0.761097372,1,7.07067237163863
-655285,2283795,151.9036407,1221.120605,2,0.370000005,417.1682739,7.953228951,0.356908768,6,78,2.317570686,0.52867645,1,6.83554615539283
-845285,2173795,156.864975,2206.780029,4,0.319999993,370.684845,4.459040642,0.27191481,5,50.5494957,4.7552104,-0.368474692,2,4.97375177512816
-655285,1193795,146.800293,1222.232056,4,0.208282828,433.37677,14.44924259,0.358319581,5,26.79494858,0.958591521,-0.289228916,2,2.94383920543177
-735285,2403795,129.3670654,1348.815063,2,0.348125011,396.8247375,7.10583353,0.391790509,5,51.67499924,3.212284088,1.389156103,2,6.25593221795584
54715,1863795,182.9327393,318.3533936,2,0.282783508,930.7763672,11.95154667,0.776687264,7,87.83608246,2.277656317,0.285318851,3,6.24281588286779
-1085285,1833795,139.3340149,2488.206787,3,0.200000003,436.9812927,6.29034996,0.65593034,4,47.83399963,7.859274864,9.921532631,4,7.95310054913559
-1115285,2213795,122.0821457,2066.123291,4,0.319999993,214.7243958,3.13499999,0.175898343,5,36.40000153,1.073375821,-0.318535149,2,3.16062987116177
-1005285,1683795,179.5581512,3528.730225,131,0.053061225,1049.956665,-0.233979523,0.412111998,4,28.48469353,27.15636063,3.450965166,4,16.0396215963228
-1035285,2173795,155.626297,2043.784912,4,0.253699988,200.8013,5.01914978,0.172127381,5,37.06200027,1.013890743,-0.302437544,2,2.21651478144382
-1105285,2163795,184.1571655,2082.206543,4,0.319999993,222.8437042,4.842350006,0.189419523,5,35.37599945,2.717036724,-0.294033736,2,2.02355770970344
-995285,1903795,193.040863,1919.300293,3,0.241684213,403.7737427,8.054368019,0.413191736,4,47.26947403,11.0532093,-2.043881655,4,3.99987658955997
-815285,1033795,147.4324799,1662.696655,2,0.16606383,485.995697,14.06436157,0.352567911,5,50.39149094,13.19491577,-6.888962746,2,6.05085295586658
-75285,1823795,158.447113,401.1220093,2,0.357499987,819.4608154,12.23375034,0.625507414,6,81.03749847,2.366557598,0.77336061,1,9.67382073680087
-1165285,1063795,121.2212601,1413.040161,2,0.272799999,306.9039917,15.37975025,0.173225164,5,58.86000061,2.792680264,1.430068016,2,2.21488777565355
-695285,2443795,169.1260834,1315.365845,2,0.293195873,458.8041687,6.979794025,0.567294657,4,63.57216644,5.265857697,2.543751717,4,9.3000820086571
-885285,2163795,193.1848297,1982.642944,4,0.319999993,292.4051208,6.150069237,0.186474502,5,50.53888702,2.829311371,1.606302857,2,2.25904419775964
-515285,1853795,163.9470978,1150.161011,2,0.314700007,473.5640869,10.53505039,0.454425871,7,80.47100067,1.849385619,0.130108625,3,3.60743297729684
-675285,1473795,163.7171478,1506.533569,2,0.285050511,407.8366699,11.97984886,0.304396123,6,53.73939514,4.147120953,0.64117372,1,3.14025687722503
-675285,1813795,131.8047638,1800.354004,2,0.273124993,412.6567078,8.573854446,0.373172224,6,50.86562347,1.404467225,0.205883309,1,4.63033171904376
-1145285,2283795,160.2545471,2221.137207,4,0.361477286,313.2360535,1.664772749,0.293268263,5,53.25454712,3.869952917,2.833902121,2,4.89620916866549
-655285,1393795,157.260788,1176.591187,2,0.256199986,425.9502869,14.2507,0.271376073,5,41.99499893,2.46546483,0.070912987,2,1.84229555125171
-535285,1753795,153.658493,1251.841919,2,0.319999993,420.5212402,10.82647991,0.339151949,7,81.09999847,1.637611151,0.081346288,3,5.16740687724439
-475285,1693795,162.2352905,1026.094116,2,0.319999993,462.1275635,11.78454113,0.370908201,7,78.61326599,1.067619801,0.31963551,3,5.13502953124712
-255285,1683795,121.7709351,605.6264648,2,0.20708333,649.3221436,13.13104153,0.574132502,7,34.78125,0.649252713,0.21298115,3,4.83220022876924
-1175285,2243795,119.715683,2645.572266,4,0.139599994,762.0037231,1.55430007,0.54224211,5,46.32400131,11.519907,8.893311501,2,9.68358591317792
-885285,1913795,184.4562988,3017.492188,3,0.055108696,703.8034058,1.701630354,0.696428955,4,38.77391434,16.29917336,9.840542793,4,20.0864484500961
-905285,1803795,162.8903198,3081.464111,4,0.203902438,522.1212158,0.892012179,0.554301202,4,38.75365829,11.79485512,-4.301170826,4,7.90024252903962
-775285,1573795,171.5848846,2374.911621,3,0.150000006,527.382019,7.511199951,0.558830917,4,34.09999847,9.543282509,2.140079498,4,5.79050285915853
-965285,1993795,185.1507111,2104.062012,3,0.238399997,535.7766724,5.929349899,0.596955657,5,50.85599899,10.16523933,0.626389503,2,6.4164128991252
-1065285,1803795,172.2003784,2176.33667,3,0.271499991,279.3403931,8.828700066,0.371946126,4,59.95500183,12.96131516,1.707677126,4,4.66541953330747
-985285,1213795,155.8561554,1451.195068,133,0.328599989,255.7777405,14.61435032,0.172009304,5,51.68999863,0.93054074,-1.032617092,2,1.64209706409606
-1105285,1063795,143.3247223,1283.316528,2,0.402903229,261.130188,16.20623589,0.191460252,5,62.24193573,0.985471547,-0.312225074,2,2.15311777153409
-965285,1573795,168.3233185,2312.942383,3,0.430000007,467.8641052,6.329800129,0.522538424,4,72.84500122,7.878428459,-1.337341666,4,7.30383661349204
-675285,1843795,159.4674835,1717.456055,2,0.337244898,410.2278748,8.894898415,0.380737484,6,64.5418396,2.434103251,0.569454432,1,6.1127818853035
-205285,1693795,148.9236908,527.1881714,2,0.250210524,713.3167725,13.16378975,0.550024092,7,50.3884201,0.920657337,-0.118147105,3,5.34921767034594
-945285,1723795,161.1548309,3426.856201,4,0.084204547,637.7985229,0.617272675,0.561776817,4,48.22499847,13.11343479,12.58925629,4,12.1612341918682
-635285,1823795,171.3535919,1613.251221,2,0.319999993,400.1617432,9.07081604,0.360186547,6,65.05714417,1.882652521,0.503650427,1,5.02112505686054
-35285,1723795,164.7188263,392.8165283,2,0.360833347,911.1272583,12.47479153,0.698491156,6,84.7260437,2.217000961,0.760102749,1,13.0596194158895
-695285,1273795,161.0354767,1272.408447,2,0.196145833,422.5918274,14.23062515,0.323354542,6,25.31979179,1.719785094,0.184259996,1,2.42078964590406
-445285,1683795,123.9062881,921.8777466,2,0.319999993,485.3022461,12.05891323,0.602477491,7,77.46739197,0.758082747,-0.186963171,3,6.40358418449428
-185285,1853795,162.110321,497.2793274,2,0.319999993,691.8282471,11.38790321,0.53911525,7,77.83441162,1.689440012,-0.314339966,3,9.65613721955789
-795285,2323795,162.3140106,1619.573975,2,0.319999993,368.4581909,6.469749928,0.363511026,6,50.58499908,2.70072937,1.163309097,1,6.43239710284668
-1115285,1393795,172.2728577,2244.60498,3,0.239999995,380.273407,8.344949722,0.25250423,5,41.29999924,2.99282527,-1.628442526,2,3.31980942545879
-1055285,1673795,208.3705292,3236.433594,3,0.051224489,1000.124023,1.946938753,0.6543203,4,24.67142868,16.39056206,2.839726448,4,20.852253181049
-905285,1263795,193.0527649,1851.093506,2,0.390399992,388.5061035,11.64389992,0.229607671,6,60.09199905,2.526408195,0.986190975,1,3.51407959215434
-775285,2153795,167.4752197,2176.410645,4,0.210600004,447.1593933,5.084300041,0.404081762,5,38.88000107,8.219947815,6.441190243,2,6.36463119997629
-905285,1843795,166.5796661,3589.162842,4,0.094767444,808.855835,-2.17750001,0.432094574,6,34.72093201,23.67299271,2.24876523,1,11.6604803702372
